Dealer Name,Dealer Code,Town Name,Purchase Order Number,Order Date,Order Status,Order Subtype,Product Category,Part Number,Product Description,Order Quantity,Order Value,Supplier Code,Invoice Date,Invoice Quantity,Invoice Value,GRN Invoice Number,GRN Invoice Date
11885 - AMAN AUTOMOTIVES,11885,GHAZIABAD,11885-03-PLPO-0824-304,08-03-2024,SO Generated,VOR,HHML Parts,12200AAF400S,"""HEAD COMP., CYLINDER""",1,2376.23,30008,08-06-2024,1,2143.84,11885-03-PGRN-0824-403,08-09-2024
11885 - AMAN AUTOMOTIVES,11885,GHAZIABAD,11885-03-PLPO-0824-304,08-03-2024,SO Generated,VOR,HHML Parts,13000KWS900S,CRANK SHAFT COMP.,1,4111.41,30008,08-06-2024,1,3738.68,11885-03-PGRN-0824-403,08-09-2024
11885 - AMAN AUTOMOTIVES,11885,GHAZIABAD,11885-03-PLPO-0824-304,08-03-2024,SO Generated,VOR,HHML Parts,14711KWB600S,VALVE INLET,1,79.62,30008,08-06-2024,1,71.83,11885-03-PGRN-0824-403,08-09-2024
11885 - AMAN AUTOMOTIVES,11885,GHAZIABAD,11885-03-PLPO-0824-304,08-03-2024,SO Generated,VOR,HHML Parts,14721KVY900S,VALVE EXHAUST,1,227.36,30008,08-06-2024,1,205.13,11885-03-PGRN-0824-403,08-09-2024
11885 - AMAN AUTOMOTIVES,11885,GHAZIABAD,11885-03-PLPO-0824-304,08-03-2024,SO Generated,VOR,HHML Parts,3310AKZAW01S,LIGHT ASSY. HEAD,1,654.49,30008,08-06-2024,1,595.15,11885-03-PGRN-0824-403,08-09-2024
11885 - AMAN AUTOMOTIVES,11885,GHAZIABAD,11885-03-PLPO-0824-304,08-03-2024,SO Generated,VOR,HHML Parts,61300KZAW00ZCS,FRONT VISOR(NH-1 TYPE-3),1,709.99,30008,08-06-2024,1,640.56,11885-03-PGRN-0824-403,08-09-2024
11885 - AMAN AUTOMOTIVES,11885,GHAZIABAD,11885-03-PLPO-0824-304,08-03-2024,SO Generated,VOR,HHML Parts,77240KZAW00ZCS,R SIDE COWL(BLK NH-1 (TY-3),1,615.6,30008,08-06-2024,1,555.4,11885-03-PGRN-0824-403,08-09-2024
11885 - AMAN AUTOMOTIVES,11885,GHAZIABAD,11885-03-PLPO-0824-304,08-03-2024,SO Generated,VOR,HHML Parts,77250KZAW00ZCS,L SIDE COWL(BLK NH-1 (TY-3),1,615.6,30008,08-06-2024,1,555.4,11885-03-PGRN-0824-403,08-09-2024
11885 - AMAN AUTOMOTIVES,11885,GHAZIABAD,11885-03-PLPO-0824-304,08-03-2024,SO Generated,VOR,HHML Parts,77280KZAW00ZCS,CENTER REAR. COWL(BLACK NH1(TYPE-3),1,82.08,30008,08-06-2024,1,74.05,11885-03-PGRN-0824-403,08-09-2024
11885 - AMAN AUTOMOTIVES,11885,GHAZIABAD,11885-03-PLPO-0824-304,08-03-2024,SO Generated,VOR,HHML Parts,83500KZAW00ZCS,R SIDE COVER(BLK NH1(TY-3),1,583.59,30008,08-06-2024,1,526.52,11885-03-PGRN-0824-403,08-09-2024
11885 - AMAN AUTOMOTIVES,11885,GHAZIABAD,11885-03-PLPO-0824-304,08-03-2024,SO Generated,VOR,HHML Parts,83550KZAW00S,R SIDE SUB,1,94.39,30008,08-06-2024,1,85.16,11885-03-PGRN-0824-403,08-09-2024
11885 - AMAN AUTOMOTIVES,11885,GHAZIABAD,11885-03-PLPO-0824-304,08-03-2024,SO Generated,VOR,HHML Parts,83600KZAW00ZCS,L SIDE COVER(BLK NH1(TY-3),1,583.59,30008,08-06-2024,1,526.52,11885-03-PGRN-0824-403,08-09-2024
11885 - AMAN AUTOMOTIVES,11885,GHAZIABAD,11885-03-PLPO-0824-304,08-03-2024,SO Generated,VOR,HHML Parts,83650KZAW00S,L SIDE SUB,1,82.08,30008,08-06-2024,1,74.05,11885-03-PGRN-0824-403,08-09-2024
11885 - AMAN AUTOMOTIVES,11885,GHAZIABAD,11885-03-PLPO-0824-304,08-03-2024,SO Generated,VOR,HHML Parts,K12121KZAAW00S,"KIT, CYLINDER",1,1641.61,30008,08-06-2024,1,1481.06,11885-03-PGRN-0824-403,08-09-2024
11885 - AMAN AUTOMOTIVES,11885,GHAZIABAD,11885-03-PLPO-0824-307,08-03-2024,SO Generated,STD,HHML Parts,11395AAH000S,GASKET L CRANK CASE COVER,5,292.2,30008,08-03-2024,5,265.7,11885-03-PGRN-0824-396,08-09-2024
11885 - AMAN AUTOMOTIVES,11885,GHAZIABAD,11885-03-PLPO-0824-307,08-03-2024,SO Generated,STD,HHML Parts,11395ACK01099S,GASKET L CRANK CASE COVER,15,563.55,30008,08-03-2024,15,512.4,11885-03-PGRN-0824-396,08-09-2024
11885 - AMAN AUTOMOTIVES,11885,GHAZIABAD,11885-03-PLPO-0824-307,08-03-2024,SO Generated,STD,HHML Parts,12100AAN410S,CYLINDER COMP.,1,1969.93,30008,08-03-2024,1,1777.28,11885-03-PGRN-0824-396,08-09-2024
11885 - AMAN AUTOMOTIVES,11885,GHAZIABAD,11885-03-PLPO-0824-307,08-03-2024,SO Generated,STD,HHML Parts,12100ABG000S,CYLINDER,2,2864.6,30008,08-03-2024,2,2584.46,11885-03-PGRN-0824-396,08-09-2024
11885 - AMAN AUTOMOTIVES,11885,GHAZIABAD,11885-03-PLPO-0824-307,08-03-2024,SO Generated,STD,HHML Parts,12209AAN410S,SEAL VALVE STEM,10,267.1,30008,08-03-2024,10,242.9,11885-03-PGRN-0824-396,08-09-2024
11885 - AMAN AUTOMOTIVES,11885,GHAZIABAD,11885-03-PLPO-0824-307,08-03-2024,SO Generated,STD,HHML Parts,12361035000S,HOLE CAP TAP.ADJST.,6,145.26,30008,08-03-2024,6,132.06,11885-03-PGRN-0824-396,08-09-2024
11885 - AMAN AUTOMOTIVES,11885,GHAZIABAD,11885-03-PLPO-0824-307,08-03-2024,SO Generated,STD,HHML Parts,12391AAH00099S,GASKET CYL HEAD COVER,5,29.2,30008,08-03-2024,5,26.55,11885-03-PGRN-0824-396,08-09-2024
11885 - AMAN AUTOMOTIVES,11885,GHAZIABAD,11885-03-PLPO-0824-307,08-03-2024,SO Generated,STD,HHML Parts,12391AAT00099S,GASKET CYLINDER HEAD COVER,5,104.35,30008,08-03-2024,5,94.9,11885-03-PGRN-0824-396,08-09-2024
11885 - AMAN AUTOMOTIVES,11885,GHAZIABAD,11885-03-PLPO-0824-307,08-03-2024,SO Generated,STD,HHML Parts,12394AAT00099S,GASKET CYLINDER HEAD R SIDE COVER,5,62.6,30008,08-03-2024,5,56.95,11885-03-PGRN-0824-396,08-09-2024
11885 - AMAN AUTOMOTIVES,11885,GHAZIABAD,11885-03-PLPO-0824-307,08-03-2024,SO Generated,STD,HHML Parts,12395AAH00099S,GASKET CYL HEAD L SIDE COVER,10,125.2,30008,08-03-2024,10,113.9,11885-03-PGRN-0824-396,08-09-2024
11885 - AMAN AUTOMOTIVES,11885,GHAZIABAD,11885-03-PLPO-0824-307,08-03-2024,SO Generated,STD,HHML Parts,13000AAF400S,CRANK SHAFT COMP.,1,3798.36,30008,08-03-2024,1,3454.01,11885-03-PGRN-0824-396,08-09-2024
11885 - AMAN AUTOMOTIVES,11885,GHAZIABAD,11885-03-PLPO-0824-307,08-03-2024,SO Generated,STD,HHML Parts,13011AAF00099S,"""KIT, RING PISTON STD""",1,292.21,30008,08-03-2024,1,263.63,11885-03-PGRN-0824-396,08-09-2024
11885 - AMAN AUTOMOTIVES,11885,GHAZIABAD,11885-03-PLPO-0824-307,08-03-2024,SO Generated,STD,HHML Parts,13115001000S,PISTON PIN CLIP,40,334,30008,08-03-2024,40,303.6,11885-03-PGRN-0824-396,08-09-2024
11885 - AMAN AUTOMOTIVES,11885,GHAZIABAD,11885-03-PLPO-0824-307,08-03-2024,SO Generated,STD,HHML Parts,14100AAF400S,"""SHAFT COMP,CAM""",1,659.49,30008,08-03-2024,1,599.71,11885-03-PGRN-0824-396,08-09-2024
11885 - AMAN AUTOMOTIVES,11885,GHAZIABAD,11885-03-PLPO-0824-307,08-03-2024,SO Generated,STD,HHML Parts,14100AAHH41S,SHAFT COMP CAM,1,627.77,30008,08-03-2024,1,570.86,11885-03-PGRN-0824-396,08-09-2024
11885 - AMAN AUTOMOTIVES,11885,GHAZIABAD,11885-03-PLPO-0824-307,08-03-2024,SO Generated,STD,HHML Parts,14401AAG00099S,SILENT CHAIN ASSEMBLY,1,229.57,30008,08-09-2024,1,208.76,11885-03-PGRN-0824-421,8/14/2024
11885 - AMAN AUTOMOTIVES,11885,GHAZIABAD,11885-03-PLPO-0824-307,08-03-2024,SO Generated,STD,HHML Parts,14430AAT000S,ARM COMP VALVE ROCKER,2,451.44,30008,08-09-2024,2,407.3,11885-03-PGRN-0824-421,8/14/2024
11885 - AMAN AUTOMOTIVES,11885,GHAZIABAD,11885-03-PLPO-0824-307,08-03-2024,SO Generated,STD,HHML Parts,14430KST940S,ARM COMP VALVE ROCKER,1,220.8,30008,08-03-2024,1,199.2,11885-03-PGRN-0824-396,08-09-2024
11885 - AMAN AUTOMOTIVES,11885,GHAZIABAD,11885-03-PLPO-0824-307,08-03-2024,SO Generated,STD,HHML Parts,14451KST940S,SHAFT ROCKER ARM,2,36.12,30008,08-03-2024,2,32.58,11885-03-PGRN-0824-396,08-09-2024
11885 - AMAN AUTOMOTIVES,11885,GHAZIABAD,11885-03-PLPO-0824-307,08-03-2024,SO Generated,STD,HHML Parts,14550GB0910RS,PUSH ROD COMP.TENS.,6,502.32,30008,08-03-2024,5,377.65,11885-03-PGRN-0824-396,08-09-2024
11885 - AMAN AUTOMOTIVES,11885,GHAZIABAD,11885-03-PLPO-0824-307,08-03-2024,SO Generated,STD,HHML Parts,14550GB0910RS,PUSH ROD COMP.TENS.,6,502.32,30008,08-09-2024,1,75.53,11885-03-PGRN-0824-421,8/14/2024
11885 - AMAN AUTOMOTIVES,11885,GHAZIABAD,11885-03-PLPO-0824-307,08-03-2024,SO Generated,STD,HHML Parts,15410AAF40099S,ELEMENT OIL FILTER,32,2083.52,30008,08-03-2024,32,1894.72,11885-03-PGRN-0824-396,08-09-2024
11885 - AMAN AUTOMOTIVES,11885,GHAZIABAD,11885-03-PLPO-0824-307,08-03-2024,SO Generated,STD,HHML Parts,15421035010S,SCREEN OIL FILTER,1,39.24,30008,08-03-2024,1,35.68,11885-03-PGRN-0824-396,08-09-2024
11885 - AMAN AUTOMOTIVES,11885,GHAZIABAD,11885-03-PLPO-0824-307,08-03-2024,SO Generated,STD,HHML Parts,16700AAC801S,UNIT ASSY FUEL PUMP,1,3036.97,30008,08-03-2024,1,2739.97,11885-03-PGRN-0824-396,08-09-2024
11885 - AMAN AUTOMOTIVES,11885,GHAZIABAD,11885-03-PLPO-0824-307,08-03-2024,SO Generated,STD,HHML Parts,17213AACA0099S,ELEMENT AIR CLEANER,5,709.6,30008,08-03-2024,5,645.25,11885-03-PGRN-0824-396,08-09-2024
11885 - AMAN AUTOMOTIVES,11885,GHAZIABAD,11885-03-PLPO-0824-307,08-03-2024,SO Generated,STD,HHML Parts,17235ACK000S,COVER SUB ASSY AIR CLEANER,2,251.16,30008,0-00-00,,,,0-00-00
11885 - AMAN AUTOMOTIVES,11885,GHAZIABAD,11885-03-PLPO-0824-307,08-03-2024,SO Generated,STD,HHML Parts,17910AAL600S,CABLE COMP THROTTLE,2,369.36,30008,08-09-2024,2,333.24,11885-03-PGRN-0824-421,8/14/2024
11885 - AMAN AUTOMOTIVES,11885,GHAZIABAD,11885-03-PLPO-0824-307,08-03-2024,SO Generated,STD,HHML Parts,17920KZN305S,CABLE THROT,1,233.93,30008,08-03-2024,1,211.05,11885-03-PGRN-0824-396,08-09-2024
11885 - AMAN AUTOMOTIVES,11885,GHAZIABAD,11885-03-PLPO-0824-307,08-03-2024,SO Generated,STD,HHML Parts,18291KTC900S,GASKET EXHAUST PIPE,10,83.5,30008,08-03-2024,10,75.9,11885-03-PGRN-0824-396,08-09-2024
11885 - AMAN AUTOMOTIVES,11885,GHAZIABAD,11885-03-PLPO-0824-307,08-03-2024,SO Generated,STD,HHML Parts,18293KPK900S,RUBBER PKG.PROTR.,5,66.8,30008,08-03-2024,5,60.75,11885-03-PGRN-0824-396,08-09-2024
11885 - AMAN AUTOMOTIVES,11885,GHAZIABAD,11885-03-PLPO-0824-307,08-03-2024,SO Generated,STD,HHML Parts,22121AAHF01S,CENTER CLUTCH,5,1190.15,30008,08-03-2024,5,1073.75,11885-03-PGRN-0824-396,08-09-2024
11885 - AMAN AUTOMOTIVES,11885,GHAZIABAD,11885-03-PLPO-0824-307,08-03-2024,SO Generated,STD,HHML Parts,22121AANB00S,CENTER CLUTCH,7,2125.9,30008,08-03-2024,7,1918,11885-03-PGRN-0824-396,08-09-2024
11885 - AMAN AUTOMOTIVES,11885,GHAZIABAD,11885-03-PLPO-0824-307,08-03-2024,SO Generated,STD,HHML Parts,22321AAG501S,PLATE CLUTCH,4,158.6,30008,08-03-2024,4,144.24,11885-03-PGRN-0824-396,08-09-2024
11885 - AMAN AUTOMOTIVES,11885,GHAZIABAD,11885-03-PLPO-0824-307,08-03-2024,SO Generated,STD,HHML Parts,22321KWB601S,PLATE CLUTCH,3,123.12,30008,0-00-00,,,,0-00-00
11885 - AMAN AUTOMOTIVES,11885,GHAZIABAD,11885-03-PLPO-0824-307,08-03-2024,SO Generated,STD,HHML Parts,22350AAF400S,PLATE CLUTCH PRESSURE,10,1395.4,30008,08-03-2024,10,1258.9,11885-03-PGRN-0824-396,08-09-2024
11885 - AMAN AUTOMOTIVES,11885,GHAZIABAD,11885-03-PLPO-0824-307,08-03-2024,SO Generated,STD,HHML Parts,22870AABA00S,CABLE COMP CLUTCH,1,114.09,30008,08-03-2024,1,102.93,11885-03-PGRN-0824-396,08-09-2024
11885 - AMAN AUTOMOTIVES,11885,GHAZIABAD,11885-03-PLPO-0824-307,08-03-2024,SO Generated,STD,HHML Parts,22870KWA910S,CABLE COMP CLUTCH,5,430.9,30008,08-03-2024,5,388.8,11885-03-PGRN-0824-396,08-09-2024
11885 - AMAN AUTOMOTIVES,11885,GHAZIABAD,11885-03-PLPO-0824-307,08-03-2024,SO Generated,STD,HHML Parts,28125ACA000S,OUTER COMPLETE STARTING CLUTCH,1,1920.05,30008,08-09-2024,1,1745.98,11885-03-PGRN-0824-421,8/14/2024
11885 - AMAN AUTOMOTIVES,11885,GHAZIABAD,11885-03-PLPO-0824-307,08-03-2024,SO Generated,STD,HHML Parts,30510AAE30099S,COIL COMP IGNITION,2,492.48,30008,0-00-00,,,,0-00-00
11885 - AMAN AUTOMOTIVES,11885,GHAZIABAD,11885-03-PLPO-0824-307,08-03-2024,SO Generated,STD,HHML Parts,30700ACK00099S,CAP ASSY NOISE SUPPRESSOR,10,768,30008,08-03-2024,10,698.4,11885-03-PGRN-0824-396,08-09-2024
11885 - AMAN AUTOMOTIVES,11885,GHAZIABAD,11885-03-PLPO-0824-307,08-03-2024,SO Generated,STD,HHML Parts,3310BAAW00099S,LIGHT ASSY HEAD(W/O BULB),2,1001.76,30008,08-03-2024,2,910.94,11885-03-PGRN-0824-396,08-09-2024
11885 - AMAN AUTOMOTIVES,11885,GHAZIABAD,11885-03-PLPO-0824-307,08-03-2024,SO Generated,STD,HHML Parts,3370BAAY001S,LIGHT ASSY REAR COMB(W/O BULB),1,869.03,30008,08-03-2024,1,790.25,11885-03-PGRN-0824-396,08-09-2024
11885 - AMAN AUTOMOTIVES,11885,GHAZIABAD,11885-03-PLPO-0824-307,08-03-2024,SO Generated,STD,HHML Parts,3370BABS001S,LIGHT ASSY REAR COMB,1,852.33,30008,08-03-2024,1,775.07,11885-03-PGRN-0824-396,08-09-2024
11885 - AMAN AUTOMOTIVES,11885,GHAZIABAD,11885-03-PLPO-0824-307,08-03-2024,SO Generated,STD,HHML Parts,33743AAR001S,REFLEX REFLECTOR SIDE,3,125.22,30008,0-00-00,,,,0-00-00
11885 - AMAN AUTOMOTIVES,11885,GHAZIABAD,11885-03-PLPO-0824-307,08-03-2024,SO Generated,STD,HHML Parts,34906447710S,BULB TAIL & STOP LIGHT,40,834.8,30008,08-03-2024,40,759.2,11885-03-PGRN-0824-396,08-09-2024
11885 - AMAN AUTOMOTIVES,11885,GHAZIABAD,11885-03-PLPO-0824-307,08-03-2024,SO Generated,STD,HHML Parts,34907KVN901S,BULB TAIL & STOP LIGHT,40,834.8,30008,08-03-2024,40,759.2,11885-03-PGRN-0824-396,08-09-2024
11885 - AMAN AUTOMOTIVES,11885,GHAZIABAD,11885-03-PLPO-0824-307,08-03-2024,SO Generated,STD,HHML Parts,35010AAE301S,"""KIT, LOCKS & KEYS""",2,1377.42,30008,08-03-2024,2,1252.56,11885-03-PGRN-0824-396,08-09-2024
11885 - AMAN AUTOMOTIVES,11885,GHAZIABAD,11885-03-PLPO-0824-307,08-03-2024,SO Generated,STD,HHML Parts,35200AAHA1099S,SWITCH ASSEMBLY WINKER,2,626.1,30008,08-03-2024,1,284.67,11885-03-PGRN-0824-396,08-09-2024
11885 - AMAN AUTOMOTIVES,11885,GHAZIABAD,11885-03-PLPO-0824-307,08-03-2024,SO Generated,STD,HHML Parts,35200AAHA1099S,SWITCH ASSEMBLY WINKER,2,626.1,30008,08-03-2024,1,284.67,11885-03-PGRN-0824-392,08-09-2024
11885 - AMAN AUTOMOTIVES,11885,GHAZIABAD,11885-03-PLPO-0824-307,08-03-2024,SO Generated,STD,HHML Parts,35340KCC841S,SWITCH ASSEMBLY FRONT STOP,3,137.73,30008,08-03-2024,3,125.25,11885-03-PGRN-0824-396,08-09-2024
11885 - AMAN AUTOMOTIVES,11885,GHAZIABAD,11885-03-PLPO-0824-307,08-03-2024,SO Generated,STD,HHML Parts,35340KST950S,SW ASSEMBLY FRONT STOP,10,375.7,30008,08-03-2024,10,341.6,11885-03-PGRN-0824-396,08-09-2024
11885 - AMAN AUTOMOTIVES,11885,GHAZIABAD,11885-03-PLPO-0824-307,08-03-2024,SO Generated,STD,HHML Parts,35759AANB0099S,CONTACT ASSEMBLY CHANGE SWITCH,1,41.74,30008,08-03-2024,1,37.96,11885-03-PGRN-0824-396,08-09-2024
11885 - AMAN AUTOMOTIVES,11885,GHAZIABAD,11885-03-PLPO-0824-307,08-03-2024,SO Generated,STD,HHML Parts,37700ACL001S,SENSOR ASSEMBLY SPEED,2,459.14,30008,08-09-2024,2,417.52,11885-03-PGRN-0824-421,8/14/2024
11885 - AMAN AUTOMOTIVES,11885,GHAZIABAD,11885-03-PLPO-0824-307,08-03-2024,SO Generated,STD,HHML Parts,4052AAAE200S,CHAIN CASE UND HALF SUB ASSY,1,246.24,30008,08-03-2024,1,222.16,11885-03-PGRN-0824-396,08-09-2024
11885 - AMAN AUTOMOTIVES,11885,GHAZIABAD,11885-03-PLPO-0824-307,08-03-2024,SO Generated,STD,HHML Parts,40531KTE910S,JOINT DRIVE CHAIN,10,108.5,30008,08-03-2024,10,98.7,11885-03-PGRN-0824-396,08-09-2024
11885 - AMAN AUTOMOTIVES,11885,GHAZIABAD,11885-03-PLPO-0824-307,08-03-2024,SO Generated,STD,HHML Parts,40545001000S,CAP CHAIN PEEP HOLE,20,150.2,30008,08-03-2024,20,136.6,11885-03-PGRN-0824-396,08-09-2024
11885 - AMAN AUTOMOTIVES,11885,GHAZIABAD,11885-03-PLPO-0824-307,08-03-2024,SO Generated,STD,HHML Parts,43431198900S,ARM RR BRAKE STOPPER,1,55.81,30008,08-03-2024,1,48.13,11885-03-PGRN-0824-396,08-09-2024
11885 - AMAN AUTOMOTIVES,11885,GHAZIABAD,11885-03-PLPO-0824-307,08-03-2024,SO Generated,STD,HHML Parts,45440AAL100S,CABLE COMP LH FR BRK,3,430.92,30008,08-03-2024,3,366.57,11885-03-PGRN-0824-396,08-09-2024
11885 - AMAN AUTOMOTIVES,11885,GHAZIABAD,11885-03-PLPO-0824-307,08-03-2024,SO Generated,STD,HHML Parts,45450AAHF00S,CABLE COMP. COMBI BRAKE,2,548.3,30008,08-03-2024,2,494.68,11885-03-PGRN-0824-396,08-09-2024
11885 - AMAN AUTOMOTIVES,11885,GHAZIABAD,11885-03-PLPO-0824-307,08-03-2024,SO Generated,STD,HHML Parts,45450AAY000S,CABLE COMP RH FR BRK,3,462.93,30008,08-03-2024,3,417.66,11885-03-PGRN-0824-396,08-09-2024
11885 - AMAN AUTOMOTIVES,11885,GHAZIABAD,11885-03-PLPO-0824-307,08-03-2024,SO Generated,STD,HHML Parts,45450ACK000S,CABLE COMP. COMBI BRAKE,3,901.23,30008,08-09-2024,3,813.09,11885-03-PGRN-0824-421,8/14/2024
11885 - AMAN AUTOMOTIVES,11885,GHAZIABAD,11885-03-PLPO-0824-307,08-03-2024,SO Generated,STD,HHML Parts,45510KVN901S,M/C SUB ASSY. FR BRK.,1,1034.21,30008,08-03-2024,1,933.07,11885-03-PGRN-0824-396,08-09-2024
11885 - AMAN AUTOMOTIVES,11885,GHAZIABAD,11885-03-PLPO-0824-307,08-03-2024,SO Generated,STD,HHML Parts,46544AAEB00S,REAR BRAKE PEDAL & ROD SUB ASSEMBLY,1,775.66,30008,08-03-2024,1,699.8,11885-03-PGRN-0824-396,08-09-2024
11885 - AMAN AUTOMOTIVES,11885,GHAZIABAD,11885-03-PLPO-0824-307,08-03-2024,SO Generated,STD,HHML Parts,50186ACL000S,STAY HUGGER FENDER,3,1181.97,30008,08-03-2024,3,1066.38,11885-03-PGRN-0824-396,08-09-2024
11885 - AMAN AUTOMOTIVES,11885,GHAZIABAD,11885-03-PLPO-0824-307,08-03-2024,SO Generated,STD,HHML Parts,50400ADH800DS,GRIP REAR,1,878.26,30008,08-03-2024,1,792.37,11885-03-PGRN-0824-396,08-09-2024
11885 - AMAN AUTOMOTIVES,11885,GHAZIABAD,11885-03-PLPO-0824-307,08-03-2024,SO Generated,STD,HHML Parts,50512AAHF00S,PIPE RR BRAKE PIVOT,5,500.7,30008,0-00-00,,,,0-00-00
11885 - AMAN AUTOMOTIVES,11885,GHAZIABAD,11885-03-PLPO-0824-307,08-03-2024,SO Generated,STD,HHML Parts,50530AAF400S,"BAR COMP., SIDE STAND",2,393.98,30008,08-03-2024,2,355.46,11885-03-PGRN-0824-396,08-09-2024
11885 - AMAN AUTOMOTIVES,11885,GHAZIABAD,11885-03-PLPO-0824-307,08-03-2024,SO Generated,STD,HHML Parts,50710AAY300S,PILLION R STEP,2,111.62,30008,08-03-2024,2,100.72,11885-03-PGRN-0824-396,08-09-2024
11885 - AMAN AUTOMOTIVES,11885,GHAZIABAD,11885-03-PLPO-0824-307,08-03-2024,SO Generated,STD,HHML Parts,50715AAY300S,PILLION L STEP,3,167.43,30008,08-03-2024,3,151.08,11885-03-PGRN-0824-396,08-09-2024
11885 - AMAN AUTOMOTIVES,11885,GHAZIABAD,11885-03-PLPO-0824-307,08-03-2024,SO Generated,STD,HHML Parts,50716AAY000S,PLATE BOTTOM PILLION R STEP,10,123.1,30008,08-03-2024,10,111.1,11885-03-PGRN-0824-396,08-09-2024
11885 - AMAN AUTOMOTIVES,11885,GHAZIABAD,11885-03-PLPO-0824-307,08-03-2024,SO Generated,STD,HHML Parts,50717AAY000S,PLATE BOTTOM PILLION L STEP,10,123.1,30008,0-00-00,,,,0-00-00
11885 - AMAN AUTOMOTIVES,11885,GHAZIABAD,11885-03-PLPO-0824-307,08-03-2024,SO Generated,STD,HHML Parts,53140AAW000S,GRIP COMP THROT,2,126.4,30008,08-03-2024,2,82.94,11885-03-PGRN-0824-396,08-09-2024
11885 - AMAN AUTOMOTIVES,11885,GHAZIABAD,11885-03-PLPO-0824-307,08-03-2024,SO Generated,STD,HHML Parts,53175AAFH00S,LEVER COMP.R STRG.HNDL.,10,796.2,30008,0-00-00,,,,0-00-00
11885 - AMAN AUTOMOTIVES,11885,GHAZIABAD,11885-03-PLPO-0824-307,08-03-2024,SO Generated,STD,HHML Parts,53178AAFH00S,LEVER COMP.L STRG.HNDL.,10,738.7,30008,08-03-2024,10,666.5,11885-03-PGRN-0824-396,08-09-2024
11885 - AMAN AUTOMOTIVES,11885,GHAZIABAD,11885-03-PLPO-0824-307,08-03-2024,SO Generated,STD,HHML Parts,53178ACL000S,LEVER COMPLETE LEFT HANDLE,3,344.73,30008,0-00-00,,,,0-00-00
11885 - AMAN AUTOMOTIVES,11885,GHAZIABAD,11885-03-PLPO-0824-307,08-03-2024,SO Generated,STD,HHML Parts,53200AAHF00S,STEM COMP. STRG.,1,681.27,30008,08-03-2024,1,614.64,11885-03-PGRN-0824-396,08-09-2024
11885 - AMAN AUTOMOTIVES,11885,GHAZIABAD,11885-03-PLPO-0824-307,08-03-2024,SO Generated,STD,HHML Parts,53200ACK000S,STEM COMP STRG,1,738.72,30008,08-03-2024,1,666.48,11885-03-PGRN-0824-396,08-09-2024
11885 - AMAN AUTOMOTIVES,11885,GHAZIABAD,11885-03-PLPO-0824-307,08-03-2024,SO Generated,STD,HHML Parts,53205ABS000SS,COVER HANDLE FR PSW (WH-004P),1,1001.38,30008,08-03-2024,1,903.45,11885-03-PGRN-0824-396,08-09-2024
11885 - AMAN AUTOMOTIVES,11885,GHAZIABAD,11885-03-PLPO-0824-307,08-03-2024,SO Generated,STD,HHML Parts,61300ADG000TS,COWL FRONT NH-303M,1,738.72,30008,08-03-2024,1,666.48,11885-03-PGRN-0824-396,08-09-2024
11885 - AMAN AUTOMOTIVES,11885,GHAZIABAD,11885-03-PLPO-0824-307,08-03-2024,SO Generated,STD,HHML Parts,61301AANB00S,COWL FRONT,1,220.8,30008,08-03-2024,1,199.2,11885-03-PGRN-0824-396,08-09-2024
11885 - AMAN AUTOMOTIVES,11885,GHAZIABAD,11885-03-PLPO-0824-307,08-03-2024,SO Generated,STD,HHML Parts,64305ABS000RS,COVER FR UPPER PBM (NH-B08M),1,1272.25,30008,08-03-2024,1,1147.82,11885-03-PGRN-0824-396,08-09-2024
11885 - AMAN AUTOMOTIVES,11885,GHAZIABAD,11885-03-PLPO-0824-307,08-03-2024,SO Generated,STD,HHML Parts,77235AAGA00RS,CENTER REAR COWL NH-1,1,175.65,30008,08-03-2024,1,158.47,11885-03-PGRN-0824-396,08-09-2024
11885 - AMAN AUTOMOTIVES,11885,GHAZIABAD,11885-03-PLPO-0824-307,08-03-2024,SO Generated,STD,HHML Parts,80125ACL000S,HUGGER REAR FENDER,3,295.5,30008,08-03-2024,3,266.58,11885-03-PGRN-0824-396,08-09-2024
11885 - AMAN AUTOMOTIVES,11885,GHAZIABAD,11885-03-PLPO-0824-307,08-03-2024,SO Generated,STD,HHML Parts,83400ACK410TS,FRONT VISOR NH-1(T3),1,623.81,30008,08-03-2024,1,562.8,11885-03-PGRN-0824-396,08-09-2024
11885 - AMAN AUTOMOTIVES,11885,GHAZIABAD,11885-03-PLPO-0824-307,08-03-2024,SO Generated,STD,HHML Parts,83407KCC902S,CUSHION FR.VISOR,200,1836,30008,08-09-2024,200,1670,11885-03-PGRN-0824-421,8/14/2024
11885 - AMAN AUTOMOTIVES,11885,GHAZIABAD,11885-03-PLPO-0824-307,08-03-2024,SO Generated,STD,HHML Parts,83551300000S,GROMMET AIR CLN.CASE,30,250.5,30008,08-03-2024,30,227.7,11885-03-PGRN-0824-396,08-09-2024
11885 - AMAN AUTOMOTIVES,11885,GHAZIABAD,11885-03-PLPO-0824-307,08-03-2024,SO Generated,STD,HHML Parts,84702KCC900S,"COLLR, STAY NUMBER PLATE",10,83.5,30008,08-03-2024,10,75.9,11885-03-PGRN-0824-396,08-09-2024
11885 - AMAN AUTOMOTIVES,11885,GHAZIABAD,11885-03-PLPO-0824-307,08-03-2024,SO Generated,STD,HHML Parts,88110AAY000TS,MIRROR ASSEMBLY RIGHT BACK(R-195C),1,216.21,30008,08-03-2024,1,196.61,11885-03-PGRN-0824-396,08-09-2024
11885 - AMAN AUTOMOTIVES,11885,GHAZIABAD,11885-03-PLPO-0824-307,08-03-2024,SO Generated,STD,HHML Parts,88120AAY000TS,MIRROR ASSEMBLY LEFT BACK(R-195C),1,216.21,30008,08-09-2024,1,196.61,11885-03-PGRN-0824-421,8/14/2024
11885 - AMAN AUTOMOTIVES,11885,GHAZIABAD,11885-03-PLPO-0824-307,08-03-2024,SO Generated,STD,HHML Parts,90012333000RS,SCREW TAPPET ADJUSTING,20,233.8,30008,08-03-2024,20,212.6,11885-03-PGRN-0824-396,08-09-2024
11885 - AMAN AUTOMOTIVES,11885,GHAZIABAD,11885-03-PLPO-0824-307,08-03-2024,SO Generated,STD,HHML Parts,90206001000S,NUT TAPPET ADJUSTING,20,283.8,30008,08-09-2024,20,258.2,11885-03-PGRN-0824-421,8/14/2024
11885 - AMAN AUTOMOTIVES,11885,GHAZIABAD,11885-03-PLPO-0824-307,08-03-2024,SO Generated,STD,HHML Parts,90304438000S,NUT HEX CAP,20,183.6,30008,0-00-00,,,,0-00-00
11885 - AMAN AUTOMOTIVES,11885,GHAZIABAD,11885-03-PLPO-0824-307,08-03-2024,SO Generated,STD,HHML Parts,90320GC3000S,NUT SPRING,180,750.6,30008,08-09-2024,180,684,11885-03-PGRN-0824-421,8/14/2024
11885 - AMAN AUTOMOTIVES,11885,GHAZIABAD,11885-03-PLPO-0824-307,08-03-2024,SO Generated,STD,HHML Parts,90505425000S,WASHER,40,334,30008,08-09-2024,40,303.6,11885-03-PGRN-0824-421,8/14/2024
11885 - AMAN AUTOMOTIVES,11885,GHAZIABAD,11885-03-PLPO-0824-307,08-03-2024,SO Generated,STD,HHML Parts,90701GF6000S,PIN DOWEL SPL.8X14,20,66.8,30008,08-03-2024,20,60.8,11885-03-PGRN-0824-396,08-09-2024
11885 - AMAN AUTOMOTIVES,11885,GHAZIABAD,11885-03-PLPO-0824-307,08-03-2024,SO Generated,STD,HHML Parts,90801035000S,PLUG RUBBER,10,91.8,30008,08-03-2024,10,83.5,11885-03-PGRN-0824-396,08-09-2024
11885 - AMAN AUTOMOTIVES,11885,GHAZIABAD,11885-03-PLPO-0824-307,08-03-2024,SO Generated,STD,HHML Parts,91202302010S,OIL SEAL13.8X24X5,5,75.15,30008,08-03-2024,5,68.3,11885-03-PGRN-0824-396,08-09-2024
11885 - AMAN AUTOMOTIVES,11885,GHAZIABAD,11885-03-PLPO-0824-307,08-03-2024,SO Generated,STD,HHML Parts,91202KTP900S,OIL SEAL 20.8X52X6,5,175.3,30008,08-03-2024,5,159.4,11885-03-PGRN-0824-396,08-09-2024
11885 - AMAN AUTOMOTIVES,11885,GHAZIABAD,11885-03-PLPO-0824-307,08-03-2024,SO Generated,STD,HHML Parts,91372KPH900S,O-RING TAPPET ADJUSTING,10,83.5,30008,08-03-2024,10,75.9,11885-03-PGRN-0824-396,08-09-2024
11885 - AMAN AUTOMOTIVES,11885,GHAZIABAD,11885-03-PLPO-0824-307,08-03-2024,SO Generated,STD,HHML Parts,9281110000S,BOLT'A'BRAKE STOPER,40,367.2,30008,0-00-00,,,,0-00-00
11885 - AMAN AUTOMOTIVES,11885,GHAZIABAD,11885-03-PLPO-0824-307,08-03-2024,SO Generated,STD,HHML Parts,92811AAP000S,BOLT A BRAKE STOPPER,10,200.4,30008,08-03-2024,10,182.2,11885-03-PGRN-0824-396,08-09-2024
11885 - AMAN AUTOMOTIVES,11885,GHAZIABAD,11885-03-PLPO-0824-307,08-03-2024,SO Generated,STD,HHML Parts,9390335380S,SCREW TAPPING 5 X 16,60,100.2,30008,08-03-2024,60,91.2,11885-03-PGRN-0824-396,08-09-2024
11885 - AMAN AUTOMOTIVES,11885,GHAZIABAD,11885-03-PLPO-0824-307,08-03-2024,SO Generated,STD,HHML Parts,9405006000S,NUT FLANGE,240,1000.8,30008,08-09-2024,240,912,11885-03-PGRN-0824-421,8/14/2024
11885 - AMAN AUTOMOTIVES,11885,GHAZIABAD,11885-03-PLPO-0824-307,08-03-2024,SO Generated,STD,HHML Parts,94201AAW000S,PIN STEP PILLION,5,129.4,30008,08-03-2024,1,23.53,11885-03-PGRN-0824-396,08-09-2024
11885 - AMAN AUTOMOTIVES,11885,GHAZIABAD,11885-03-PLPO-0824-307,08-03-2024,SO Generated,STD,HHML Parts,94201AAW000S,PIN STEP PILLION,5,129.4,30008,08-09-2024,4,94.12,11885-03-PGRN-0824-421,8/14/2024
11885 - AMAN AUTOMOTIVES,11885,GHAZIABAD,11885-03-PLPO-0824-307,08-03-2024,SO Generated,STD,HHML Parts,957010501000S,BOLT FLANGE 5X10,10,41.7,30008,08-03-2024,10,38,11885-03-PGRN-0824-396,08-09-2024
11885 - AMAN AUTOMOTIVES,11885,GHAZIABAD,11885-03-PLPO-0824-307,08-03-2024,SO Generated,STD,HHML Parts,957010601200S,BOLT FLANGE 6X12,20,167,30008,08-03-2024,20,151.8,11885-03-PGRN-0824-396,08-09-2024
11885 - AMAN AUTOMOTIVES,11885,GHAZIABAD,11885-03-PLPO-0824-307,08-03-2024,SO Generated,STD,HHML Parts,957010804500S,BOLT FLANGE 8 X45,10,83.5,30008,0-00-00,,,,0-00-00
11885 - AMAN AUTOMOTIVES,11885,GHAZIABAD,11885-03-PLPO-0824-307,08-03-2024,SO Generated,STD,HHML Parts,957010805000S,BOLT FLANGE 8X50,10,91.8,30008,0-00-00,,,,0-00-00
11885 - AMAN AUTOMOTIVES,11885,GHAZIABAD,11885-03-PLPO-0824-307,08-03-2024,SO Generated,STD,HHML Parts,9820031000S,BLADE FUSE 10 A,10,50.1,30008,08-03-2024,10,45.5,11885-03-PGRN-0824-396,08-09-2024
11885 - AMAN AUTOMOTIVES,11885,GHAZIABAD,11885-03-PLPO-0824-307,08-03-2024,SO Generated,STD,HHML Parts,9820031500S,BLADE FUSE 15 A,5,45.9,30008,08-03-2024,5,41.75,11885-03-PGRN-0824-396,08-09-2024
11885 - AMAN AUTOMOTIVES,11885,GHAZIABAD,11885-03-PLPO-0824-307,08-03-2024,SO Generated,STD,HHML Parts,98210HMC000S,MINI FUSE 10A,10,41.7,30008,08-03-2024,10,38,11885-03-PGRN-0824-396,08-09-2024
11885 - AMAN AUTOMOTIVES,11885,GHAZIABAD,11885-03-PLPO-0824-307,08-03-2024,SO Generated,STD,HHML Parts,98215HMC000S,MINI FUSE 15A,10,41.7,30008,08-03-2024,10,38,11885-03-PGRN-0824-396,08-09-2024
11885 - AMAN AUTOMOTIVES,11885,GHAZIABAD,11885-03-PLPO-0824-307,08-03-2024,SO Generated,STD,HHML Parts,K22222KZAAW00VS,DISC CLUTCH FRICTION KIT - PASS X-PRO,1,541.73,30008,08-03-2024,1,488.75,11885-03-PGRN-0824-396,08-09-2024
11885 - AMAN AUTOMOTIVES,11885,GHAZIABAD,11885-03-PLPO-0824-307,08-03-2024,SO Generated,STD,HHML Parts,K24246AANNB00S,"""KIT, SPINDLE COMPLETE""",3,1181.97,30008,08-09-2024,3,1066.38,11885-03-PGRN-0824-421,8/14/2024
11885 - AMAN AUTOMOTIVES,11885,GHAZIABAD,11885-03-PLPO-0824-307,08-03-2024,SO Generated,STD,HHML Parts,K31913HF100DS,KIT O-RING,5,233.75,30008,08-03-2024,5,212.55,11885-03-PGRN-0824-396,08-09-2024
11885 - AMAN AUTOMOTIVES,11885,GHAZIABAD,11885-03-PLPO-0824-307,08-03-2024,SO Generated,STD,HHML Parts,K41412ABAA001S,"KIT, CHAIN SPROCKET",3,1969.92,30008,0-00-00,,,,0-00-00
11885 - AMAN AUTOMOTIVES,11885,GHAZIABAD,11885-03-PLPO-0824-307,08-03-2024,SO Generated,STD,HHML Parts,K42426AAED230S,KIT WHEEL COMP REAR,3,13284.69,30008,0-00-00,,,,0-00-00
11885 - AMAN AUTOMOTIVES,11885,GHAZIABAD,11885-03-PLPO-0824-307,08-03-2024,SO Generated,STD,HHML Parts,K42426ABAC200S,"KIT, WHEEL COMP REAR",2,8782.6,30008,08-09-2024,2,7923.7,11885-03-PGRN-0824-421,8/14/2024
11885 - AMAN AUTOMOTIVES,11885,GHAZIABAD,11885-03-PLPO-0824-307,08-03-2024,SO Generated,STD,HHML Parts,K44446AAED230S,KIT WHEEL COMP FRONT,4,15857.92,30008,0-00-00,,,,0-00-00
11885 - AMAN AUTOMOTIVES,11885,GHAZIABAD,11885-03-PLPO-0824-307,08-03-2024,SO Generated,STD,HHML Parts,K44446AAFB000S,"KIT, WHEEL COMP. FRONT",1,3673.1,30008,08-09-2024,1,3313.88,11885-03-PGRN-0824-421,8/14/2024
11885 - AMAN AUTOMOTIVES,11885,GHAZIABAD,11885-03-PLPO-0824-307,08-03-2024,SO Generated,STD,HHML Parts,K55912HF100DS,OIL SEAL KIT,5,450.8,30008,0-00-00,,,,0-00-00
11885 - AMAN AUTOMOTIVES,11885,GHAZIABAD,11885-03-PLPO-0824-310,08-04-2024,SO Generated,STD,HHML Parts,32100AALE20S,HARNESS WIRE,1,2700.59,11315,08-04-2024,1,2700.59,11885-03-PGRN-0824-386,08-04-2024
11885 - AMAN AUTOMOTIVES,11885,GHAZIABAD,11885-03-PLPO-0824-312,08-04-2024,SO Generated,STD,HHML Parts,43100153600HS,PANEL COMP.RR BRAKE,1,499.87,10765,08-04-2024,1,499.87,11885-03-PGRN-0824-387,08-04-2024
11885 - AMAN AUTOMOTIVES,11885,GHAZIABAD,11885-03-PLPO-0824-314,08-04-2024,SO Generated,STD,HHML Parts,35010ABW001S,"KIT, LOCKS & KEYS",1,1115.3,23061,08-04-2024,1,1115.3,11885-03-PGRN-0824-388,08-04-2024
11885 - AMAN AUTOMOTIVES,11885,GHAZIABAD,11885-03-PLPO-0824-314,08-04-2024,SO Generated,STD,HHML Parts,53200AAZ030S,STEM COMP STRG,1,644.33,23061,08-04-2024,1,644.33,11885-03-PGRN-0824-388,08-04-2024
11885 - AMAN AUTOMOTIVES,11885,GHAZIABAD,11885-03-PLPO-0824-315,08-04-2024,SO Generated,VOR,HHML Parts,33300ABH401S,POSITION LIGHT FRONT,1,1690.85,30008,08-06-2024,1,1525.5,11885-03-PGRN-0824-402,08-09-2024
11885 - AMAN AUTOMOTIVES,11885,GHAZIABAD,11885-03-PLPO-0824-315,08-04-2024,SO Generated,VOR,HHML Parts,3340BABH50099S,WINKER ASSY R FR,1,169.47,30008,08-06-2024,1,154.1,11885-03-PGRN-0824-402,08-09-2024
11885 - AMAN AUTOMOTIVES,11885,GHAZIABAD,11885-03-PLPO-0824-315,08-04-2024,SO Generated,VOR,HHML Parts,53205ABG200US,COVER HANDLE FR (RD(BR)-001C(F)),1,664.85,30008,08-06-2024,1,599.83,11885-03-PGRN-0824-402,08-09-2024
11885 - AMAN AUTOMOTIVES,11885,GHAZIABAD,11885-03-PLPO-0824-315,08-04-2024,SO Generated,VOR,HHML Parts,61000ABG200US,FRONT FENDER RD(BR)-001C,1,586.87,30008,08-06-2024,1,529.48,11885-03-PGRN-0824-402,08-09-2024
11885 - AMAN AUTOMOTIVES,11885,GHAZIABAD,11885-03-PLPO-0824-315,08-04-2024,SO Generated,VOR,HHML Parts,64305ABHB00TS,COVER FRONT CENTER A P GREY G DU 006M G,1,1129.43,30008,08-06-2024,1,1018.97,11885-03-PGRN-0824-402,08-09-2024
11885 - AMAN AUTOMOTIVES,11885,GHAZIABAD,11885-03-PLPO-0824-315,08-04-2024,SO Generated,VOR,HHML Parts,64308ABH300S,COVER FR CENTER B,1,183.04,30008,08-06-2024,1,165.14,11885-03-PGRN-0824-402,08-09-2024
11885 - AMAN AUTOMOTIVES,11885,GHAZIABAD,11885-03-PLPO-0824-315,08-04-2024,SO Generated,VOR,HHML Parts,64310ABH510TS,COVER FR CENTER P GREY G DU 006M G,1,1949.41,30008,08-06-2024,1,1758.76,11885-03-PGRN-0824-402,08-09-2024
11885 - AMAN AUTOMOTIVES,11885,GHAZIABAD,11885-03-PLPO-0824-315,08-04-2024,SO Generated,VOR,HHML Parts,6432AABH200US,COVER R FLOOR SIDE SUB ASSY,1,625.45,30008,08-06-2024,1,564.29,11885-03-PGRN-0824-402,08-09-2024
11885 - AMAN AUTOMOTIVES,11885,GHAZIABAD,11885-03-PLPO-0824-315,08-04-2024,SO Generated,VOR,HHML Parts,88110ABH201S,MIRROR ASSEMBLY RIGHT BACK,1,212.04,30008,08-06-2024,1,192.82,11885-03-PGRN-0824-402,08-09-2024
11885 - AMAN AUTOMOTIVES,11885,GHAZIABAD,11885-03-PLPO-0824-316,08-07-2024,SO Generated,VOR,HHML Parts,5315BACA000S,HANDLEBAR ASSEMBLY LEFT,1,1887.85,30008,08-10-2024,1,1703.22,11885-03-PGRN-0824-416,8/14/2024
11885 - AMAN AUTOMOTIVES,11885,GHAZIABAD,11885-03-PLPO-0824-316,08-07-2024,SO Generated,VOR,HHML Parts,64500ACA000AS,FAIRING LEFT SIDE RD(BR)-021P(G),1,952.13,30008,08-08-2024,1,859.02,11885-03-PGRN-0824-423,8/14/2024
11885 - AMAN AUTOMOTIVES,11885,GHAZIABAD,11885-03-PLPO-0824-317,08-07-2024,SO Generated,STD,HHML Parts,11345AAW000S,DUCT L COVER,1,66.49,23061,0-00-00,,,,0-00-00
11885 - AMAN AUTOMOTIVES,11885,GHAZIABAD,11885-03-PLPO-0824-317,08-07-2024,SO Generated,STD,HHML Parts,23430ABG200S,GEAR COMP. FINAL,1,1214.79,23061,08-07-2024,1,1214.79,11885-03-PGRN-0824-389,08-07-2024
11885 - AMAN AUTOMOTIVES,11885,GHAZIABAD,11885-03-PLPO-0824-318,08-08-2024,SO Generated,STD,HHML Parts,11191AAH00099S,GASKET CRANK CASE,10,542.6,30008,0-00-00,,,,0-00-00
11885 - AMAN AUTOMOTIVES,11885,GHAZIABAD,11885-03-PLPO-0824-318,08-08-2024,SO Generated,STD,HHML Parts,11330ACL000S,COVER COMPLETE RIGHT CRANKCASE,1,1247.62,30008,0-00-00,,,,0-00-00
11885 - AMAN AUTOMOTIVES,11885,GHAZIABAD,11885-03-PLPO-0824-318,08-08-2024,SO Generated,STD,HHML Parts,11395AAH000S,GASKET L CRANK CASE COVER,5,292.2,30008,0-00-00,,,,0-00-00
11885 - AMAN AUTOMOTIVES,11885,GHAZIABAD,11885-03-PLPO-0824-318,08-08-2024,SO Generated,STD,HHML Parts,11395ACK00099S,GASKET L CRANK CASE COVER,1,37.57,30008,0-00-00,,,,0-00-00
11885 - AMAN AUTOMOTIVES,11885,GHAZIABAD,11885-03-PLPO-0824-318,08-08-2024,SO Generated,STD,HHML Parts,11395ACK01099S,GASKET L CRANK CASE COVER,16,601.12,30008,0-00-00,,,,0-00-00
11885 - AMAN AUTOMOTIVES,11885,GHAZIABAD,11885-03-PLPO-0824-318,08-08-2024,SO Generated,STD,HHML Parts,11395KPH901S,GASKET L CRANK CASE COVER,2,53.42,30008,0-00-00,,,,0-00-00
11885 - AMAN AUTOMOTIVES,11885,GHAZIABAD,11885-03-PLPO-0824-318,08-08-2024,SO Generated,STD,HHML Parts,12191ABF000S,GASKET CYL,1,25.04,30008,0-00-00,,,,0-00-00
11885 - AMAN AUTOMOTIVES,11885,GHAZIABAD,11885-03-PLPO-0824-318,08-08-2024,SO Generated,STD,HHML Parts,12208ABG000S,SEAL VALVE STEM,10,300.5,30008,0-00-00,,,,0-00-00
11885 - AMAN AUTOMOTIVES,11885,GHAZIABAD,11885-03-PLPO-0824-318,08-08-2024,SO Generated,STD,HHML Parts,12391AAH00099S,GASKET CYL HEAD COVER,30,175.2,30008,0-00-00,,,,0-00-00
11885 - AMAN AUTOMOTIVES,11885,GHAZIABAD,11885-03-PLPO-0824-318,08-08-2024,SO Generated,STD,HHML Parts,12391AANB00S,GASKET HEAD COVER,5,104.35,30008,0-00-00,,,,0-00-00
11885 - AMAN AUTOMOTIVES,11885,GHAZIABAD,11885-03-PLPO-0824-318,08-08-2024,SO Generated,STD,HHML Parts,12391AANB01S,GASKET HEAD COVER,2,73.88,30008,0-00-00,,,,0-00-00
11885 - AMAN AUTOMOTIVES,11885,GHAZIABAD,11885-03-PLPO-0824-318,08-08-2024,SO Generated,STD,HHML Parts,12394AAH00099S,GASKET CYL HEAD R SIDE COVER,10,66.8,30008,0-00-00,,,,0-00-00
11885 - AMAN AUTOMOTIVES,11885,GHAZIABAD,11885-03-PLPO-0824-318,08-08-2024,SO Generated,STD,HHML Parts,13000AAF400S,CRANK SHAFT COMP.,1,3798.36,30008,0-00-00,,,,0-00-00
11885 - AMAN AUTOMOTIVES,11885,GHAZIABAD,11885-03-PLPO-0824-318,08-08-2024,SO Generated,STD,HHML Parts,13000ACL001S,CRANKSHAFT COMPLETE,1,2337.45,30008,0-00-00,,,,0-00-00
11885 - AMAN AUTOMOTIVES,11885,GHAZIABAD,11885-03-PLPO-0824-318,08-08-2024,SO Generated,STD,HHML Parts,13000KTC902S,CRANK SHAFT COMP.,1,2733.98,30008,0-00-00,,,,0-00-00
11885 - AMAN AUTOMOTIVES,11885,GHAZIABAD,11885-03-PLPO-0824-318,08-08-2024,SO Generated,STD,HHML Parts,13111087000S,PIN PISTON,10,533.5,30008,0-00-00,,,,0-00-00
11885 - AMAN AUTOMOTIVES,11885,GHAZIABAD,11885-03-PLPO-0824-318,08-08-2024,SO Generated,STD,HHML Parts,13111AANB00S,PISTON PIN,7,321.72,30008,0-00-00,,,,0-00-00
11885 - AMAN AUTOMOTIVES,11885,GHAZIABAD,11885-03-PLPO-0824-318,08-08-2024,SO Generated,STD,HHML Parts,14100ACL000S,SHAFT COMPLETE CAM,1,834.8,30008,0-00-00,,,,0-00-00
11885 - AMAN AUTOMOTIVES,11885,GHAZIABAD,11885-03-PLPO-0824-318,08-08-2024,SO Generated,STD,HHML Parts,14311ACK000S,SPROCKET TIMING,1,42.57,30008,0-00-00,,,,0-00-00
11885 - AMAN AUTOMOTIVES,11885,GHAZIABAD,11885-03-PLPO-0824-318,08-08-2024,SO Generated,STD,HHML Parts,14430KST940S,ARM COMP VALVE ROCKER,2,441.6,30008,0-00-00,,,,0-00-00
11885 - AMAN AUTOMOTIVES,11885,GHAZIABAD,11885-03-PLPO-0824-318,08-08-2024,SO Generated,STD,HHML Parts,14451KST940S,SHAFT ROCKER ARM,4,72.24,30008,0-00-00,,,,0-00-00
11885 - AMAN AUTOMOTIVES,11885,GHAZIABAD,11885-03-PLPO-0824-318,08-08-2024,SO Generated,STD,HHML Parts,14520AANB00S,LIFTER ASSY TENSIONER,1,229.82,30008,0-00-00,,,,0-00-00
11885 - AMAN AUTOMOTIVES,11885,GHAZIABAD,11885-03-PLPO-0824-318,08-08-2024,SO Generated,STD,HHML Parts,14550GB0910RS,PUSH ROD COMP.TENS.,4,334.88,30008,0-00-00,,,,0-00-00
11885 - AMAN AUTOMOTIVES,11885,GHAZIABAD,11885-03-PLPO-0824-318,08-08-2024,SO Generated,STD,HHML Parts,14615035010S,PIN GUIDE ROLLER,10,133.6,30008,0-00-00,,,,0-00-00
11885 - AMAN AUTOMOTIVES,11885,GHAZIABAD,11885-03-PLPO-0824-318,08-08-2024,SO Generated,STD,HHML Parts,14711AANB00S,VALVE INLET,1,102.6,30008,0-00-00,,,,0-00-00
11885 - AMAN AUTOMOTIVES,11885,GHAZIABAD,11885-03-PLPO-0824-318,08-08-2024,SO Generated,STD,HHML Parts,14711ACKB0099S,VALVE INLET,20,3037,30008,0-00-00,,,,0-00-00
11885 - AMAN AUTOMOTIVES,11885,GHAZIABAD,11885-03-PLPO-0824-318,08-08-2024,SO Generated,STD,HHML Parts,14711ACL000S,VALVE INLET,2,287.28,30008,0-00-00,,,,0-00-00
11885 - AMAN AUTOMOTIVES,11885,GHAZIABAD,11885-03-PLPO-0824-318,08-08-2024,SO Generated,STD,HHML Parts,14721AAEH10S,VALVE EXHAUST,20,3595.2,30008,0-00-00,,,,0-00-00
11885 - AMAN AUTOMOTIVES,11885,GHAZIABAD,11885-03-PLPO-0824-318,08-08-2024,SO Generated,STD,HHML Parts,14721ACL000S,VALVE EXHAUST,2,484.28,30008,0-00-00,,,,0-00-00
11885 - AMAN AUTOMOTIVES,11885,GHAZIABAD,11885-03-PLPO-0824-318,08-08-2024,SO Generated,STD,HHML Parts,15650AACH00S,GAUGE OIL LEVEL,5,91.85,30008,0-00-00,,,,0-00-00
11885 - AMAN AUTOMOTIVES,11885,GHAZIABAD,11885-03-PLPO-0824-318,08-08-2024,SO Generated,STD,HHML Parts,16400AAWB00VS,THROTTLE BODY ASSY,1,5441.93,30008,0-00-00,,,,0-00-00
11885 - AMAN AUTOMOTIVES,11885,GHAZIABAD,11885-03-PLPO-0824-318,08-08-2024,SO Generated,STD,HHML Parts,16400ACK002S,THROTTLE BODY ASSY,1,5663.54,30008,0-00-00,,,,0-00-00
11885 - AMAN AUTOMOTIVES,11885,GHAZIABAD,11885-03-PLPO-0824-318,08-08-2024,SO Generated,STD,HHML Parts,16400ACK421S,THROTTLE BODY ASSEMBLY,1,5556.84,30008,0-00-00,,,,0-00-00
11885 - AMAN AUTOMOTIVES,11885,GHAZIABAD,11885-03-PLPO-0824-318,08-08-2024,SO Generated,STD,HHML Parts,16400ACKE10S,THROTTLE BODY ASSEMBLY,4,24886.76,30008,0-00-00,,,,0-00-00
11885 - AMAN AUTOMOTIVES,11885,GHAZIABAD,11885-03-PLPO-0824-318,08-08-2024,SO Generated,STD,HHML Parts,16400ACL000S,THROTTLE BODY ASSEMBLY,1,6238.11,30008,0-00-00,,,,0-00-00
11885 - AMAN AUTOMOTIVES,11885,GHAZIABAD,11885-03-PLPO-0824-318,08-08-2024,SO Generated,STD,HHML Parts,16700AAC801S,UNIT ASSY FUEL PUMP,2,6073.94,30008,0-00-00,,,,0-00-00
11885 - AMAN AUTOMOTIVES,11885,GHAZIABAD,11885-03-PLPO-0824-318,08-08-2024,SO Generated,STD,HHML Parts,17208AABA00S,ELEMENT COMP AIR/C,20,2421,30008,0-00-00,,,,0-00-00
11885 - AMAN AUTOMOTIVES,11885,GHAZIABAD,11885-03-PLPO-0824-318,08-08-2024,SO Generated,STD,HHML Parts,17208AAT00099S,HOLDER COMP ELEMENT,40,8208,30008,0-00-00,,,,0-00-00
11885 - AMAN AUTOMOTIVES,11885,GHAZIABAD,11885-03-PLPO-0824-318,08-08-2024,SO Generated,STD,HHML Parts,17211KWP900S,ELEMENT COMP AIR/C,2,325.58,30008,0-00-00,,,,0-00-00
11885 - AMAN AUTOMOTIVES,11885,GHAZIABAD,11885-03-PLPO-0824-318,08-08-2024,SO Generated,STD,HHML Parts,17910AAE300S,CABLE COMP THROTTLE,25,2462.5,30008,0-00-00,,,,0-00-00
11885 - AMAN AUTOMOTIVES,11885,GHAZIABAD,11885-03-PLPO-0824-318,08-08-2024,SO Generated,STD,HHML Parts,17910AAL600S,CABLE COMP THROTTLE,3,554.04,30008,0-00-00,,,,0-00-00
11885 - AMAN AUTOMOTIVES,11885,GHAZIABAD,11885-03-PLPO-0824-318,08-08-2024,SO Generated,STD,HHML Parts,17910AAL601S,CABLE COMP THROTTLE,2,369.36,30008,0-00-00,,,,0-00-00
11885 - AMAN AUTOMOTIVES,11885,GHAZIABAD,11885-03-PLPO-0824-318,08-08-2024,SO Generated,STD,HHML Parts,17950AAW300S,CABLE COMP. CHOKE,3,418.62,30008,0-00-00,,,,0-00-00
11885 - AMAN AUTOMOTIVES,11885,GHAZIABAD,11885-03-PLPO-0824-318,08-08-2024,SO Generated,STD,HHML Parts,18291KTC900S,GASKET EXHAUST PIPE,20,167,30008,0-00-00,,,,0-00-00
11885 - AMAN AUTOMOTIVES,11885,GHAZIABAD,11885-03-PLPO-0824-318,08-08-2024,SO Generated,STD,HHML Parts,18331ACK000S,COVER CAT PROTECTOR,1,121.48,30008,0-00-00,,,,0-00-00
11885 - AMAN AUTOMOTIVES,11885,GHAZIABAD,11885-03-PLPO-0824-318,08-08-2024,SO Generated,STD,HHML Parts,18355AAE300S,COVER MUFFLER,1,410.4,30008,0-00-00,,,,0-00-00
11885 - AMAN AUTOMOTIVES,11885,GHAZIABAD,11885-03-PLPO-0824-318,08-08-2024,SO Generated,STD,HHML Parts,20K710S,CHAIN SPROCKET KIT (SUP. SPLENDOR),2,1214.78,30008,0-00-00,,,,0-00-00
11885 - AMAN AUTOMOTIVES,11885,GHAZIABAD,11885-03-PLPO-0824-318,08-08-2024,SO Generated,STD,HHML Parts,21K201S,CYLINDER KIT (GLAMOUR NEW,1,2462.41,30008,0-00-00,,,,0-00-00
11885 - AMAN AUTOMOTIVES,11885,GHAZIABAD,11885-03-PLPO-0824-318,08-08-2024,SO Generated,STD,HHML Parts,21K270S,CYLINDER KIT (SPL PRO),2,4104.02,30008,0-00-00,,,,0-00-00
11885 - AMAN AUTOMOTIVES,11885,GHAZIABAD,11885-03-PLPO-0824-318,08-08-2024,SO Generated,STD,HHML Parts,22121ACL000S,CENTER CLUTCH,3,886.47,30008,0-00-00,,,,0-00-00
11885 - AMAN AUTOMOTIVES,11885,GHAZIABAD,11885-03-PLPO-0824-318,08-08-2024,SO Generated,STD,HHML Parts,22201ACL000S,DISK CLUTCH FRICTION,4,574.56,30008,0-00-00,,,,0-00-00
11885 - AMAN AUTOMOTIVES,11885,GHAZIABAD,11885-03-PLPO-0824-318,08-08-2024,SO Generated,STD,HHML Parts,22205ACL000S,DISK CLUTCH FRICTION,4,541.72,30008,0-00-00,,,,0-00-00
11885 - AMAN AUTOMOTIVES,11885,GHAZIABAD,11885-03-PLPO-0824-318,08-08-2024,SO Generated,STD,HHML Parts,22350ACL000S,PLATE CLUTCH PRESSURE,3,615.6,30008,0-00-00,,,,0-00-00
11885 - AMAN AUTOMOTIVES,11885,GHAZIABAD,11885-03-PLPO-0824-318,08-08-2024,SO Generated,STD,HHML Parts,22350KPGT00S,PLATE CLUTCH PRESSURE,2,369.36,30008,0-00-00,,,,0-00-00
11885 - AMAN AUTOMOTIVES,11885,GHAZIABAD,11885-03-PLPO-0824-318,08-08-2024,SO Generated,STD,HHML Parts,22K130LS,CAM.CHAIN KIT,5,1878.3,30008,0-00-00,,,,0-00-00
11885 - AMAN AUTOMOTIVES,11885,GHAZIABAD,11885-03-PLPO-0824-318,08-08-2024,SO Generated,STD,HHML Parts,23100AAL500S,BELT DRIVE,3,1189.59,30008,0-00-00,,,,0-00-00
11885 - AMAN AUTOMOTIVES,11885,GHAZIABAD,11885-03-PLPO-0824-318,08-08-2024,SO Generated,STD,HHML Parts,24701AAE300S,PEDAL GEAR CHANGE,4,604.12,30008,0-00-00,,,,0-00-00
11885 - AMAN AUTOMOTIVES,11885,GHAZIABAD,11885-03-PLPO-0824-318,08-08-2024,SO Generated,STD,HHML Parts,24K150LS,VALVE KIT,10,3365.3,30008,0-00-00,,,,0-00-00
11885 - AMAN AUTOMOTIVES,11885,GHAZIABAD,11885-03-PLPO-0824-318,08-08-2024,SO Generated,STD,HHML Parts,30510AAE30099S,COIL COMP IGNITION,2,492.48,30008,0-00-00,,,,0-00-00
11885 - AMAN AUTOMOTIVES,11885,GHAZIABAD,11885-03-PLPO-0824-318,08-08-2024,SO Generated,STD,HHML Parts,30700AAE30099S,CAP ASSY NOISE SUPPRESSOR,10,768,30008,0-00-00,,,,0-00-00
11885 - AMAN AUTOMOTIVES,11885,GHAZIABAD,11885-03-PLPO-0824-318,08-08-2024,SO Generated,STD,HHML Parts,30700ACK00099S,CAP ASSY NOISE SUPPRESSOR,10,768,30008,0-00-00,,,,0-00-00
11885 - AMAN AUTOMOTIVES,11885,GHAZIABAD,11885-03-PLPO-0824-318,08-08-2024,SO Generated,STD,HHML Parts,30700KTP951S,CAP ASSY. NOISE SUPPRESSOR,2,317.22,30008,0-00-00,,,,0-00-00
11885 - AMAN AUTOMOTIVES,11885,GHAZIABAD,11885-03-PLPO-0824-318,08-08-2024,SO Generated,STD,HHML Parts,31916KPH90099S,SPARK PLUG,40,4432.4,30008,0-00-00,,,,0-00-00
11885 - AMAN AUTOMOTIVES,11885,GHAZIABAD,11885-03-PLPO-0824-318,08-08-2024,SO Generated,STD,HHML Parts,31917AACH00S,SPARK PLUG,80,7223.2,30008,0-00-00,,,,0-00-00
11885 - AMAN AUTOMOTIVES,11885,GHAZIABAD,11885-03-PLPO-0824-318,08-08-2024,SO Generated,STD,HHML Parts,3310BAAH10099S,LIGHT ASSY. HEAD,2,851.5,30008,0-00-00,,,,0-00-00
11885 - AMAN AUTOMOTIVES,11885,GHAZIABAD,11885-03-PLPO-0824-318,08-08-2024,SO Generated,STD,HHML Parts,3310BAAW00099S,LIGHT ASSY HEAD(W/O BULB),3,1502.64,30008,0-00-00,,,,0-00-00
11885 - AMAN AUTOMOTIVES,11885,GHAZIABAD,11885-03-PLPO-0824-318,08-08-2024,SO Generated,STD,HHML Parts,3340BAAW00099S,WINKER ASSY R FR(W/O BULB),2,372.32,30008,0-00-00,,,,0-00-00
11885 - AMAN AUTOMOTIVES,11885,GHAZIABAD,11885-03-PLPO-0824-318,08-08-2024,SO Generated,STD,HHML Parts,3345BAAW00099S,WINKER ASSY L FR(W/O BULB),1,186.16,30008,0-00-00,,,,0-00-00
11885 - AMAN AUTOMOTIVES,11885,GHAZIABAD,11885-03-PLPO-0824-318,08-08-2024,SO Generated,STD,HHML Parts,34906447710S,BULB TAIL & STOP LIGHT,100,2087,30008,0-00-00,,,,0-00-00
11885 - AMAN AUTOMOTIVES,11885,GHAZIABAD,11885-03-PLPO-0824-318,08-08-2024,SO Generated,STD,HHML Parts,35010AAE301S,"""KIT, LOCKS & KEYS""",6,4132.26,30008,0-00-00,,,,0-00-00
11885 - AMAN AUTOMOTIVES,11885,GHAZIABAD,11885-03-PLPO-0824-318,08-08-2024,SO Generated,STD,HHML Parts,35010AAEH00S,"KIT, LOCKS & KEYS",1,751.32,30008,0-00-00,,,,0-00-00
11885 - AMAN AUTOMOTIVES,11885,GHAZIABAD,11885-03-PLPO-0824-318,08-08-2024,SO Generated,STD,HHML Parts,35010AAL501S,"KIT, LOCKS & KEYS",2,799.74,30008,0-00-00,,,,0-00-00
11885 - AMAN AUTOMOTIVES,11885,GHAZIABAD,11885-03-PLPO-0824-318,08-08-2024,SO Generated,STD,HHML Parts,35010ABT001S,"KIT, LOCKS & KEYS",1,584.36,30008,0-00-00,,,,0-00-00
11885 - AMAN AUTOMOTIVES,11885,GHAZIABAD,11885-03-PLPO-0824-318,08-08-2024,SO Generated,STD,HHML Parts,35010ABW001S,"KIT, LOCKS & KEYS",1,1115.3,30008,0-00-00,,,,0-00-00
11885 - AMAN AUTOMOTIVES,11885,GHAZIABAD,11885-03-PLPO-0824-318,08-08-2024,SO Generated,STD,HHML Parts,35140AAEB01S,SIDE STAND SENSOR,1,254.62,30008,0-00-00,,,,0-00-00
11885 - AMAN AUTOMOTIVES,11885,GHAZIABAD,11885-03-PLPO-0824-318,08-08-2024,SO Generated,STD,HHML Parts,35750001000S,CONTACT ASSEMBLY NEUTRAL,2,83.48,30008,0-00-00,,,,0-00-00
11885 - AMAN AUTOMOTIVES,11885,GHAZIABAD,11885-03-PLPO-0824-318,08-08-2024,SO Generated,STD,HHML Parts,37700ACL001S,SENSOR ASSEMBLY SPEED,1,229.57,30008,0-00-00,,,,0-00-00
11885 - AMAN AUTOMOTIVES,11885,GHAZIABAD,11885-03-PLPO-0824-318,08-08-2024,SO Generated,STD,HHML Parts,37750ACK001S,SENSOR ASSY. T-OIL,5,893.25,30008,0-00-00,,,,0-00-00
11885 - AMAN AUTOMOTIVES,11885,GHAZIABAD,11885-03-PLPO-0824-318,08-08-2024,SO Generated,STD,HHML Parts,38770AAEK01S,UNIT COMP ECU,1,3560.44,30008,0-00-00,,,,0-00-00
11885 - AMAN AUTOMOTIVES,11885,GHAZIABAD,11885-03-PLPO-0824-318,08-08-2024,SO Generated,STD,HHML Parts,38770AAEK12S,ECU,1,3500.73,30008,0-00-00,,,,0-00-00
11885 - AMAN AUTOMOTIVES,11885,GHAZIABAD,11885-03-PLPO-0824-318,08-08-2024,SO Generated,STD,HHML Parts,40531KTE910S,JOINT DRIVE CHAIN,10,108.5,30008,0-00-00,,,,0-00-00
11885 - AMAN AUTOMOTIVES,11885,GHAZIABAD,11885-03-PLPO-0824-318,08-08-2024,SO Generated,STD,HHML Parts,41241AAN410S,DAMPER REAR WHEEL,200,5844,30008,0-00-00,,,,0-00-00
11885 - AMAN AUTOMOTIVES,11885,GHAZIABAD,11885-03-PLPO-0824-318,08-08-2024,SO Generated,STD,HHML Parts,41241KSP900S,DAMPER RR WHEEL,40,1202,30008,0-00-00,,,,0-00-00
11885 - AMAN AUTOMOTIVES,11885,GHAZIABAD,11885-03-PLPO-0824-318,08-08-2024,SO Generated,STD,HHML Parts,43100153600HS,PANEL COMP.RR BRAKE,1,499.87,30008,0-00-00,,,,0-00-00
11885 - AMAN AUTOMOTIVES,11885,GHAZIABAD,11885-03-PLPO-0824-318,08-08-2024,SO Generated,STD,HHML Parts,43100ACK001S,PANEL COMP MAT AXIS GREY METALLIC,2,960.34,30008,0-00-00,,,,0-00-00
11885 - AMAN AUTOMOTIVES,11885,GHAZIABAD,11885-03-PLPO-0824-318,08-08-2024,SO Generated,STD,HHML Parts,43100ACK011S,PANEL COMP CLOUD SILVER METTALIC,2,960.34,30008,0-00-00,,,,0-00-00
11885 - AMAN AUTOMOTIVES,11885,GHAZIABAD,11885-03-PLPO-0824-318,08-08-2024,SO Generated,STD,HHML Parts,43434286000S,RUBBER STOPR.ARM CUSH.,10,41.7,30008,0-00-00,,,,0-00-00
11885 - AMAN AUTOMOTIVES,11885,GHAZIABAD,11885-03-PLPO-0824-318,08-08-2024,SO Generated,STD,HHML Parts,44301KTR700S,AXLE FR.WHEEL,1,87.83,30008,0-00-00,,,,0-00-00
11885 - AMAN AUTOMOTIVES,11885,GHAZIABAD,11885-03-PLPO-0824-318,08-08-2024,SO Generated,STD,HHML Parts,44830AAY000S,CABLE COMP.SPDMT,5,492.5,30008,0-00-00,,,,0-00-00
11885 - AMAN AUTOMOTIVES,11885,GHAZIABAD,11885-03-PLPO-0824-318,08-08-2024,SO Generated,STD,HHML Parts,44830KTP900S,CABLE COMP.SPDMT.,3,295.5,30008,0-00-00,,,,0-00-00
11885 - AMAN AUTOMOTIVES,11885,GHAZIABAD,11885-03-PLPO-0824-318,08-08-2024,SO Generated,STD,HHML Parts,45251KSP861S,DISC FR. BRAKE,2,2296.6,30008,0-00-00,,,,0-00-00
11885 - AMAN AUTOMOTIVES,11885,GHAZIABAD,11885-03-PLPO-0824-318,08-08-2024,SO Generated,STD,HHML Parts,45450AAD000S,CABLE COMP FR BRAKE,5,615.6,30008,0-00-00,,,,0-00-00
11885 - AMAN AUTOMOTIVES,11885,GHAZIABAD,11885-03-PLPO-0824-318,08-08-2024,SO Generated,STD,HHML Parts,46500ABW900S,PEDAL BRAKE,1,221.62,30008,0-00-00,,,,0-00-00
11885 - AMAN AUTOMOTIVES,11885,GHAZIABAD,11885-03-PLPO-0824-318,08-08-2024,SO Generated,STD,HHML Parts,50100AAE300S,FRAME BODY COMP,1,8027.46,30008,0-00-00,,,,0-00-00
11885 - AMAN AUTOMOTIVES,11885,GHAZIABAD,11885-03-PLPO-0824-318,08-08-2024,SO Generated,STD,HHML Parts,50200KZAW00ZCS,RIGHT SHROUD(NH-1 TYPE-3),1,554.04,30008,0-00-00,,,,0-00-00
11885 - AMAN AUTOMOTIVES,11885,GHAZIABAD,11885-03-PLPO-0824-318,08-08-2024,SO Generated,STD,HHML Parts,50512KTC900S,PIPE RR.BRK.PIVOT,3,300.42,30008,0-00-00,,,,0-00-00
11885 - AMAN AUTOMOTIVES,11885,GHAZIABAD,11885-03-PLPO-0824-318,08-08-2024,SO Generated,STD,HHML Parts,50661KVE860S,RUBBER STEP,2,71.8,30008,0-00-00,,,,0-00-00
11885 - AMAN AUTOMOTIVES,11885,GHAZIABAD,11885-03-PLPO-0824-318,08-08-2024,SO Generated,STD,HHML Parts,50720ABW800S,ARM R PILLION STEP,1,90.29,30008,0-00-00,,,,0-00-00
11885 - AMAN AUTOMOTIVES,11885,GHAZIABAD,11885-03-PLPO-0824-318,08-08-2024,SO Generated,STD,HHML Parts,52400KWH961ZAS,CUSHION ASSEMBLY REAR(NH-1 TYPE-1),2,1748.32,30008,0-00-00,,,,0-00-00
11885 - AMAN AUTOMOTIVES,11885,GHAZIABAD,11885-03-PLPO-0824-318,08-08-2024,SO Generated,STD,HHML Parts,53100ABW900S,PIPE STRG HANDLE,1,369.36,30008,0-00-00,,,,0-00-00
11885 - AMAN AUTOMOTIVES,11885,GHAZIABAD,11885-03-PLPO-0824-318,08-08-2024,SO Generated,STD,HHML Parts,53100ABZ000S,PIPE STRG HANDLE,1,287.28,30008,0-00-00,,,,0-00-00
11885 - AMAN AUTOMOTIVES,11885,GHAZIABAD,11885-03-PLPO-0824-318,08-08-2024,SO Generated,STD,HHML Parts,53181ABW100ZS,HAND GUARD RH PIGMENTED WHITE,1,109.17,30008,0-00-00,,,,0-00-00
11885 - AMAN AUTOMOTIVES,11885,GHAZIABAD,11885-03-PLPO-0824-318,08-08-2024,SO Generated,STD,HHML Parts,53182ABW100ZS,HAND GUARD LH PIGMENTED WHITE,1,109.17,30008,0-00-00,,,,0-00-00
11885 - AMAN AUTOMOTIVES,11885,GHAZIABAD,11885-03-PLPO-0824-318,08-08-2024,SO Generated,STD,HHML Parts,53200ACK000S,STEM COMP STRG,1,738.72,30008,0-00-00,,,,0-00-00
11885 - AMAN AUTOMOTIVES,11885,GHAZIABAD,11885-03-PLPO-0824-318,08-08-2024,SO Generated,STD,HHML Parts,61000AAHF00RS,FENDER FRONT NH-1,3,2166.93,30008,0-00-00,,,,0-00-00
11885 - AMAN AUTOMOTIVES,11885,GHAZIABAD,11885-03-PLPO-0824-318,08-08-2024,SO Generated,STD,HHML Parts,61000AAW000RS,FRONT FENDER(WH-004P),1,602.47,30008,0-00-00,,,,0-00-00
11885 - AMAN AUTOMOTIVES,11885,GHAZIABAD,11885-03-PLPO-0824-318,08-08-2024,SO Generated,STD,HHML Parts,61140AAW000S,SPEEDOMETER VISOR,2,369.36,30008,0-00-00,,,,0-00-00
11885 - AMAN AUTOMOTIVES,11885,GHAZIABAD,11885-03-PLPO-0824-318,08-08-2024,SO Generated,STD,HHML Parts,64140ABW100S,SCREEN WIND,1,313.55,30008,0-00-00,,,,0-00-00
11885 - AMAN AUTOMOTIVES,11885,GHAZIABAD,11885-03-PLPO-0824-318,08-08-2024,SO Generated,STD,HHML Parts,64300AAW300RS,COVER FR CENTER (PSWM WH004P),1,1604.67,30008,0-00-00,,,,0-00-00
11885 - AMAN AUTOMOTIVES,11885,GHAZIABAD,11885-03-PLPO-0824-318,08-08-2024,SO Generated,STD,HHML Parts,64301AAW000RS,COV. FRONT CENTER A(PSWM(WH-004P),1,517.11,30008,0-00-00,,,,0-00-00
11885 - AMAN AUTOMOTIVES,11885,GHAZIABAD,11885-03-PLPO-0824-318,08-08-2024,SO Generated,STD,HHML Parts,77235ADH700CS,REAR CENTER COWL NH303M,2,279.08,30008,0-00-00,,,,0-00-00
11885 - AMAN AUTOMOTIVES,11885,GHAZIABAD,11885-03-PLPO-0824-318,08-08-2024,SO Generated,STD,HHML Parts,77300AAE300RS,R SIDE COWL BLACK NH 1 TYPE 1,5,2052,30008,0-00-00,,,,0-00-00
11885 - AMAN AUTOMOTIVES,11885,GHAZIABAD,11885-03-PLPO-0824-318,08-08-2024,SO Generated,STD,HHML Parts,77300ADH700CS,REAR COWL RIGHT NH303M,2,820.8,30008,0-00-00,,,,0-00-00
11885 - AMAN AUTOMOTIVES,11885,GHAZIABAD,11885-03-PLPO-0824-318,08-08-2024,SO Generated,STD,HHML Parts,77400AAE300RS,L SIDE COWL BLACK NH 1 TYPE 1,5,2052,30008,0-00-00,,,,0-00-00
11885 - AMAN AUTOMOTIVES,11885,GHAZIABAD,11885-03-PLPO-0824-318,08-08-2024,SO Generated,STD,HHML Parts,77400ADH700CS,REAR COWL LEFT NH303M,2,820.8,30008,0-00-00,,,,0-00-00
11885 - AMAN AUTOMOTIVES,11885,GHAZIABAD,11885-03-PLPO-0824-318,08-08-2024,SO Generated,STD,HHML Parts,81131AAW000S,COV. INNER,1,435.03,30008,0-00-00,,,,0-00-00
11885 - AMAN AUTOMOTIVES,11885,GHAZIABAD,11885-03-PLPO-0824-318,08-08-2024,SO Generated,STD,HHML Parts,83402ACK000S,PANEL INNER,2,246.24,30008,0-00-00,,,,0-00-00
11885 - AMAN AUTOMOTIVES,11885,GHAZIABAD,11885-03-PLPO-0824-318,08-08-2024,SO Generated,STD,HHML Parts,83407KCC902S,CUSHION FR.VISOR,200,1836,30008,0-00-00,,,,0-00-00
11885 - AMAN AUTOMOTIVES,11885,GHAZIABAD,11885-03-PLPO-0824-318,08-08-2024,SO Generated,STD,HHML Parts,83500AAE300RS,R SIDE COVER BLACK NH 1 TYPE 1,2,1234.48,30008,0-00-00,,,,0-00-00
11885 - AMAN AUTOMOTIVES,11885,GHAZIABAD,11885-03-PLPO-0824-318,08-08-2024,SO Generated,STD,HHML Parts,83500AAEB00SS,SET R SIDE COVER BLACK NH-1(T1),1,521.21,30008,0-00-00,,,,0-00-00
11885 - AMAN AUTOMOTIVES,11885,GHAZIABAD,11885-03-PLPO-0824-318,08-08-2024,SO Generated,STD,HHML Parts,83500AAHF00RS,R SIDE COVER BLACK NH-1(T1),1,525.31,30008,0-00-00,,,,0-00-00
11885 - AMAN AUTOMOTIVES,11885,GHAZIABAD,11885-03-PLPO-0824-318,08-08-2024,SO Generated,STD,HHML Parts,83500AAHF00TS,R SIDE COVER BLACK NH-1(T3),1,525.31,30008,0-00-00,,,,0-00-00
11885 - AMAN AUTOMOTIVES,11885,GHAZIABAD,11885-03-PLPO-0824-318,08-08-2024,SO Generated,STD,HHML Parts,83500ACK000TS,R. SIDE COVER (BLACK-3) (W/O I3S),2,1034.22,30008,0-00-00,,,,0-00-00
11885 - AMAN AUTOMOTIVES,11885,GHAZIABAD,11885-03-PLPO-0824-318,08-08-2024,SO Generated,STD,HHML Parts,83500ACK010RS,R. SIDE COVER (BLACK-1),2,901.24,30008,0-00-00,,,,0-00-00
11885 - AMAN AUTOMOTIVES,11885,GHAZIABAD,11885-03-PLPO-0824-318,08-08-2024,SO Generated,STD,HHML Parts,83500ACK010TS,R. SIDE COVER (BLACK-3),2,901.24,30008,0-00-00,,,,0-00-00
11885 - AMAN AUTOMOTIVES,11885,GHAZIABAD,11885-03-PLPO-0824-318,08-08-2024,SO Generated,STD,HHML Parts,83500ADH700CS,RIGHT SIDE COVER NH303M,1,574.56,30008,0-00-00,,,,0-00-00
11885 - AMAN AUTOMOTIVES,11885,GHAZIABAD,11885-03-PLPO-0824-318,08-08-2024,SO Generated,STD,HHML Parts,83502KCC900S,GROMMET SIDE COVER,40,334,30008,0-00-00,,,,0-00-00
11885 - AMAN AUTOMOTIVES,11885,GHAZIABAD,11885-03-PLPO-0824-318,08-08-2024,SO Generated,STD,HHML Parts,83551300000S,GROMMET AIR CLN.CASE,40,334,30008,0-00-00,,,,0-00-00
11885 - AMAN AUTOMOTIVES,11885,GHAZIABAD,11885-03-PLPO-0824-318,08-08-2024,SO Generated,STD,HHML Parts,83600AAE300RS,L SIDE COVER BLACK NH 1 TYPE 1,2,1234.48,30008,0-00-00,,,,0-00-00
11885 - AMAN AUTOMOTIVES,11885,GHAZIABAD,11885-03-PLPO-0824-318,08-08-2024,SO Generated,STD,HHML Parts,83600AAEB00SS,SET L SIDE COVER BLACK NH-1(T1),1,521.21,30008,0-00-00,,,,0-00-00
11885 - AMAN AUTOMOTIVES,11885,GHAZIABAD,11885-03-PLPO-0824-318,08-08-2024,SO Generated,STD,HHML Parts,83600AAHF00RS,L SIDE COVER BLACK NH-1(T1),1,525.31,30008,0-00-00,,,,0-00-00
11885 - AMAN AUTOMOTIVES,11885,GHAZIABAD,11885-03-PLPO-0824-318,08-08-2024,SO Generated,STD,HHML Parts,83600AAHF00TS,L SIDE COVER BLACK NH-1(T3),1,525.31,30008,0-00-00,,,,0-00-00
11885 - AMAN AUTOMOTIVES,11885,GHAZIABAD,11885-03-PLPO-0824-318,08-08-2024,SO Generated,STD,HHML Parts,83600ACK000TS,L. SIDE COVER (BLACK-3) (W/O I3S),2,1034.22,30008,0-00-00,,,,0-00-00
11885 - AMAN AUTOMOTIVES,11885,GHAZIABAD,11885-03-PLPO-0824-318,08-08-2024,SO Generated,STD,HHML Parts,83600ACK010RS,L. SIDE COVER (BLACK-1),2,901.24,30008,0-00-00,,,,0-00-00
11885 - AMAN AUTOMOTIVES,11885,GHAZIABAD,11885-03-PLPO-0824-318,08-08-2024,SO Generated,STD,HHML Parts,83600ACK010TS,L. SIDE COVER (BLACK-3),2,901.24,30008,0-00-00,,,,0-00-00
11885 - AMAN AUTOMOTIVES,11885,GHAZIABAD,11885-03-PLPO-0824-318,08-08-2024,SO Generated,STD,HHML Parts,88110AAW000S,MIRROR ASSEMBLY RIGHT BACK,1,258.79,30008,0-00-00,,,,0-00-00
11885 - AMAN AUTOMOTIVES,11885,GHAZIABAD,11885-03-PLPO-0824-318,08-08-2024,SO Generated,STD,HHML Parts,88120AAW000S,MIRROR ASSEMBLY LEFT BACK,1,258.79,30008,0-00-00,,,,0-00-00
11885 - AMAN AUTOMOTIVES,11885,GHAZIABAD,11885-03-PLPO-0824-318,08-08-2024,SO Generated,STD,HHML Parts,90108223000S,SCREW S.STAND PIVOT,20,250.4,30008,0-00-00,,,,0-00-00
11885 - AMAN AUTOMOTIVES,11885,GHAZIABAD,11885-03-PLPO-0824-318,08-08-2024,SO Generated,STD,HHML Parts,9281110000S,BOLT'A'BRAKE STOPER,100,918,30008,0-00-00,,,,0-00-00
11885 - AMAN AUTOMOTIVES,11885,GHAZIABAD,11885-03-PLPO-0824-318,08-08-2024,SO Generated,STD,HHML Parts,9501471702S,SPRING G MAIN STAND,20,467.4,30008,0-00-00,,,,0-00-00
11885 - AMAN AUTOMOTIVES,11885,GHAZIABAD,11885-03-PLPO-0824-318,08-08-2024,SO Generated,STD,HHML Parts,K41412ABAA001S,"KIT, CHAIN SPROCKET",3,1969.92,30008,0-00-00,,,,0-00-00
11885 - AMAN AUTOMOTIVES,11885,GHAZIABAD,11885-03-PLPO-0824-318,08-08-2024,SO Generated,STD,HHML Parts,K55912HF100DS,OIL SEAL KIT,10,901.6,30008,0-00-00,,,,0-00-00
11885 - AMAN AUTOMOTIVES,11885,GHAZIABAD,11885-03-PLPO-0824-318,08-08-2024,SO Generated,STD,HHML Parts,K83834AAEAH00SS,KIT STRIPES,5,630.3,30008,0-00-00,,,,0-00-00
11885 - AMAN AUTOMOTIVES,11885,GHAZIABAD,11885-03-PLPO-0824-318,08-08-2024,SO Generated,STD,HHML Parts,K83834AAED200SS,KIT STRIPES,10,1260.6,30008,0-00-00,,,,0-00-00
11885 - AMAN AUTOMOTIVES,11885,GHAZIABAD,11885-03-PLPO-0824-318,08-08-2024,SO Generated,STD,HHML Parts,K83834AAEE300RS,KIT STRIPES,10,1920,30008,0-00-00,,,,0-00-00
11885 - AMAN AUTOMOTIVES,11885,GHAZIABAD,11885-03-PLPO-0824-319,08-08-2024,SO Generated,STD,HDX Parts,HDH06435ACA000S,BRAKE PAD,3,714.09,30008,0-00-00,,,,0-00-00
11885 - AMAN AUTOMOTIVES,11885,GHAZIABAD,11885-03-PLPO-0824-319,08-08-2024,SO Generated,STD,HDX Parts,HDH06455ACA000S,BRAKE PAD,1,205.2,30008,0-00-00,,,,0-00-00
11885 - AMAN AUTOMOTIVES,11885,GHAZIABAD,11885-03-PLPO-0824-319,08-08-2024,SO Generated,STD,HDX Parts,HDH15410ACA001S,OIL FILTER CATRIDGE,5,333.9,30008,0-00-00,,,,0-00-00
11885 - AMAN AUTOMOTIVES,11885,GHAZIABAD,11885-03-PLPO-0824-319,08-08-2024,SO Generated,STD,HDX Parts,HDH16700RAA000S,UNIT ASSEMBLY FUEL PUMP,1,4760.66,30008,0-00-00,,,,0-00-00
11885 - AMAN AUTOMOTIVES,11885,GHAZIABAD,11885-03-PLPO-0824-319,08-08-2024,SO Generated,STD,HDX Parts,HDH17208RAA000S,ELEMENT COMPLETE AIR CLEANER,3,425.76,30008,0-00-00,,,,0-00-00
11885 - AMAN AUTOMOTIVES,11885,GHAZIABAD,11885-03-PLPO-0824-319,08-08-2024,SO Generated,STD,HDX Parts,HDH22870RAA000S,CABLE COMPLETE CLUTCH,3,344.73,30008,0-00-00,,,,0-00-00
11885 - AMAN AUTOMOTIVES,11885,GHAZIABAD,11885-03-PLPO-0824-319,08-08-2024,SO Generated,STD,HDX Parts,HDH31916ABW801S,SPARK PLUG REK6YCA,5,1518.5,30008,0-00-00,,,,0-00-00
11885 - AMAN AUTOMOTIVES,11885,GHAZIABAD,11885-03-PLPO-0824-319,08-08-2024,SO Generated,STD,HDX Parts,HDH33400RAA001S,WINKER ASSEMBLY RIGHT FRONT,1,542.62,30008,0-00-00,,,,0-00-00
11885 - AMAN AUTOMOTIVES,11885,GHAZIABAD,11885-03-PLPO-0824-319,08-08-2024,SO Generated,STD,HDX Parts,HDH33450RAA001S,WINKER ASSEMBLY LEFT FRONT,1,542.62,30008,0-00-00,,,,0-00-00
11885 - AMAN AUTOMOTIVES,11885,GHAZIABAD,11885-03-PLPO-0824-319,08-08-2024,SO Generated,STD,HDX Parts,HDH35010RAA001HS,KEY SET MATTE SHIELD SILVER,1,1419.17,30008,0-00-00,,,,0-00-00
11885 - AMAN AUTOMOTIVES,11885,GHAZIABAD,11885-03-PLPO-0824-319,08-08-2024,SO Generated,STD,HDX Parts,HDH35010RAA001QS,KEY SET MATTE SHIELD GOLD,1,1419.17,30008,0-00-00,,,,0-00-00
11885 - AMAN AUTOMOTIVES,11885,GHAZIABAD,11885-03-PLPO-0824-319,08-08-2024,SO Generated,STD,HDX Parts,HDH35150RAA001S,SWITCH ASSEMBLY ENG STOP AND START,1,1293.95,30008,0-00-00,,,,0-00-00
11885 - AMAN AUTOMOTIVES,11885,GHAZIABAD,11885-03-PLPO-0824-319,08-08-2024,SO Generated,STD,HDX Parts,HDH36532RAA001S,OXYGEN SENSOR HEATED,1,2212.23,30008,0-00-00,,,,0-00-00
11885 - AMAN AUTOMOTIVES,11885,GHAZIABAD,11885-03-PLPO-0824-319,08-08-2024,SO Generated,STD,HDX Parts,HDH40530RAA002S,DRIVE CHAIN,0,0,30008,0-00-00,,,,0-00-00
11885 - AMAN AUTOMOTIVES,11885,GHAZIABAD,11885-03-PLPO-0824-319,08-08-2024,SO Generated,STD,HDX Parts,HDH41201RAA000S,SPROCKET FINAL DRIVEN 39T,1,377.57,30008,0-00-00,,,,0-00-00
11885 - AMAN AUTOMOTIVES,11885,GHAZIABAD,11885-03-PLPO-0824-320,08-08-2024,SO Generated,STD,VIDA Parts,VD31850ACP001S,PORTABLE BATTERY CHARGER,1,17060.07,30008,8/22/2024,1,15665.85,11885-03-PGRN-0824-476,8/29/2024
11885 - AMAN AUTOMOTIVES,11885,GHAZIABAD,11885-03-PLPO-0824-320,08-08-2024,SO Generated,STD,VIDA Parts,VD35150ACP001S,SW ASSEMBLY THROTTLE AND START,1,1673.78,30008,08-08-2024,1,1522.04,11885-03-PGRN-0824-426,8/14/2024
11885 - AMAN AUTOMOTIVES,11885,GHAZIABAD,11885-03-PLPO-0824-320,08-08-2024,SO Generated,STD,VIDA Parts,VD35200ACP003S,SWITCH ASSEMBLY WINKER,1,626.1,30008,8/28/2024,1,569.34,11885-03-PGRN-0824-479,8/30/2024
11885 - AMAN AUTOMOTIVES,11885,GHAZIABAD,11885-03-PLPO-0824-320,08-08-2024,SO Generated,STD,VIDA Parts,VD45125AAHF0099S,SHOE COMPLETE BRAKE(JB),10,1108.1,30008,8/14/2024,4,399.88,11885-03-PGRN-0824-439,8/19/2024
11885 - AMAN AUTOMOTIVES,11885,GHAZIABAD,11885-03-PLPO-0824-320,08-08-2024,SO Generated,STD,VIDA Parts,VD45125AAHF0099S,SHOE COMPLETE BRAKE(JB),10,1108.1,30008,8/14/2024,6,599.82,11885-03-PGRN-0824-438,8/19/2024
11885 - AMAN AUTOMOTIVES,11885,GHAZIABAD,11885-03-PLPO-0824-320,08-08-2024,SO Generated,STD,VIDA Parts,VD45508ACP000S,LEVER SET,1,217.51,30008,8/14/2024,1,196.24,11885-03-PGRN-0824-438,8/19/2024
11885 - AMAN AUTOMOTIVES,11885,GHAZIABAD,11885-03-PLPO-0824-320,08-08-2024,SO Generated,STD,VIDA Parts,VD52400ACP000S,CUSHION ASSEMBLY REAR,2,2971.3,30008,8/22/2024,2,2680.72,11885-03-PGRN-0824-476,8/29/2024
11885 - AMAN AUTOMOTIVES,11885,GHAZIABAD,11885-03-PLPO-0824-320,08-08-2024,SO Generated,STD,VIDA Parts,VD53178ACP000S,LEVER L HANDLE,3,295.5,30008,8/14/2024,3,266.58,11885-03-PGRN-0824-438,8/19/2024
11885 - AMAN AUTOMOTIVES,11885,GHAZIABAD,11885-03-PLPO-0824-321,08-08-2024,SO Generated,STD,HHML Parts,11345AAW000S,DUCT L COVER,1,66.49,30008,08-08-2024,1,59.98,11885-03-PGRN-0824-391,08-09-2024
11885 - AMAN AUTOMOTIVES,11885,GHAZIABAD,11885-03-PLPO-0824-321,08-08-2024,SO Generated,STD,HHML Parts,83500ACK000TS,R. SIDE COVER (BLACK-3) (W/O I3S),1,517.11,30008,08-08-2024,1,466.54,11885-03-PGRN-0824-391,08-09-2024
11885 - AMAN AUTOMOTIVES,11885,GHAZIABAD,11885-03-PLPO-0824-322,08-08-2024,SO Generated,VOR,HHML Parts,31304ABZ601S,USB CHARGER,1,488.36,30008,08-12-2024,1,444.09,11885-03-PGRN-0824-414,8/14/2024
11885 - AMAN AUTOMOTIVES,11885,GHAZIABAD,11885-03-PLPO-0824-323,08-08-2024,SO Generated,STD,HHML Parts,16100ABS000S,CARBURETTOR ASSY,1,2076.63,23061,08-08-2024,1,2076.63,11885-03-PGRN-0824-390,08-08-2024
11885 - AMAN AUTOMOTIVES,11885,GHAZIABAD,11885-03-PLPO-0824-323,08-08-2024,SO Generated,STD,HHML Parts,17950AAW300S,CABLE COMP. CHOKE,1,139.54,23061,0-00-00,,,,0-00-00
11885 - AMAN AUTOMOTIVES,11885,GHAZIABAD,11885-03-PLPO-0824-323,08-08-2024,SO Generated,STD,HHML Parts,22120AAF401S,CENTER CLUTCH,1,254.62,23061,08-08-2024,1,254.62,11885-03-PGRN-0824-390,08-08-2024
11885 - AMAN AUTOMOTIVES,11885,GHAZIABAD,11885-03-PLPO-0824-323,08-08-2024,SO Generated,STD,HHML Parts,34906447710S,BULB TAIL & STOP LIGHT,10,208.7,23061,08-08-2024,10,208.7,11885-03-PGRN-0824-390,08-08-2024
11885 - AMAN AUTOMOTIVES,11885,GHAZIABAD,11885-03-PLPO-0824-324,08-08-2024,SO Generated,VOR,HHML Parts,17550ABZ600TS,SET TANK COVER R SIDE MAGM NH 303M,1,1541.47,30008,08-10-2024,1,1390.72,11885-03-PGRN-0824-417,8/14/2024
11885 - AMAN AUTOMOTIVES,11885,GHAZIABAD,11885-03-PLPO-0824-324,08-08-2024,SO Generated,VOR,HHML Parts,17580ABZ600TS,SET TANK COVER RR MAGM NH 303M,1,1125.32,30008,08-10-2024,1,1015.27,11885-03-PGRN-0824-417,8/14/2024
11885 - AMAN AUTOMOTIVES,11885,GHAZIABAD,11885-03-PLPO-0824-324,08-08-2024,SO Generated,VOR,HHML Parts,33400ABZ001S,WINKER ASSY R FR,1,271.31,30008,08-10-2024,1,246.72,11885-03-PGRN-0824-417,8/14/2024
11885 - AMAN AUTOMOTIVES,11885,GHAZIABAD,11885-03-PLPO-0824-324,08-08-2024,SO Generated,VOR,HHML Parts,37113ABZ011S,GLASS ASSY,1,123.55,30008,08-10-2024,1,112.35,11885-03-PGRN-0824-417,8/14/2024
11885 - AMAN AUTOMOTIVES,11885,GHAZIABAD,11885-03-PLPO-0824-324,08-08-2024,SO Generated,VOR,HHML Parts,53200ABZ000S,STEM COMP STEERING,1,1284.56,30008,8/14/2024,1,1158.93,11885-03-PGRN-0824-441,8/19/2024
11885 - AMAN AUTOMOTIVES,11885,GHAZIABAD,11885-03-PLPO-0824-324,08-08-2024,SO Generated,VOR,HHML Parts,61101ABZ000TS,FRONT FENDER (NH-303M),1,1083.46,30008,08-10-2024,1,977.5,11885-03-PGRN-0824-417,8/14/2024
11885 - AMAN AUTOMOTIVES,11885,GHAZIABAD,11885-03-PLPO-0824-324,08-08-2024,SO Generated,VOR,HHML Parts,77240ABZ600TS,COVER RIGHT SIDE NH-303M,1,425.18,30008,08-10-2024,1,383.6,11885-03-PGRN-0824-417,8/14/2024
11885 - AMAN AUTOMOTIVES,11885,GHAZIABAD,11885-03-PLPO-0824-324,08-08-2024,SO Generated,VOR,Seat Cover EL,50435ABZ000TS,ACCESSORIES GRIP REAR RIGHT NH-303M T1,1,334.8,30008,08-10-2024,1,341.69,11885-03-PGRN-0824-417,8/14/2024
11885 - AMAN AUTOMOTIVES,11885,GHAZIABAD,11885-03-PLPO-0824-325,08-09-2024,Submitted,STD,HHML Parts,18312ABW200S,ASSY COVER MUFFLER - 1,1,270.87,10765,0-00-00,,,,0-00-00
11885 - AMAN AUTOMOTIVES,11885,GHAZIABAD,11885-03-PLPO-0824-326,08-09-2024,SO Generated,STD,HHML Parts,18312ABW000S,ASSY COVER MUFFLER - 1,1,266.76,11864,08-09-2024,1,266.76,,0-00-00
11885 - AMAN AUTOMOTIVES,11885,GHAZIABAD,11885-03-PLPO-0824-328,08-09-2024,SO Generated,VOR,HHML Parts,1831AABW300S,MUFFLER PROTECTOR ASSY,1,329.14,30008,08-10-2024,1,296.95,11885-03-PGRN-0824-418,8/14/2024
11885 - AMAN AUTOMOTIVES,11885,GHAZIABAD,11885-03-PLPO-0824-329,08-09-2024,SO Generated,VOR,HHML Parts,24701ACA000S,PEDAL GEAR CHANGE,1,57.46,30008,08-12-2024,1,51.84,11885-03-PGRN-0824-427,8/14/2024
11885 - AMAN AUTOMOTIVES,11885,GHAZIABAD,11885-03-PLPO-0824-329,08-09-2024,SO Generated,VOR,HHML Parts,53104AAK900S,WEIGHT STRG HNDL,2,200.28,30008,08-12-2024,2,180.68,11885-03-PGRN-0824-427,8/14/2024
11885 - AMAN AUTOMOTIVES,11885,GHAZIABAD,11885-03-PLPO-0824-331,08-10-2024,SO Generated,STD,HHML Parts,13000AAF000S,CRANK SHAFT COMP,2,7596.72,11315,08-10-2024,2,7596.72,11885-03-PGRN-0824-406,08-10-2024
11885 - AMAN AUTOMOTIVES,11885,GHAZIABAD,11885-03-PLPO-0824-331,08-10-2024,SO Generated,STD,HHML Parts,61301AAM000S,FRONT COWL (INNER),1,309.44,11315,08-10-2024,1,309.44,11885-03-PGRN-0824-406,08-10-2024
11885 - AMAN AUTOMOTIVES,11885,GHAZIABAD,11885-03-PLPO-0824-332,08-10-2024,SO Generated,STD,HHML Parts,14451ABF000S,SHAFT ROCKER ARM,2,98.5,10765,08-10-2024,2,98.5,11885-03-PGRN-0824-408,08-10-2024
11885 - AMAN AUTOMOTIVES,11885,GHAZIABAD,11885-03-PLPO-0824-332,08-10-2024,SO Generated,STD,HHML Parts,17910KTN700S,CABLE COMP.THROTTLE,1,88.65,10765,08-10-2024,1,88.65,11885-03-PGRN-0824-408,08-10-2024
11885 - AMAN AUTOMOTIVES,11885,GHAZIABAD,11885-03-PLPO-0824-332,08-10-2024,SO Generated,STD,HHML Parts,20K910S,CHAIN SPROCKET KIT (ACHIEVER),1,714.1,10765,08-10-2024,1,714.1,11885-03-PGRN-0824-408,08-10-2024
11885 - AMAN AUTOMOTIVES,11885,GHAZIABAD,11885-03-PLPO-0824-332,08-10-2024,SO Generated,STD,HHML Parts,45251KVE901S,DISC FRONT BRAKE,1,1148.3,10765,08-10-2024,1,1148.3,11885-03-PGRN-0824-408,08-10-2024
11885 - AMAN AUTOMOTIVES,11885,GHAZIABAD,11885-03-PLPO-0824-333,08-10-2024,SO Generated,VOR,HHML Parts,12101KTP900S,CYLINDER,1,1518.49,30008,08-12-2024,1,1369.98,11885-03-PGRN-0824-415,8/14/2024
11885 - AMAN AUTOMOTIVES,11885,GHAZIABAD,11885-03-PLPO-0824-333,08-10-2024,SO Generated,VOR,HHML Parts,13101AAL400S,PISTON,1,250.35,30008,08-12-2024,1,225.86,11885-03-PGRN-0824-415,8/14/2024
11885 - AMAN AUTOMOTIVES,11885,GHAZIABAD,11885-03-PLPO-0824-334,08-10-2024,SO Generated,VOR,HHML Parts,24701ACA000S,PEDAL GEAR CHANGE,1,57.46,30008,8/14/2024,1,51.84,11885-03-PGRN-0824-440,8/19/2024
11885 - AMAN AUTOMOTIVES,11885,GHAZIABAD,11885-03-PLPO-0824-334,08-10-2024,SO Generated,VOR,HHML Parts,50702ACA000S,HOLDER PILLION STEP LEFT,1,476.07,30008,8/13/2024,1,429.51,11885-03-PGRN-0824-442,8/19/2024
11885 - AMAN AUTOMOTIVES,11885,GHAZIABAD,11885-03-PLPO-0824-334,08-10-2024,SO Generated,VOR,HHML Parts,53104AAK900S,WEIGHT STRG HNDL,2,200.28,30008,8/16/2024,2,180.68,11885-03-PGRN-0824-435,8/19/2024
11885 - AMAN AUTOMOTIVES,11885,GHAZIABAD,11885-03-PLPO-0824-334,08-10-2024,SO Generated,VOR,HHML Parts,5315BACA000S,HANDLEBAR ASSEMBLY LEFT,1,1887.85,30008,8/13/2024,1,1703.22,11885-03-PGRN-0824-442,8/19/2024
11885 - AMAN AUTOMOTIVES,11885,GHAZIABAD,11885-03-PLPO-0824-334,08-10-2024,SO Generated,VOR,HHML Parts,61000ACA000CS,FENDER FRONT G(D)-008M(F),1,705.89,30008,8/13/2024,1,636.86,11885-03-PGRN-0824-442,8/19/2024
11885 - AMAN AUTOMOTIVES,11885,GHAZIABAD,11885-03-PLPO-0824-334,08-10-2024,SO Generated,VOR,HHML Parts,64500ACA000CS,FAIRING LEFT SIDE G(D)-008M(F),1,952.13,30008,8/13/2024,1,859.02,11885-03-PGRN-0824-442,8/19/2024
11885 - AMAN AUTOMOTIVES,11885,GHAZIABAD,11885-03-PLPO-0824-334,08-10-2024,SO Generated,VOR,HHML Parts,83402ACA000S,PANEL INNER CENTRE,1,62.6,30008,8/13/2024,1,56.47,11885-03-PGRN-0824-442,8/19/2024
11885 - AMAN AUTOMOTIVES,11885,GHAZIABAD,11885-03-PLPO-0824-334,08-10-2024,SO Generated,VOR,HHML Parts,88120ACA001S,MIRROR ASSEMBLY L BACK,1,525.93,30008,8/13/2024,1,478.25,11885-03-PGRN-0824-442,8/19/2024
11885 - AMAN AUTOMOTIVES,11885,GHAZIABAD,11885-03-PLPO-0824-335,08-10-2024,SO Generated,VOR,HHML Parts,64301ABG200US,"COV FR CENTER A MCBR, RD(BR)-001C",1,525.31,30008,08-12-2024,1,473.94,11885-03-PGRN-0824-428,8/14/2024
11885 - AMAN AUTOMOTIVES,11885,GHAZIABAD,11885-03-PLPO-0824-335,08-10-2024,SO Generated,VOR,HHML Parts,64310ABH200US,COVER FR CENTER MCBR RD BR 001C F,1,1749.95,30008,08-12-2024,1,1578.81,11885-03-PGRN-0824-428,8/14/2024
11885 - AMAN AUTOMOTIVES,11885,GHAZIABAD,11885-03-PLPO-0824-336,08-11-2024,SO Generated,STD,HHML Parts,11191AAH00099S,GASKET CRANK CASE,5,271.3,30008,08-12-2024,5,246.7,11885-03-PGRN-0824-436,8/19/2024
11885 - AMAN AUTOMOTIVES,11885,GHAZIABAD,11885-03-PLPO-0824-336,08-11-2024,SO Generated,STD,HHML Parts,11203AAW000S,UNDER RUBBER BUSH REAR CUSHION,3,60.12,30008,0-00-00,,,,0-00-00
11885 - AMAN AUTOMOTIVES,11885,GHAZIABAD,11885-03-PLPO-0824-336,08-11-2024,SO Generated,STD,HHML Parts,11394KWS901S,GASKET R CRANK CASE COVER,2,267.14,30008,0-00-00,,,,0-00-00
11885 - AMAN AUTOMOTIVES,11885,GHAZIABAD,11885-03-PLPO-0824-336,08-11-2024,SO Generated,STD,HHML Parts,11395ACK00099S,GASKET L CRANK CASE COVER,5,187.85,30008,08-12-2024,5,170.8,11885-03-PGRN-0824-436,8/19/2024
11885 - AMAN AUTOMOTIVES,11885,GHAZIABAD,11885-03-PLPO-0824-336,08-11-2024,SO Generated,STD,HHML Parts,11395KWS900S,GASKET L CRANK CASE COVER,2,116.88,30008,0-00-00,,,,0-00-00
11885 - AMAN AUTOMOTIVES,11885,GHAZIABAD,11885-03-PLPO-0824-336,08-11-2024,SO Generated,STD,HHML Parts,12100ABF000S,CYLINDER COMP,1,2318.77,30008,0-00-00,,,,0-00-00
11885 - AMAN AUTOMOTIVES,11885,GHAZIABAD,11885-03-PLPO-0824-336,08-11-2024,SO Generated,STD,HHML Parts,12391ABW800S,GASKET HEAD COVER,2,108.52,30008,0-00-00,,,,0-00-00
11885 - AMAN AUTOMOTIVES,11885,GHAZIABAD,11885-03-PLPO-0824-336,08-11-2024,SO Generated,STD,HHML Parts,12391KRM840S,GASKET HEAD COVER,5,208.7,30008,08-12-2024,5,189.8,11885-03-PGRN-0824-436,8/19/2024
11885 - AMAN AUTOMOTIVES,11885,GHAZIABAD,11885-03-PLPO-0824-336,08-11-2024,SO Generated,STD,HHML Parts,12391KWP900S,GASKET HEAD COVER,2,141.92,30008,08-12-2024,2,129.06,11885-03-PGRN-0824-436,8/19/2024
11885 - AMAN AUTOMOTIVES,11885,GHAZIABAD,11885-03-PLPO-0824-336,08-11-2024,SO Generated,STD,HHML Parts,13000AAF000S,CRANK SHAFT COMP,5,18991.8,30008,8/13/2024,5,17270.05,11885-03-PGRN-0824-437,8/19/2024
11885 - AMAN AUTOMOTIVES,11885,GHAZIABAD,11885-03-PLPO-0824-336,08-11-2024,SO Generated,STD,HHML Parts,17910ACL000S,CABLE COMPLETE THROTTLE,7,804.37,30008,08-12-2024,7,725.69,11885-03-PGRN-0824-436,8/19/2024
11885 - AMAN AUTOMOTIVES,11885,GHAZIABAD,11885-03-PLPO-0824-336,08-11-2024,SO Generated,STD,HHML Parts,17920KZN305S,CABLE THROT,1,233.93,30008,08-12-2024,1,211.05,11885-03-PGRN-0824-436,8/19/2024
11885 - AMAN AUTOMOTIVES,11885,GHAZIABAD,11885-03-PLPO-0824-336,08-11-2024,SO Generated,STD,HHML Parts,20K910S,CHAIN SPROCKET KIT (ACHIEVER),1,714.1,30008,8/13/2024,1,644.26,11885-03-PGRN-0824-437,8/19/2024
11885 - AMAN AUTOMOTIVES,11885,GHAZIABAD,11885-03-PLPO-0824-336,08-11-2024,SO Generated,STD,HHML Parts,21K270S,CYLINDER KIT (SPL PRO),3,6156.03,30008,08-12-2024,3,5553.99,11885-03-PGRN-0824-436,8/19/2024
11885 - AMAN AUTOMOTIVES,11885,GHAZIABAD,11885-03-PLPO-0824-336,08-11-2024,SO Generated,STD,HHML Parts,22110AAHH40S,OUTER COMP.CLUTCH,2,2003.52,30008,08-12-2024,2,1821.9,11885-03-PGRN-0824-436,8/19/2024
11885 - AMAN AUTOMOTIVES,11885,GHAZIABAD,11885-03-PLPO-0824-336,08-11-2024,SO Generated,STD,HHML Parts,22120KWS901S,CENTER CLUTCH,1,209.3,30008,08-12-2024,1,188.84,11885-03-PGRN-0824-436,8/19/2024
11885 - AMAN AUTOMOTIVES,11885,GHAZIABAD,11885-03-PLPO-0824-336,08-11-2024,SO Generated,STD,HHML Parts,22201AANB01S,DISK CLUTCHFRICTION,20,2337.4,30008,08-12-2024,20,2125.6,11885-03-PGRN-0824-436,8/19/2024
11885 - AMAN AUTOMOTIVES,11885,GHAZIABAD,11885-03-PLPO-0824-336,08-11-2024,SO Generated,STD,HHML Parts,22355KWS901S,PLATE CLUTCH PRESSURE,2,320.12,30008,08-12-2024,2,288.8,11885-03-PGRN-0824-436,8/19/2024
11885 - AMAN AUTOMOTIVES,11885,GHAZIABAD,11885-03-PLPO-0824-336,08-11-2024,SO Generated,STD,HHML Parts,23112AAJH10S,COLLAR DRIVEN GEAR,1,88.65,30008,08-12-2024,1,79.98,11885-03-PGRN-0824-436,8/19/2024
11885 - AMAN AUTOMOTIVES,11885,GHAZIABAD,11885-03-PLPO-0824-336,08-11-2024,SO Generated,STD,HHML Parts,23431GN5910S,GEAR M2 17T,10,5540.4,30008,08-12-2024,10,4998.6,11885-03-PGRN-0824-436,8/19/2024
11885 - AMAN AUTOMOTIVES,11885,GHAZIABAD,11885-03-PLPO-0824-336,08-11-2024,SO Generated,STD,HHML Parts,30510AAC801S,COIL COMP IGNITION,1,207.87,30008,08-12-2024,1,189.02,11885-03-PGRN-0824-436,8/19/2024
11885 - AMAN AUTOMOTIVES,11885,GHAZIABAD,11885-03-PLPO-0824-336,08-11-2024,SO Generated,STD,HHML Parts,30510AAE30099S,COIL COMP IGNITION,3,738.72,30008,0-00-00,,,,0-00-00
11885 - AMAN AUTOMOTIVES,11885,GHAZIABAD,11885-03-PLPO-0824-336,08-11-2024,SO Generated,STD,HHML Parts,30510AAW001S,COIL COMP. IGNITION,2,467.86,30008,08-12-2024,2,422.1,11885-03-PGRN-0824-436,8/19/2024
11885 - AMAN AUTOMOTIVES,11885,GHAZIABAD,11885-03-PLPO-0824-336,08-11-2024,SO Generated,STD,HHML Parts,30510ACK00099S,COIL COMP. IGNITION,2,492.48,30008,08-12-2024,2,444.32,11885-03-PGRN-0824-436,8/19/2024
11885 - AMAN AUTOMOTIVES,11885,GHAZIABAD,11885-03-PLPO-0824-336,08-11-2024,SO Generated,STD,HHML Parts,30700AAE30099S,CAP ASSY NOISE SUPPRESSOR,10,768,30008,08-12-2024,10,698.4,11885-03-PGRN-0824-436,8/19/2024
11885 - AMAN AUTOMOTIVES,11885,GHAZIABAD,11885-03-PLPO-0824-336,08-11-2024,SO Generated,STD,HHML Parts,33450ABWJ01S,WINKER ASSEMBLY LEFT FRONT,1,333.92,30008,08-12-2024,1,303.65,11885-03-PGRN-0824-436,8/19/2024
11885 - AMAN AUTOMOTIVES,11885,GHAZIABAD,11885-03-PLPO-0824-336,08-11-2024,SO Generated,STD,HHML Parts,35010AAE301S,"""KIT, LOCKS & KEYS""",3,2066.13,30008,08-12-2024,3,1878.84,11885-03-PGRN-0824-436,8/19/2024
11885 - AMAN AUTOMOTIVES,11885,GHAZIABAD,11885-03-PLPO-0824-336,08-11-2024,SO Generated,STD,HHML Parts,35010AAEH00S,"KIT, LOCKS & KEYS",2,1502.64,30008,08-12-2024,2,1366.42,11885-03-PGRN-0824-436,8/19/2024
11885 - AMAN AUTOMOTIVES,11885,GHAZIABAD,11885-03-PLPO-0824-336,08-11-2024,SO Generated,STD,HHML Parts,35010ACK00099S,"KIT, LOCKS & KEYS",3,2279.01,30008,08-12-2024,3,2072.4,11885-03-PGRN-0824-436,8/19/2024
11885 - AMAN AUTOMOTIVES,11885,GHAZIABAD,11885-03-PLPO-0824-336,08-11-2024,SO Generated,STD,HHML Parts,37100AAC83099S,METER ASSY COMB,1,2939.3,30008,08-12-2024,1,2651.84,11885-03-PGRN-0824-436,8/19/2024
11885 - AMAN AUTOMOTIVES,11885,GHAZIABAD,11885-03-PLPO-0824-336,08-11-2024,SO Generated,STD,HHML Parts,37100AACK03099S,METER ASSEMBLY COMBINATION,1,3270.9,30008,08-12-2024,1,2951.02,11885-03-PGRN-0824-436,8/19/2024
11885 - AMAN AUTOMOTIVES,11885,GHAZIABAD,11885-03-PLPO-0824-336,08-11-2024,SO Generated,STD,HHML Parts,37100ACK00099S,METER ASSY COMB,1,1095.77,30008,08-12-2024,1,988.61,11885-03-PGRN-0824-436,8/19/2024
11885 - AMAN AUTOMOTIVES,11885,GHAZIABAD,11885-03-PLPO-0824-336,08-11-2024,SO Generated,STD,HHML Parts,38110AAC801S,HORN COMP,3,458.31,30008,08-12-2024,1,138.92,11885-03-PGRN-0824-436,8/19/2024
11885 - AMAN AUTOMOTIVES,11885,GHAZIABAD,11885-03-PLPO-0824-336,08-11-2024,SO Generated,STD,HHML Parts,38110ABS001S,HORN COMP,2,300.52,30008,08-12-2024,2,273.28,11885-03-PGRN-0824-436,8/19/2024
11885 - AMAN AUTOMOTIVES,11885,GHAZIABAD,11885-03-PLPO-0824-336,08-11-2024,SO Generated,STD,HHML Parts,45250AANE00S,CALIPER SUB ASSY R FR,7,17524.15,30008,08-12-2024,7,15810.34,11885-03-PGRN-0824-436,8/19/2024
11885 - AMAN AUTOMOTIVES,11885,GHAZIABAD,11885-03-PLPO-0824-336,08-11-2024,SO Generated,STD,HHML Parts,45250KCC841S,CALIPER SUB ASSY.R FR.,10,14569.3,30008,0-00-00,,,,0-00-00
11885 - AMAN AUTOMOTIVES,11885,GHAZIABAD,11885-03-PLPO-0824-336,08-11-2024,SO Generated,STD,HHML Parts,45251KVE861S,DISK FR BRAKE,2,2322.88,30008,08-12-2024,2,2095.7,11885-03-PGRN-0824-436,8/19/2024
11885 - AMAN AUTOMOTIVES,11885,GHAZIABAD,11885-03-PLPO-0824-336,08-11-2024,SO Generated,STD,HHML Parts,45251KVE901S,DISC FRONT BRAKE,1,1148.3,30008,08-12-2024,1,1036,11885-03-PGRN-0824-436,8/19/2024
11885 - AMAN AUTOMOTIVES,11885,GHAZIABAD,11885-03-PLPO-0824-336,08-11-2024,SO Generated,STD,HHML Parts,45450AAG900S,CABLE COMP COMBI BRAKE,1,283.18,30008,08-12-2024,1,255.48,11885-03-PGRN-0824-436,8/19/2024
11885 - AMAN AUTOMOTIVES,11885,GHAZIABAD,11885-03-PLPO-0824-336,08-11-2024,SO Generated,STD,HHML Parts,45450AAHF00S,CABLE COMP. COMBI BRAKE,5,1370.75,30008,08-12-2024,5,1236.7,11885-03-PGRN-0824-436,8/19/2024
11885 - AMAN AUTOMOTIVES,11885,GHAZIABAD,11885-03-PLPO-0824-336,08-11-2024,SO Generated,STD,HHML Parts,45450ACK000S,CABLE COMP. COMBI BRAKE,5,1502.05,30008,08-12-2024,5,1355.15,11885-03-PGRN-0824-436,8/19/2024
11885 - AMAN AUTOMOTIVES,11885,GHAZIABAD,11885-03-PLPO-0824-336,08-11-2024,SO Generated,STD,HHML Parts,46544AAHF00S,RR BRAKE PEDAL & ROD SUB ASSY,2,1492.22,30008,08-12-2024,2,1346.28,11885-03-PGRN-0824-436,8/19/2024
11885 - AMAN AUTOMOTIVES,11885,GHAZIABAD,11885-03-PLPO-0824-336,08-11-2024,SO Generated,STD,HHML Parts,50100AAE300S,FRAME BODY COMP,1,8027.46,30008,08-12-2024,1,7242.4,11885-03-PGRN-0824-436,8/19/2024
11885 - AMAN AUTOMOTIVES,11885,GHAZIABAD,11885-03-PLPO-0824-336,08-11-2024,SO Generated,STD,HHML Parts,50512AAEB00S,PIPE REAR BRAKE PIVOT,7,700.98,30008,0-00-00,,,,0-00-00
11885 - AMAN AUTOMOTIVES,11885,GHAZIABAD,11885-03-PLPO-0824-336,08-11-2024,SO Generated,STD,HHML Parts,53172AAL100S,BRACKET HANDLE,3,344.73,30008,08-12-2024,3,311.01,11885-03-PGRN-0824-436,8/19/2024
11885 - AMAN AUTOMOTIVES,11885,GHAZIABAD,11885-03-PLPO-0824-336,08-11-2024,SO Generated,STD,HHML Parts,53172AAWD00S,BRACKET LEFT BRAKE LEVER,3,344.73,30008,0-00-00,,,,0-00-00
11885 - AMAN AUTOMOTIVES,11885,GHAZIABAD,11885-03-PLPO-0824-336,08-11-2024,SO Generated,STD,HHML Parts,53173KTRA20S,BRACKET RIGHT HANDLE LEVER,7,528.57,30008,0-00-00,,,,0-00-00
11885 - AMAN AUTOMOTIVES,11885,GHAZIABAD,11885-03-PLPO-0824-336,08-11-2024,SO Generated,STD,HHML Parts,53200AAE300S,STEM COMP STRG,3,2265.42,30008,08-12-2024,3,2043.87,11885-03-PGRN-0824-436,8/19/2024
11885 - AMAN AUTOMOTIVES,11885,GHAZIABAD,11885-03-PLPO-0824-336,08-11-2024,SO Generated,STD,HHML Parts,77235AAW000S,CATCH FUEL LID,3,113.28,30008,0-00-00,,,,0-00-00
11885 - AMAN AUTOMOTIVES,11885,GHAZIABAD,11885-03-PLPO-0824-336,08-11-2024,SO Generated,STD,HHML Parts,77300AAE200SS,R SIDE COWL (NH-1(T2)),3,1292.76,30008,08-12-2024,3,1166.34,11885-03-PGRN-0824-436,8/19/2024
11885 - AMAN AUTOMOTIVES,11885,GHAZIABAD,11885-03-PLPO-0824-336,08-11-2024,SO Generated,STD,HHML Parts,77400AAE200SS,L SIDE COWL (NH-1(T2)),3,1292.76,30008,08-12-2024,3,1166.34,11885-03-PGRN-0824-436,8/19/2024
11885 - AMAN AUTOMOTIVES,11885,GHAZIABAD,11885-03-PLPO-0824-336,08-11-2024,SO Generated,STD,HHML Parts,80102KCC900S,BASE TAILLIGHT,10,417.4,30008,08-12-2024,10,379.6,11885-03-PGRN-0824-436,8/19/2024
11885 - AMAN AUTOMOTIVES,11885,GHAZIABAD,11885-03-PLPO-0824-336,08-11-2024,SO Generated,STD,HHML Parts,83407KCC902S,CUSHION FR.VISOR,200,1836,30008,08-12-2024,200,1670,11885-03-PGRN-0824-436,8/19/2024
11885 - AMAN AUTOMOTIVES,11885,GHAZIABAD,11885-03-PLPO-0824-336,08-11-2024,SO Generated,STD,HHML Parts,K14144KZAAW00S,"KIT, CAM CHAIN",1,418.61,30008,08-12-2024,1,377.67,11885-03-PGRN-0824-436,8/19/2024
11885 - AMAN AUTOMOTIVES,11885,GHAZIABAD,11885-03-PLPO-0824-338,08-11-2024,SO Generated,STD,HHML Parts,11394KWS901S,GASKET R CRANK CASE COVER,1,133.57,10765,0-00-00,,,,0-00-00
11885 - AMAN AUTOMOTIVES,11885,GHAZIABAD,11885-03-PLPO-0824-338,08-11-2024,SO Generated,STD,HHML Parts,23431KZAW00S,GEAR M-2 17T,1,155.95,10765,0-00-00,,,,0-00-00
11885 - AMAN AUTOMOTIVES,11885,GHAZIABAD,11885-03-PLPO-0824-338,08-11-2024,SO Generated,STD,HHML Parts,23461KZAW00S,GEAR C-3 25T,1,238.03,10765,08-11-2024,1,238.03,11885-03-PGRN-0824-411,08-11-2024
11885 - AMAN AUTOMOTIVES,11885,GHAZIABAD,11885-03-PLPO-0824-338,08-11-2024,SO Generated,STD,HHML Parts,23471KZAW02S,GEAR M-4 24T,1,213.41,10765,08-11-2024,1,213.41,11885-03-PGRN-0824-411,08-11-2024
11885 - AMAN AUTOMOTIVES,11885,GHAZIABAD,11885-03-PLPO-0824-338,08-11-2024,SO Generated,STD,HHML Parts,35753KWS900S,ROTOR NEUTRAL SWITCH,1,53.35,10765,08-11-2024,1,53.35,11885-03-PGRN-0824-411,08-11-2024
11885 - AMAN AUTOMOTIVES,11885,GHAZIABAD,11885-03-PLPO-0824-338,08-11-2024,SO Generated,STD,HHML Parts,53206AAWD00S,HANDLE COVER REAR,1,287.28,10765,0-00-00,,,,0-00-00
11885 - AMAN AUTOMOTIVES,11885,GHAZIABAD,11885-03-PLPO-0824-339,08-12-2024,SO Generated,STD,HHML Parts,33300ABH401S,POSITION LIGHT FRONT,1,1690.85,30008,0-00-00,,,,0-00-00
11885 - AMAN AUTOMOTIVES,11885,GHAZIABAD,11885-03-PLPO-0824-339,08-12-2024,SO Generated,STD,HHML Parts,43431AAHF00S,ARM SUB ASSY BRAKE STOPPER,1,59.1,30008,08-12-2024,1,53.32,11885-03-PGRN-0824-413,8/14/2024
11885 - AMAN AUTOMOTIVES,11885,GHAZIABAD,11885-03-PLPO-0824-339,08-12-2024,SO Generated,STD,HHML Parts,46500ABZ010S,PEDAL BRAKE,1,154.31,30008,08-12-2024,1,139.22,11885-03-PGRN-0824-413,8/14/2024
11885 - AMAN AUTOMOTIVES,11885,GHAZIABAD,11885-03-PLPO-0824-339,08-12-2024,SO Generated,STD,HHML Parts,46519AAG900S,CBS DUST BOOT,1,52.53,30008,08-12-2024,1,47.39,11885-03-PGRN-0824-413,8/14/2024
11885 - AMAN AUTOMOTIVES,11885,GHAZIABAD,11885-03-PLPO-0824-339,08-12-2024,SO Generated,STD,HHML Parts,46522AAHF00S,CBS COVER ASSY,1,42.68,30008,08-12-2024,1,38.51,11885-03-PGRN-0824-413,8/14/2024
11885 - AMAN AUTOMOTIVES,11885,GHAZIABAD,11885-03-PLPO-0824-339,08-12-2024,SO Generated,STD,HHML Parts,50512AAEB00S,PIPE REAR BRAKE PIVOT,3,300.42,30008,0-00-00,,,,0-00-00
11885 - AMAN AUTOMOTIVES,11885,GHAZIABAD,11885-03-PLPO-0824-339,08-12-2024,SO Generated,STD,HHML Parts,53206AAWD00S,HANDLE COVER REAR,4,4596.48,30008,08-12-2024,4,4147.04,11885-03-PGRN-0824-413,8/14/2024
11885 - AMAN AUTOMOTIVES,11885,GHAZIABAD,11885-03-PLPO-0824-340,08-12-2024,SO Generated,STD,HHML Parts,06179KZAW00S,CABLE SET THROT,1,258.55,23061,08-12-2024,1,258.55,11885-03-PGRN-0824-412,08-12-2024
11885 - AMAN AUTOMOTIVES,11885,GHAZIABAD,11885-03-PLPO-0824-340,08-12-2024,SO Generated,STD,HHML Parts,22870KZAW00S,CABLE COMP CLUTCH,1,96.85,23061,08-12-2024,1,96.85,11885-03-PGRN-0824-412,08-12-2024
11885 - AMAN AUTOMOTIVES,11885,GHAZIABAD,11885-03-PLPO-0824-341,8/14/2024,SO Generated,VOR,HHML Parts,64305ABS300YS,SET COVER FR. UPPER (MET. NEXUS BLUE BL(,1,1208.22,30008,8/16/2024,1,1090.06,11885-03-PGRN-0824-434,8/19/2024
11885 - AMAN AUTOMOTIVES,11885,GHAZIABAD,11885-03-PLPO-0824-341,8/14/2024,SO Generated,VOR,HHML Parts,64309ABS300YS,FRONT COVER LOWER (MET. NEXUS BLUE BL(BR,1,1125.32,30008,8/16/2024,1,1015.27,11885-03-PGRN-0824-434,8/19/2024
11885 - AMAN AUTOMOTIVES,11885,GHAZIABAD,11885-03-PLPO-0824-341,8/14/2024,SO Generated,VOR,HHML Parts,6433AABS300YS,COVER L FLOOR SIDE SUB ASSY MNB BR 013MG,1,792.08,30008,8/16/2024,1,714.61,11885-03-PGRN-0824-434,8/19/2024
11885 - AMAN AUTOMOTIVES,11885,GHAZIABAD,11885-03-PLPO-0824-341,8/14/2024,SO Generated,VOR,HHML Parts,77235AAE200WS,CENTER REAR COWL (NH-194M-U),1,208.48,30008,8/16/2024,1,188.1,11885-03-PGRN-0824-434,8/19/2024
11885 - AMAN AUTOMOTIVES,11885,GHAZIABAD,11885-03-PLPO-0824-341,8/14/2024,SO Generated,VOR,HHML Parts,77300AAE210WS,R SIDE COWL (NH-194M-U),1,430.92,30008,8/16/2024,1,388.78,11885-03-PGRN-0824-434,8/19/2024
11885 - AMAN AUTOMOTIVES,11885,GHAZIABAD,11885-03-PLPO-0824-341,8/14/2024,SO Generated,VOR,HHML Parts,77400AAE210WS,L SIDE COWL (NH-194M-U),1,430.92,30008,8/16/2024,1,388.78,11885-03-PGRN-0824-434,8/19/2024
11885 - AMAN AUTOMOTIVES,11885,GHAZIABAD,11885-03-PLPO-0824-341,8/14/2024,SO Generated,VOR,HHML Parts,83300ABSD00YS,BODY COVER RIGHT SIDE METALLIC NEXUS BLU,1,1764.73,30008,8/16/2024,1,1592.14,11885-03-PGRN-0824-434,8/19/2024
11885 - AMAN AUTOMOTIVES,11885,GHAZIABAD,11885-03-PLPO-0824-345,8/16/2024,SO Generated,STD,HHML Parts,11393ACA000S,GASKET C/CASE COVER RIGHT,5,375.65,30008,8/16/2024,5,341.6,11885-03-PGRN-0824-446,8/23/2024
11885 - AMAN AUTOMOTIVES,11885,GHAZIABAD,11885-03-PLPO-0824-345,8/16/2024,SO Generated,STD,HHML Parts,11394AAN410S,GSKT  R CRANK CASE COVER,3,150.27,30008,8/16/2024,3,136.65,11885-03-PGRN-0824-446,8/23/2024
11885 - AMAN AUTOMOTIVES,11885,GHAZIABAD,11885-03-PLPO-0824-345,8/16/2024,SO Generated,STD,HHML Parts,12100AANB00S,CYLINDER COMP,1,1949.41,30008,8/16/2024,1,1758.76,11885-03-PGRN-0824-446,8/23/2024
11885 - AMAN AUTOMOTIVES,11885,GHAZIABAD,11885-03-PLPO-0824-345,8/16/2024,SO Generated,STD,HHML Parts,12100ABF000S,CYLINDER COMP,1,2318.77,30008,0-00-00,,,,0-00-00
11885 - AMAN AUTOMOTIVES,11885,GHAZIABAD,11885-03-PLPO-0824-345,8/16/2024,SO Generated,STD,HHML Parts,12100ABG000S,CYLINDER,1,1432.3,30008,0-00-00,,,,0-00-00
11885 - AMAN AUTOMOTIVES,11885,GHAZIABAD,11885-03-PLPO-0824-345,8/16/2024,SO Generated,STD,HHML Parts,12101AAE300S,CYLINDER,4,4809.92,30008,0-00-00,,,,0-00-00
11885 - AMAN AUTOMOTIVES,11885,GHAZIABAD,11885-03-PLPO-0824-345,8/16/2024,SO Generated,STD,HHML Parts,12209GB4685S,SEAL VALVE STEM,4,140.24,30008,8/16/2024,4,127.52,11885-03-PGRN-0824-446,8/23/2024
11885 - AMAN AUTOMOTIVES,11885,GHAZIABAD,11885-03-PLPO-0824-345,8/16/2024,SO Generated,STD,HHML Parts,12391AAF400S,"GASKET, HEAD COVER",3,137.73,30008,8/16/2024,3,125.25,11885-03-PGRN-0824-446,8/23/2024
11885 - AMAN AUTOMOTIVES,11885,GHAZIABAD,11885-03-PLPO-0824-345,8/16/2024,SO Generated,STD,HHML Parts,12391ABG000S,GASKET HEAD COVER,3,87.66,30008,8/16/2024,3,79.71,11885-03-PGRN-0824-446,8/23/2024
11885 - AMAN AUTOMOTIVES,11885,GHAZIABAD,11885-03-PLPO-0824-345,8/16/2024,SO Generated,STD,HHML Parts,12395AAH00099S,GASKET CYL HEAD L SIDE COVER,25,313,30008,8/16/2024,25,284.75,11885-03-PGRN-0824-446,8/23/2024
11885 - AMAN AUTOMOTIVES,11885,GHAZIABAD,11885-03-PLPO-0824-345,8/16/2024,SO Generated,STD,HHML Parts,13011AAF00099S,"""KIT, RING PISTON STD""",10,2922.1,30008,8/16/2024,10,2636.3,11885-03-PGRN-0824-446,8/23/2024
11885 - AMAN AUTOMOTIVES,11885,GHAZIABAD,11885-03-PLPO-0824-345,8/16/2024,SO Generated,STD,HHML Parts,13011AAN410S,"""KIT, RING PISTON STD""",5,1104,30008,8/16/2024,5,996,11885-03-PGRN-0824-446,8/23/2024
11885 - AMAN AUTOMOTIVES,11885,GHAZIABAD,11885-03-PLPO-0824-345,8/16/2024,SO Generated,STD,HHML Parts,13101AAF00099S,PISTON,5,1518.5,30008,0-00-00,,,,0-00-00
11885 - AMAN AUTOMOTIVES,11885,GHAZIABAD,11885-03-PLPO-0824-345,8/16/2024,SO Generated,STD,HHML Parts,13101AAF40099S,PISTON,1,250.35,30008,8/16/2024,1,225.86,11885-03-PGRN-0824-446,8/23/2024
11885 - AMAN AUTOMOTIVES,11885,GHAZIABAD,11885-03-PLPO-0824-345,8/16/2024,SO Generated,STD,HHML Parts,13101AAN410S,PISTON,2,500.7,30008,8/16/2024,1,225.86,11885-03-PGRN-0824-446,8/23/2024
11885 - AMAN AUTOMOTIVES,11885,GHAZIABAD,11885-03-PLPO-0824-345,8/16/2024,SO Generated,STD,HHML Parts,13111AAF400S,PIN PISTON,4,216.68,30008,8/16/2024,4,195.52,11885-03-PGRN-0824-446,8/23/2024
11885 - AMAN AUTOMOTIVES,11885,GHAZIABAD,11885-03-PLPO-0824-345,8/16/2024,SO Generated,STD,HHML Parts,13111AANB00S,PISTON PIN,5,229.8,30008,8/16/2024,5,207.35,11885-03-PGRN-0824-446,8/23/2024
11885 - AMAN AUTOMOTIVES,11885,GHAZIABAD,11885-03-PLPO-0824-345,8/16/2024,SO Generated,STD,HHML Parts,14100ABF000S,SHAFT COMP CAM,1,793.06,30008,8/16/2024,1,721.17,11885-03-PGRN-0824-446,8/23/2024
11885 - AMAN AUTOMOTIVES,11885,GHAZIABAD,11885-03-PLPO-0824-345,8/16/2024,SO Generated,STD,HHML Parts,14311ACK000S,SPROCKET TIMING,3,127.71,30008,0-00-00,,,,0-00-00
11885 - AMAN AUTOMOTIVES,11885,GHAZIABAD,11885-03-PLPO-0824-345,8/16/2024,SO Generated,STD,HHML Parts,14401AAF40099S,CHAIN CAM,1,100.18,30008,8/16/2024,1,91.09,11885-03-PGRN-0824-446,8/23/2024
11885 - AMAN AUTOMOTIVES,11885,GHAZIABAD,11885-03-PLPO-0824-345,8/16/2024,SO Generated,STD,HHML Parts,14401AAG00099S,SILENT CHAIN ASSEMBLY,2,459.14,30008,8/16/2024,2,417.52,11885-03-PGRN-0824-446,8/23/2024
11885 - AMAN AUTOMOTIVES,11885,GHAZIABAD,11885-03-PLPO-0824-345,8/16/2024,SO Generated,STD,HHML Parts,14430AAF400S,ARM VALVE ROCKER,2,426.82,30008,8/16/2024,2,385.08,11885-03-PGRN-0824-446,8/23/2024
11885 - AMAN AUTOMOTIVES,11885,GHAZIABAD,11885-03-PLPO-0824-345,8/16/2024,SO Generated,STD,HHML Parts,14430AANB00S,ARM COMP IN VALVE ROCKER,2,425.18,30008,8/16/2024,2,383.6,11885-03-PGRN-0824-446,8/23/2024
11885 - AMAN AUTOMOTIVES,11885,GHAZIABAD,11885-03-PLPO-0824-345,8/16/2024,SO Generated,STD,HHML Parts,14430ABF000S,ARM COMP VALVE ROCKER,2,617.24,30008,8/16/2024,2,556.88,11885-03-PGRN-0824-446,8/23/2024
11885 - AMAN AUTOMOTIVES,11885,GHAZIABAD,11885-03-PLPO-0824-345,8/16/2024,SO Generated,STD,HHML Parts,14451ABF000S,SHAFT ROCKER ARM,2,98.5,30008,8/16/2024,2,88.86,11885-03-PGRN-0824-446,8/23/2024
11885 - AMAN AUTOMOTIVES,11885,GHAZIABAD,11885-03-PLPO-0824-345,8/16/2024,SO Generated,STD,HHML Parts,14451KST940S,SHAFT ROCKER ARM,2,36.12,30008,8/16/2024,2,32.58,11885-03-PGRN-0824-446,8/23/2024
11885 - AMAN AUTOMOTIVES,11885,GHAZIABAD,11885-03-PLPO-0824-345,8/16/2024,SO Generated,STD,HHML Parts,14502086000RS,ROLLER CAM CHAIN TENSIONER,1,62.61,30008,8/16/2024,1,56.93,11885-03-PGRN-0824-446,8/23/2024
11885 - AMAN AUTOMOTIVES,11885,GHAZIABAD,11885-03-PLPO-0824-345,8/16/2024,SO Generated,STD,HHML Parts,14711AANB00S,VALVE INLET,3,307.8,30008,0-00-00,,,,0-00-00
11885 - AMAN AUTOMOTIVES,11885,GHAZIABAD,11885-03-PLPO-0824-345,8/16/2024,SO Generated,STD,HHML Parts,14711ABG000S,VALVE INLET,3,344.73,30008,8/16/2024,3,311.01,11885-03-PGRN-0824-446,8/23/2024
11885 - AMAN AUTOMOTIVES,11885,GHAZIABAD,11885-03-PLPO-0824-345,8/16/2024,SO Generated,STD,HHML Parts,14711GCC000S,VALVE INLET,3,325.05,30008,8/16/2024,3,293.25,11885-03-PGRN-0824-446,8/23/2024
11885 - AMAN AUTOMOTIVES,11885,GHAZIABAD,11885-03-PLPO-0824-345,8/16/2024,SO Generated,STD,HHML Parts,14721AANB00S,VALVE EXHAUST,1,204.38,30008,8/16/2024,1,184.39,11885-03-PGRN-0824-446,8/23/2024
11885 - AMAN AUTOMOTIVES,11885,GHAZIABAD,11885-03-PLPO-0824-345,8/16/2024,SO Generated,STD,HHML Parts,14721ABG000S,VALVE EXHAUST,3,864.3,30008,8/16/2024,2,519.86,11885-03-PGRN-0824-446,8/23/2024
11885 - AMAN AUTOMOTIVES,11885,GHAZIABAD,11885-03-PLPO-0824-345,8/16/2024,SO Generated,STD,HHML Parts,14721GCC000S,VALVE EXHAUST,3,822.45,30008,8/16/2024,3,742.02,11885-03-PGRN-0824-446,8/23/2024
11885 - AMAN AUTOMOTIVES,11885,GHAZIABAD,11885-03-PLPO-0824-345,8/16/2024,SO Generated,STD,HHML Parts,15410AAF40099S,ELEMENT OIL FILTER,30,1953.3,30008,8/16/2024,30,1776.3,11885-03-PGRN-0824-446,8/23/2024
11885 - AMAN AUTOMOTIVES,11885,GHAZIABAD,11885-03-PLPO-0824-345,8/16/2024,SO Generated,STD,HHML Parts,15421035010S,SCREEN OIL FILTER,1,39.24,30008,8/16/2024,1,35.68,11885-03-PGRN-0824-446,8/23/2024
11885 - AMAN AUTOMOTIVES,11885,GHAZIABAD,11885-03-PLPO-0824-345,8/16/2024,SO Generated,STD,HHML Parts,15650AACH00S,GAUGE OIL LEVEL,5,91.85,30008,8/16/2024,5,83.5,11885-03-PGRN-0824-446,8/23/2024
11885 - AMAN AUTOMOTIVES,11885,GHAZIABAD,11885-03-PLPO-0824-345,8/16/2024,SO Generated,STD,HHML Parts,16400AACD10S,THROTTLE BODY ASSY,1,6156.03,30008,8/16/2024,1,5553.99,11885-03-PGRN-0824-446,8/23/2024
11885 - AMAN AUTOMOTIVES,11885,GHAZIABAD,11885-03-PLPO-0824-345,8/16/2024,SO Generated,STD,HHML Parts,16400AAWB00VS,THROTTLE BODY ASSY,1,5441.93,30008,0-00-00,,,,0-00-00
11885 - AMAN AUTOMOTIVES,11885,GHAZIABAD,11885-03-PLPO-0824-345,8/16/2024,SO Generated,STD,HHML Parts,16400ACK002S,THROTTLE BODY ASSY,1,5663.54,30008,8/16/2024,1,5109.67,11885-03-PGRN-0824-446,8/23/2024
11885 - AMAN AUTOMOTIVES,11885,GHAZIABAD,11885-03-PLPO-0824-345,8/16/2024,SO Generated,STD,HHML Parts,16400ACK411S,THROTTLE BODY ASSEMBLY,2,11113.68,30008,8/16/2024,2,10026.8,11885-03-PGRN-0824-446,8/23/2024
11885 - AMAN AUTOMOTIVES,11885,GHAZIABAD,11885-03-PLPO-0824-345,8/16/2024,SO Generated,STD,HHML Parts,16400ACL000S,THROTTLE BODY ASSEMBLY,1,6238.11,30008,8/16/2024,1,5628.04,11885-03-PGRN-0824-446,8/23/2024
11885 - AMAN AUTOMOTIVES,11885,GHAZIABAD,11885-03-PLPO-0824-345,8/16/2024,SO Generated,STD,HHML Parts,16424AAE300S,INJECTOR CAP,2,308.62,30008,0-00-00,,,,0-00-00
11885 - AMAN AUTOMOTIVES,11885,GHAZIABAD,11885-03-PLPO-0824-345,8/16/2024,SO Generated,STD,HHML Parts,16700AAF400S,UNIT ASSY FUEL PUMP,7,15631.7,30008,8/16/2024,7,14214.62,11885-03-PGRN-0824-446,8/23/2024
11885 - AMAN AUTOMOTIVES,11885,GHAZIABAD,11885-03-PLPO-0824-345,8/16/2024,SO Generated,STD,HHML Parts,16700ABZ002S,UNIT ASSY FUEL PUMP,1,3238.07,30008,8/16/2024,1,2921.4,11885-03-PGRN-0824-446,8/23/2024
11885 - AMAN AUTOMOTIVES,11885,GHAZIABAD,11885-03-PLPO-0824-345,8/16/2024,SO Generated,STD,HHML Parts,17511KCC905ZBS,LID COMP. F TANK(BLK),3,701.79,30008,8/16/2024,3,633.15,11885-03-PGRN-0824-446,8/23/2024
11885 - AMAN AUTOMOTIVES,11885,GHAZIABAD,11885-03-PLPO-0824-345,8/16/2024,SO Generated,STD,HHML Parts,17512KCC900S,STOPPER TANK LID,20,83.4,30008,8/16/2024,20,76,11885-03-PGRN-0824-446,8/23/2024
11885 - AMAN AUTOMOTIVES,11885,GHAZIABAD,11885-03-PLPO-0824-345,8/16/2024,SO Generated,STD,HHML Parts,17570AACK0099S,HOSE COMPLETE FUEL FEED,1,258.79,30008,8/16/2024,1,235.33,11885-03-PGRN-0824-446,8/23/2024
11885 - AMAN AUTOMOTIVES,11885,GHAZIABAD,11885-03-PLPO-0824-345,8/16/2024,SO Generated,STD,HHML Parts,17910AAWB0099S,CABLE COMP THROTTLE,3,541.74,30008,8/16/2024,3,488.76,11885-03-PGRN-0824-446,8/23/2024
11885 - AMAN AUTOMOTIVES,11885,GHAZIABAD,11885-03-PLPO-0824-345,8/16/2024,SO Generated,STD,HHML Parts,17910KWH970S,CABLE COMP THROT,10,820.8,30008,8/16/2024,10,740.5,11885-03-PGRN-0824-446,8/23/2024
11885 - AMAN AUTOMOTIVES,11885,GHAZIABAD,11885-03-PLPO-0824-345,8/16/2024,SO Generated,STD,HHML Parts,18293KPK900S,RUBBER PKG.PROTR.,5,66.8,30008,8/16/2024,5,60.75,11885-03-PGRN-0824-446,8/23/2024
11885 - AMAN AUTOMOTIVES,11885,GHAZIABAD,11885-03-PLPO-0824-345,8/16/2024,SO Generated,STD,HHML Parts,18318ABS300S,PROTECTOR MUFFLER,1,240.5,30008,8/16/2024,1,216.98,11885-03-PGRN-0824-446,8/23/2024
11885 - AMAN AUTOMOTIVES,11885,GHAZIABAD,11885-03-PLPO-0824-345,8/16/2024,SO Generated,STD,HHML Parts,20K1010S,CHAIN SPROCKET KIT( XTREME/HUNK),2,1740.1,30008,8/16/2024,2,1569.92,11885-03-PGRN-0824-446,8/23/2024
11885 - AMAN AUTOMOTIVES,11885,GHAZIABAD,11885-03-PLPO-0824-345,8/16/2024,SO Generated,STD,HHML Parts,21K220S,CYLINDER KIT (PASSION PRO),1,2396.75,30008,8/16/2024,1,2162.35,11885-03-PGRN-0824-446,8/23/2024
11885 - AMAN AUTOMOTIVES,11885,GHAZIABAD,11885-03-PLPO-0824-345,8/16/2024,SO Generated,STD,HHML Parts,21K270S,CYLINDER KIT (SPL PRO),3,6156.03,30008,8/16/2024,3,5553.99,11885-03-PGRN-0824-446,8/23/2024
11885 - AMAN AUTOMOTIVES,11885,GHAZIABAD,11885-03-PLPO-0824-345,8/16/2024,SO Generated,STD,HHML Parts,22110AAHH40S,OUTER COMP.CLUTCH,3,3005.28,30008,8/16/2024,3,2732.85,11885-03-PGRN-0824-446,8/23/2024
11885 - AMAN AUTOMOTIVES,11885,GHAZIABAD,11885-03-PLPO-0824-345,8/16/2024,SO Generated,STD,HHML Parts,22120AAF400S,CENTER CLUTCH,1,258.55,30008,8/16/2024,1,233.27,11885-03-PGRN-0824-446,8/23/2024
11885 - AMAN AUTOMOTIVES,11885,GHAZIABAD,11885-03-PLPO-0824-345,8/16/2024,SO Generated,STD,HHML Parts,22120AAF401S,CENTER CLUTCH,1,254.62,30008,8/16/2024,1,231.53,11885-03-PGRN-0824-446,8/23/2024
11885 - AMAN AUTOMOTIVES,11885,GHAZIABAD,11885-03-PLPO-0824-345,8/16/2024,SO Generated,STD,HHML Parts,22121AAHF01S,CENTER CLUTCH,10,2380.3,30008,8/16/2024,10,2147.5,11885-03-PGRN-0824-446,8/23/2024
11885 - AMAN AUTOMOTIVES,11885,GHAZIABAD,11885-03-PLPO-0824-345,8/16/2024,SO Generated,STD,HHML Parts,22321KWB601S,PLATE CLUTCH,6,246.24,30008,0-00-00,,,,0-00-00
11885 - AMAN AUTOMOTIVES,11885,GHAZIABAD,11885-03-PLPO-0824-345,8/16/2024,SO Generated,STD,HHML Parts,22350AAF400S,PLATE CLUTCH PRESSURE,10,1395.4,30008,8/16/2024,10,1258.9,11885-03-PGRN-0824-446,8/23/2024
11885 - AMAN AUTOMOTIVES,11885,GHAZIABAD,11885-03-PLPO-0824-345,8/16/2024,SO Generated,STD,HHML Parts,22350KPGT00S,PLATE CLUTCH PRESSURE,3,554.04,30008,8/20/2024,3,499.86,11885-03-PGRN-0824-447,8/23/2024
11885 - AMAN AUTOMOTIVES,11885,GHAZIABAD,11885-03-PLPO-0824-345,8/16/2024,SO Generated,STD,HHML Parts,22815166000S,SPRING CULTCH LEVER,50,417.5,30008,0-00-00,,,,0-00-00
11885 - AMAN AUTOMOTIVES,11885,GHAZIABAD,11885-03-PLPO-0824-345,8/16/2024,SO Generated,STD,HHML Parts,22870AAE210S,CABLE COMP CLUTCH,20,2002.8,30008,8/16/2024,20,1806.8,11885-03-PGRN-0824-446,8/23/2024
11885 - AMAN AUTOMOTIVES,11885,GHAZIABAD,11885-03-PLPO-0824-345,8/16/2024,SO Generated,STD,HHML Parts,23121KST901S,GEAR PRIMARY DRIVE 18T,5,1190.15,30008,8/16/2024,5,1073.75,11885-03-PGRN-0824-446,8/23/2024
11885 - AMAN AUTOMOTIVES,11885,GHAZIABAD,11885-03-PLPO-0824-345,8/16/2024,SO Generated,STD,HHML Parts,23211GF6000S,MAINSHAFT (11T),1,438.27,30008,8/16/2024,1,398.54,11885-03-PGRN-0824-446,8/23/2024
11885 - AMAN AUTOMOTIVES,11885,GHAZIABAD,11885-03-PLPO-0824-345,8/16/2024,SO Generated,STD,HHML Parts,23216GF6000S,COTTER MAINSHAFT,10,133.6,30008,0-00-00,,,,0-00-00
11885 - AMAN AUTOMOTIVES,11885,GHAZIABAD,11885-03-PLPO-0824-345,8/16/2024,SO Generated,STD,HHML Parts,23411AAW300S,SHAFT DRIVE,1,435.03,30008,8/16/2024,1,392.48,11885-03-PGRN-0824-446,8/23/2024
11885 - AMAN AUTOMOTIVES,11885,GHAZIABAD,11885-03-PLPO-0824-345,8/16/2024,SO Generated,STD,HHML Parts,23431GN5910S,GEAR M2 17T,10,5540.4,30008,8/16/2024,10,4998.6,11885-03-PGRN-0824-446,8/23/2024
11885 - AMAN AUTOMOTIVES,11885,GHAZIABAD,11885-03-PLPO-0824-345,8/16/2024,SO Generated,STD,HHML Parts,23441GB4770S,GEAR C.SHAFT 2ND(29T),5,2339.3,30008,8/16/2024,5,2110.5,11885-03-PGRN-0824-446,8/23/2024
11885 - AMAN AUTOMOTIVES,11885,GHAZIABAD,11885-03-PLPO-0824-345,8/16/2024,SO Generated,STD,HHML Parts,23451GK4761S,GEAR M3 21T,5,2154.6,30008,8/16/2024,5,1943.9,11885-03-PGRN-0824-446,8/23/2024
11885 - AMAN AUTOMOTIVES,11885,GHAZIABAD,11885-03-PLPO-0824-345,8/16/2024,SO Generated,STD,HHML Parts,23461GK4760S,GEAR C.SHAFT 3RD(26T),4,1362.52,30008,8/16/2024,4,1229.28,11885-03-PGRN-0824-446,8/23/2024
11885 - AMAN AUTOMOTIVES,11885,GHAZIABAD,11885-03-PLPO-0824-345,8/16/2024,SO Generated,STD,HHML Parts,23471GN5910S,GEAR MAINSHAFT 4TH(24T),3,1034.22,30008,8/16/2024,3,933.06,11885-03-PGRN-0824-446,8/23/2024
11885 - AMAN AUTOMOTIVES,11885,GHAZIABAD,11885-03-PLPO-0824-345,8/16/2024,SO Generated,STD,HHML Parts,24211GF6000RS,FORK GEAR SHIFT,10,2420.9,30008,8/16/2024,10,2201.5,11885-03-PGRN-0824-446,8/23/2024
11885 - AMAN AUTOMOTIVES,11885,GHAZIABAD,11885-03-PLPO-0824-345,8/16/2024,SO Generated,STD,HHML Parts,30510AAE30099S,COIL COMP IGNITION,2,492.48,30008,0-00-00,,,,0-00-00
11885 - AMAN AUTOMOTIVES,11885,GHAZIABAD,11885-03-PLPO-0824-345,8/16/2024,SO Generated,STD,HHML Parts,31120ACK011S,STATOR COMP,2,1666.24,30008,8/16/2024,2,1503.28,11885-03-PGRN-0824-446,8/23/2024
11885 - AMAN AUTOMOTIVES,11885,GHAZIABAD,11885-03-PLPO-0824-345,8/16/2024,SO Generated,STD,HHML Parts,31210KWA94099S,MOTOR UNIT START,5,9582.9,30008,8/16/2024,5,8645.7,11885-03-PGRN-0824-446,8/23/2024
11885 - AMAN AUTOMOTIVES,11885,GHAZIABAD,11885-03-PLPO-0824-345,8/16/2024,SO Generated,STD,HHML Parts,31300AAJB0099S,USB CHARGER ASSEMBLY,3,1442.55,30008,8/16/2024,3,1311.78,11885-03-PGRN-0824-446,8/23/2024
11885 - AMAN AUTOMOTIVES,11885,GHAZIABAD,11885-03-PLPO-0824-345,8/16/2024,SO Generated,STD,HHML Parts,32100ADH210S,WIRE HARNESS,1,2391.71,30008,8/16/2024,1,2174.89,11885-03-PGRN-0824-446,8/23/2024
11885 - AMAN AUTOMOTIVES,11885,GHAZIABAD,11885-03-PLPO-0824-345,8/16/2024,SO Generated,STD,HHML Parts,33100ABZ001S,LIGHT ASSY HEAD,1,1968.47,30008,8/16/2024,1,1790.01,11885-03-PGRN-0824-446,8/23/2024
11885 - AMAN AUTOMOTIVES,11885,GHAZIABAD,11885-03-PLPO-0824-345,8/16/2024,SO Generated,STD,HHML Parts,3310AKZAW01S,LIGHT ASSY. HEAD,1,654.49,30008,8/16/2024,1,595.15,11885-03-PGRN-0824-446,8/23/2024
11885 - AMAN AUTOMOTIVES,11885,GHAZIABAD,11885-03-PLPO-0824-345,8/16/2024,SO Generated,STD,HHML Parts,3310BABS201S,LIGHT ASSY HEAD,1,496.71,30008,0-00-00,,,,0-00-00
11885 - AMAN AUTOMOTIVES,11885,GHAZIABAD,11885-03-PLPO-0824-345,8/16/2024,SO Generated,STD,HHML Parts,33450KCC710S,WINKER ASSY L FR,1,183.66,30008,8/16/2024,1,167.01,11885-03-PGRN-0824-446,8/23/2024
11885 - AMAN AUTOMOTIVES,11885,GHAZIABAD,11885-03-PLPO-0824-345,8/16/2024,SO Generated,STD,HHML Parts,3345BAAC201S,WINKER ASSY L FR(W/O BULB),1,156.94,30008,8/16/2024,1,142.72,11885-03-PGRN-0824-446,8/23/2024
11885 - AMAN AUTOMOTIVES,11885,GHAZIABAD,11885-03-PLPO-0824-345,8/16/2024,SO Generated,STD,HHML Parts,3370BAAY001S,LIGHT ASSY REAR COMB(W/O BULB),1,869.03,30008,8/16/2024,1,790.25,11885-03-PGRN-0824-446,8/23/2024
11885 - AMAN AUTOMOTIVES,11885,GHAZIABAD,11885-03-PLPO-0824-345,8/16/2024,SO Generated,STD,HHML Parts,34901KSP910S,BULB HEAD LIGHT 12V-35/35W,60,8014.2,30008,8/16/2024,60,7287.6,11885-03-PGRN-0824-446,8/23/2024
11885 - AMAN AUTOMOTIVES,11885,GHAZIABAD,11885-03-PLPO-0824-345,8/16/2024,SO Generated,STD,HHML Parts,35010AAE201S,"KIT, LOCKS & KEYS",3,2066.13,30008,8/16/2024,3,1878.84,11885-03-PGRN-0824-446,8/23/2024
11885 - AMAN AUTOMOTIVES,11885,GHAZIABAD,11885-03-PLPO-0824-345,8/16/2024,SO Generated,STD,HHML Parts,35010AAE301S,"""KIT, LOCKS & KEYS""",2,1377.42,30008,8/16/2024,2,1252.56,11885-03-PGRN-0824-446,8/23/2024
11885 - AMAN AUTOMOTIVES,11885,GHAZIABAD,11885-03-PLPO-0824-345,8/16/2024,SO Generated,STD,HHML Parts,35010AAEH00S,"KIT, LOCKS & KEYS",1,751.32,30008,8/16/2024,1,683.21,11885-03-PGRN-0824-446,8/23/2024
11885 - AMAN AUTOMOTIVES,11885,GHAZIABAD,11885-03-PLPO-0824-345,8/16/2024,SO Generated,STD,HHML Parts,35010AANB0099S,"KIT, LOCKS & KEYS",1,755.5,30008,0-00-00,,,,0-00-00
11885 - AMAN AUTOMOTIVES,11885,GHAZIABAD,11885-03-PLPO-0824-345,8/16/2024,SO Generated,STD,HHML Parts,35010ACLD0099S,KEY SET,1,738.8,30008,0-00-00,,,,0-00-00
11885 - AMAN AUTOMOTIVES,11885,GHAZIABAD,11885-03-PLPO-0824-345,8/16/2024,SO Generated,STD,HHML Parts,35010KZAW00S,"KIT, LOCKS & KEYS",1,864.02,30008,8/16/2024,1,785.69,11885-03-PGRN-0824-446,8/23/2024
11885 - AMAN AUTOMOTIVES,11885,GHAZIABAD,11885-03-PLPO-0824-345,8/16/2024,SO Generated,STD,HHML Parts,35150ABZ001S,SWITCH ASSEMBLY ENGINE STOP & START,1,275.49,30008,0-00-00,,,,0-00-00
11885 - AMAN AUTOMOTIVES,11885,GHAZIABAD,11885-03-PLPO-0824-345,8/16/2024,SO Generated,STD,HHML Parts,35340KST950S,SW ASSEMBLY FRONT STOP,30,1127.1,30008,8/16/2024,30,1024.8,11885-03-PGRN-0824-446,8/23/2024
11885 - AMAN AUTOMOTIVES,11885,GHAZIABAD,11885-03-PLPO-0824-345,8/16/2024,SO Generated,STD,HHML Parts,37100AAEB0099S,METER ASSY COMB,1,3036.97,30008,8/16/2024,1,2739.97,11885-03-PGRN-0824-446,8/23/2024
11885 - AMAN AUTOMOTIVES,11885,GHAZIABAD,11885-03-PLPO-0824-345,8/16/2024,SO Generated,STD,HHML Parts,38770AAEK12S,ECU,1,3500.73,30008,8/16/2024,1,3158.37,11885-03-PGRN-0824-446,8/23/2024
11885 - AMAN AUTOMOTIVES,11885,GHAZIABAD,11885-03-PLPO-0824-345,8/16/2024,SO Generated,STD,HHML Parts,40545001000S,CAP CHAIN PEEP HOLE,10,75.1,30008,0-00-00,,,,0-00-00
11885 - AMAN AUTOMOTIVES,11885,GHAZIABAD,11885-03-PLPO-0824-345,8/16/2024,SO Generated,STD,HHML Parts,45250AANE00S,CALIPER SUB ASSY R FR,7,17524.15,30008,0-00-00,,,,0-00-00
11885 - AMAN AUTOMOTIVES,11885,GHAZIABAD,11885-03-PLPO-0824-345,8/16/2024,SO Generated,STD,HHML Parts,46500ABZ010S,PEDAL BRAKE,1,154.31,30008,0-00-00,,,,0-00-00
11885 - AMAN AUTOMOTIVES,11885,GHAZIABAD,11885-03-PLPO-0824-345,8/16/2024,SO Generated,STD,HHML Parts,46544AAEB00S,REAR BRAKE PEDAL & ROD SUB ASSEMBLY,3,2326.98,30008,0-00-00,,,,0-00-00
11885 - AMAN AUTOMOTIVES,11885,GHAZIABAD,11885-03-PLPO-0824-345,8/16/2024,SO Generated,STD,HHML Parts,50400ADH800DS,GRIP REAR,5,4391.3,30008,8/16/2024,5,3961.85,11885-03-PGRN-0824-446,8/23/2024
11885 - AMAN AUTOMOTIVES,11885,GHAZIABAD,11885-03-PLPO-0824-345,8/16/2024,SO Generated,STD,HHML Parts,50512AAEB00S,PIPE REAR BRAKE PIVOT,3,300.42,30008,0-00-00,,,,0-00-00
11885 - AMAN AUTOMOTIVES,11885,GHAZIABAD,11885-03-PLPO-0824-345,8/16/2024,SO Generated,STD,HHML Parts,50702AAE000S,BRACKET.COMLETE LEFT PILLION.STEP,2,321.76,30008,8/16/2024,2,290.28,11885-03-PGRN-0824-446,8/23/2024
11885 - AMAN AUTOMOTIVES,11885,GHAZIABAD,11885-03-PLPO-0824-345,8/16/2024,SO Generated,STD,HHML Parts,53100AAE110S,PIPE STRG HANDLE,10,4021.9,30008,8/16/2024,10,3628.6,11885-03-PGRN-0824-446,8/23/2024
11885 - AMAN AUTOMOTIVES,11885,GHAZIABAD,11885-03-PLPO-0824-345,8/16/2024,SO Generated,STD,HHML Parts,53100KST870S,PIPE STRG.HANDLE,10,3751.1,30008,8/20/2024,10,3384.2,11885-03-PGRN-0824-447,8/23/2024
11885 - AMAN AUTOMOTIVES,11885,GHAZIABAD,11885-03-PLPO-0824-345,8/16/2024,SO Generated,STD,HHML Parts,53175AAFH00S,LEVER COMP.R STRG.HNDL.,50,3981,30008,0-00-00,,,,0-00-00
11885 - AMAN AUTOMOTIVES,11885,GHAZIABAD,11885-03-PLPO-0824-345,8/16/2024,SO Generated,STD,HHML Parts,53178AAFH00S,LEVER COMP.L STRG.HNDL.,50,3693.5,30008,0-00-00,,,,0-00-00
11885 - AMAN AUTOMOTIVES,11885,GHAZIABAD,11885-03-PLPO-0824-345,8/16/2024,SO Generated,STD,HHML Parts,53205ABS000SS,COVER HANDLE FR PSW (WH-004P),1,1001.38,30008,8/16/2024,1,903.45,11885-03-PGRN-0824-446,8/23/2024
11885 - AMAN AUTOMOTIVES,11885,GHAZIABAD,11885-03-PLPO-0824-345,8/16/2024,SO Generated,STD,HHML Parts,61000AAGA00RS,FRONT FENDER NH-1,1,968.55,30008,8/16/2024,1,873.83,11885-03-PGRN-0824-446,8/23/2024
11885 - AMAN AUTOMOTIVES,11885,GHAZIABAD,11885-03-PLPO-0824-345,8/16/2024,SO Generated,STD,HHML Parts,61313KCC900S,STAY RIGHT HEADLIGHT,10,369.4,30008,8/16/2024,10,333.2,11885-03-PGRN-0824-446,8/23/2024
11885 - AMAN AUTOMOTIVES,11885,GHAZIABAD,11885-03-PLPO-0824-345,8/16/2024,SO Generated,STD,HHML Parts,61314KCC900S,STAY LEFT HEADLIGHT,10,451.4,30008,8/16/2024,10,407.3,11885-03-PGRN-0824-446,8/23/2024
11885 - AMAN AUTOMOTIVES,11885,GHAZIABAD,11885-03-PLPO-0824-345,8/16/2024,SO Generated,STD,HHML Parts,64305ABS000SS,COVER FR UPPER PSW (WH-004P),1,1272.25,30008,8/16/2024,1,1147.82,11885-03-PGRN-0824-446,8/23/2024
11885 - AMAN AUTOMOTIVES,11885,GHAZIABAD,11885-03-PLPO-0824-345,8/16/2024,SO Generated,STD,HHML Parts,64309ABS000SS,FRONT COVER LOWER,1,1099.88,30008,8/16/2024,1,992.31,11885-03-PGRN-0824-446,8/23/2024
11885 - AMAN AUTOMOTIVES,11885,GHAZIABAD,11885-03-PLPO-0824-345,8/16/2024,SO Generated,STD,HHML Parts,77235AAE300RS,CENTER REAR COWL NH-1 TYPE-1,5,1042.4,30008,8/16/2024,5,940.5,11885-03-PGRN-0824-446,8/23/2024
11885 - AMAN AUTOMOTIVES,11885,GHAZIABAD,11885-03-PLPO-0824-345,8/16/2024,SO Generated,STD,HHML Parts,81131ABS000S,COVER INNER,1,443.23,30008,8/16/2024,1,399.89,11885-03-PGRN-0824-446,8/23/2024
11885 - AMAN AUTOMOTIVES,11885,GHAZIABAD,11885-03-PLPO-0824-345,8/16/2024,SO Generated,STD,HHML Parts,83402AACK00S,PANEL INNER,1,270.87,30008,8/16/2024,1,244.38,11885-03-PGRN-0824-446,8/23/2024
11885 - AMAN AUTOMOTIVES,11885,GHAZIABAD,11885-03-PLPO-0824-345,8/16/2024,SO Generated,STD,HHML Parts,83410AAEB00RS,FRONT VISOR BLACK NH-1 (TYPE-2),2,1748.32,30008,8/16/2024,2,1577.34,11885-03-PGRN-0824-446,8/23/2024
11885 - AMAN AUTOMOTIVES,11885,GHAZIABAD,11885-03-PLPO-0824-345,8/16/2024,SO Generated,STD,HHML Parts,83410AAEB00SS,FRONT VISOR BLACK NH-1 (TYPE-1),2,1748.32,30008,8/16/2024,2,1577.34,11885-03-PGRN-0824-446,8/23/2024
11885 - AMAN AUTOMOTIVES,11885,GHAZIABAD,11885-03-PLPO-0824-345,8/16/2024,SO Generated,STD,HHML Parts,83410AAEC00XS,FRONT VISOR NH-1(T6),8,5581.44,30008,8/16/2024,8,5035.6,11885-03-PGRN-0824-446,8/23/2024
11885 - AMAN AUTOMOTIVES,11885,GHAZIABAD,11885-03-PLPO-0824-345,8/16/2024,SO Generated,STD,HHML Parts,88110ABS301S,MIRROR ASSEMBLY RIGHT SIDE,1,505.06,30008,8/16/2024,1,459.27,11885-03-PGRN-0824-446,8/23/2024
11885 - AMAN AUTOMOTIVES,11885,GHAZIABAD,11885-03-PLPO-0824-345,8/16/2024,SO Generated,STD,HHML Parts,88120ABS301S,MIRROR ASSY LEFT SIDE,1,505.06,30008,8/16/2024,1,459.27,11885-03-PGRN-0824-446,8/23/2024
11885 - AMAN AUTOMOTIVES,11885,GHAZIABAD,11885-03-PLPO-0824-345,8/16/2024,SO Generated,STD,HHML Parts,90031AAH000S,BOLT A CYLINDER STUD 6X198X7,2,76.8,30008,8/16/2024,2,69.84,11885-03-PGRN-0824-446,8/23/2024
11885 - AMAN AUTOMOTIVES,11885,GHAZIABAD,11885-03-PLPO-0824-345,8/16/2024,SO Generated,STD,HHML Parts,90032AAH000S,BOLT B CYLINDER STUD 6X205.5X7,1,38.4,30008,8/16/2024,1,34.92,11885-03-PGRN-0824-446,8/23/2024
11885 - AMAN AUTOMOTIVES,11885,GHAZIABAD,11885-03-PLPO-0824-345,8/16/2024,SO Generated,STD,HHML Parts,9420130250S,PIN SPLIT,20,16.6,30008,8/16/2024,20,15.2,11885-03-PGRN-0824-446,8/23/2024
11885 - AMAN AUTOMOTIVES,11885,GHAZIABAD,11885-03-PLPO-0824-345,8/16/2024,SO Generated,STD,HHML Parts,K22222KTCE900S,KIT DISC CLUTCH FRICTION,3,1748.31,30008,8/16/2024,3,1577.34,11885-03-PGRN-0824-446,8/23/2024
11885 - AMAN AUTOMOTIVES,11885,GHAZIABAD,11885-03-PLPO-0824-345,8/16/2024,SO Generated,STD,HHML Parts,K41412AAJAH02S,"KIT, CHAIN SPROCKET",1,705.89,30008,8/16/2024,1,636.86,11885-03-PGRN-0824-446,8/23/2024
11885 - AMAN AUTOMOTIVES,11885,GHAZIABAD,11885-03-PLPO-0824-345,8/16/2024,SO Generated,STD,HHML Parts,K50506KCCA900LS,KIT STEP,20,3841.4,30008,8/16/2024,20,3465.6,11885-03-PGRN-0824-446,8/23/2024
11885 - AMAN AUTOMOTIVES,11885,GHAZIABAD,11885-03-PLPO-0824-345,8/16/2024,SO Generated,STD,HHML Parts,K50506KCCA900RS,KIT STEP,20,3841.4,30008,8/16/2024,20,3465.6,11885-03-PGRN-0824-446,8/23/2024
11885 - AMAN AUTOMOTIVES,11885,GHAZIABAD,11885-03-PLPO-0824-345,8/16/2024,SO Generated,STD,HHML Parts,K55912HF100DS,OIL SEAL KIT,10,901.6,30008,0-00-00,,,,0-00-00
11885 - AMAN AUTOMOTIVES,11885,GHAZIABAD,11885-03-PLPO-0824-346,8/16/2024,SO Generated,STD,HHML Parts,18318ABG000S,PROTECTOR MUFFLER,1,143.64,23061,8/16/2024,1,143.64,11885-03-PGRN-0824-430,8/16/2024
11885 - AMAN AUTOMOTIVES,11885,GHAZIABAD,11885-03-PLPO-0824-347,8/16/2024,SO Generated,STD,HDX Parts,HDH16400ACJ000S,THROTTLE BODY ASSEMBLY,1,3365.29,30008,8/17/2024,1,3095.06,11885-03-PGRN-0824-454,8/23/2024
11885 - AMAN AUTOMOTIVES,11885,GHAZIABAD,11885-03-PLPO-0824-347,8/16/2024,SO Generated,STD,HDX Parts,HDH16450ACJ000S,INJECTOR ASSEMBLY FUEL,1,1395.37,30008,8/17/2024,1,1280.2,11885-03-PGRN-0824-454,8/23/2024
11885 - AMAN AUTOMOTIVES,11885,GHAZIABAD,11885-03-PLPO-0824-349,8/16/2024,SO Generated,STD,HHML Parts,06435AABA00S,"KIT, PAD RR",2,2331.08,30008,0-00-00,,,,0-00-00
11885 - AMAN AUTOMOTIVES,11885,GHAZIABAD,11885-03-PLPO-0824-349,8/16/2024,SO Generated,STD,HHML Parts,06455GCR016LS,"KIT, PAD FR",1,615.6,30008,8/16/2024,1,555.4,11885-03-PGRN-0824-449,8/23/2024
11885 - AMAN AUTOMOTIVES,11885,GHAZIABAD,11885-03-PLPO-0824-349,8/16/2024,SO Generated,STD,HHML Parts,1110AAAE500S,CRANK CASE ASSY RIGHT,1,1625.19,30008,8/16/2024,1,1466.25,11885-03-PGRN-0824-449,8/23/2024
11885 - AMAN AUTOMOTIVES,11885,GHAZIABAD,11885-03-PLPO-0824-349,8/16/2024,SO Generated,STD,HHML Parts,1120AAAE340S,CRANK CASE ASSY LEFT,1,2093.05,30008,8/16/2024,1,1888.36,11885-03-PGRN-0824-449,8/23/2024
11885 - AMAN AUTOMOTIVES,11885,GHAZIABAD,11885-03-PLPO-0824-349,8/16/2024,SO Generated,STD,HHML Parts,11393ACA000S,GASKET C/CASE COVER RIGHT,2,150.26,30008,8/16/2024,2,136.64,11885-03-PGRN-0824-449,8/23/2024
11885 - AMAN AUTOMOTIVES,11885,GHAZIABAD,11885-03-PLPO-0824-349,8/16/2024,SO Generated,STD,HHML Parts,12100ABF000S,CYLINDER COMP,1,2318.77,30008,0-00-00,,,,0-00-00
11885 - AMAN AUTOMOTIVES,11885,GHAZIABAD,11885-03-PLPO-0824-349,8/16/2024,SO Generated,STD,HHML Parts,13000AAF000S,CRANK SHAFT COMP,2,7596.72,30008,8/16/2024,2,6908.02,11885-03-PGRN-0824-449,8/23/2024
11885 - AMAN AUTOMOTIVES,11885,GHAZIABAD,11885-03-PLPO-0824-349,8/16/2024,SO Generated,STD,HHML Parts,13000ACK000S,CRANK SHAFT COMP,3,11019.42,30008,8/16/2024,3,10020.42,11885-03-PGRN-0824-449,8/23/2024
11885 - AMAN AUTOMOTIVES,11885,GHAZIABAD,11885-03-PLPO-0824-349,8/16/2024,SO Generated,STD,HHML Parts,13000KTC902S,CRANK SHAFT COMP.,1,2733.98,30008,8/16/2024,1,2486.13,11885-03-PGRN-0824-449,8/23/2024
11885 - AMAN AUTOMOTIVES,11885,GHAZIABAD,11885-03-PLPO-0824-349,8/16/2024,SO Generated,STD,HHML Parts,14520AANB00S,LIFTER ASSY TENSIONER,2,459.64,30008,8/16/2024,2,414.7,11885-03-PGRN-0824-449,8/23/2024
11885 - AMAN AUTOMOTIVES,11885,GHAZIABAD,11885-03-PLPO-0824-349,8/16/2024,SO Generated,STD,HHML Parts,15410AAF40099S,ELEMENT OIL FILTER,30,1953.3,30008,8/16/2024,30,1776.3,11885-03-PGRN-0824-449,8/23/2024
11885 - AMAN AUTOMOTIVES,11885,GHAZIABAD,11885-03-PLPO-0824-349,8/16/2024,SO Generated,STD,HHML Parts,15410ACA001S,OIL FILTER CARTRIDGE,2,150.26,30008,0-00-00,,,,0-00-00
11885 - AMAN AUTOMOTIVES,11885,GHAZIABAD,11885-03-PLPO-0824-349,8/16/2024,SO Generated,STD,HHML Parts,16400AACB01S,THROTTLE BODY,1,5417.3,30008,8/16/2024,1,4887.51,11885-03-PGRN-0824-449,8/23/2024
11885 - AMAN AUTOMOTIVES,11885,GHAZIABAD,11885-03-PLPO-0824-349,8/16/2024,SO Generated,STD,HHML Parts,16400AAE300S,THROTTLE BODY ASSY,1,3233.97,30008,8/16/2024,1,2917.7,11885-03-PGRN-0824-449,8/23/2024
11885 - AMAN AUTOMOTIVES,11885,GHAZIABAD,11885-03-PLPO-0824-349,8/16/2024,SO Generated,STD,HHML Parts,16400AAEC00S,THROTTLE BODY ASSEMBLY,1,3233.97,30008,0-00-00,,,,0-00-00
11885 - AMAN AUTOMOTIVES,11885,GHAZIABAD,11885-03-PLPO-0824-349,8/16/2024,SO Generated,STD,HHML Parts,16400ACK411S,THROTTLE BODY ASSEMBLY,1,5556.84,30008,8/16/2024,1,5013.4,11885-03-PGRN-0824-449,8/23/2024
11885 - AMAN AUTOMOTIVES,11885,GHAZIABAD,11885-03-PLPO-0824-349,8/16/2024,SO Generated,STD,HHML Parts,16700AAC802S,UNIT ASSY FUEL PUMP,2,5729.2,30008,8/16/2024,2,5168.92,11885-03-PGRN-0824-449,8/23/2024
11885 - AMAN AUTOMOTIVES,11885,GHAZIABAD,11885-03-PLPO-0824-349,8/16/2024,SO Generated,STD,HHML Parts,16700AAF400S,UNIT ASSY FUEL PUMP,2,4466.2,30008,8/16/2024,2,4061.32,11885-03-PGRN-0824-449,8/23/2024
11885 - AMAN AUTOMOTIVES,11885,GHAZIABAD,11885-03-PLPO-0824-349,8/16/2024,SO Generated,STD,HHML Parts,16700ACL001S,UNIT ASSEMBLY FUEL PUMP,1,3283.21,30008,8/16/2024,1,2962.13,11885-03-PGRN-0824-449,8/23/2024
11885 - AMAN AUTOMOTIVES,11885,GHAZIABAD,11885-03-PLPO-0824-349,8/16/2024,SO Generated,STD,HHML Parts,17210AAW300S,ELEMENT COMP AIR/C,1,125.22,30008,8/16/2024,1,113.87,11885-03-PGRN-0824-449,8/23/2024
11885 - AMAN AUTOMOTIVES,11885,GHAZIABAD,11885-03-PLPO-0824-349,8/16/2024,SO Generated,STD,HHML Parts,17520AAE300RS,FUEL TANK BLACK NH 1 TYPE 1,1,4514.42,30008,8/16/2024,1,4072.93,11885-03-PGRN-0824-449,8/23/2024
11885 - AMAN AUTOMOTIVES,11885,GHAZIABAD,11885-03-PLPO-0824-349,8/16/2024,SO Generated,STD,HHML Parts,17910ACL000S,CABLE COMPLETE THROTTLE,5,574.55,30008,8/16/2024,5,518.35,11885-03-PGRN-0824-449,8/23/2024
11885 - AMAN AUTOMOTIVES,11885,GHAZIABAD,11885-03-PLPO-0824-349,8/16/2024,SO Generated,STD,HHML Parts,18318ABG000S,PROTECTOR MUFFLER,2,287.28,30008,0-00-00,,,,0-00-00
11885 - AMAN AUTOMOTIVES,11885,GHAZIABAD,11885-03-PLPO-0824-349,8/16/2024,SO Generated,STD,HHML Parts,20K1110S,CHAIN SPROCKET KIT,10,7058.9,30008,8/16/2024,10,6368.6,11885-03-PGRN-0824-449,8/23/2024
11885 - AMAN AUTOMOTIVES,11885,GHAZIABAD,11885-03-PLPO-0824-349,8/16/2024,SO Generated,STD,HHML Parts,20K1120S,CHAIN SPROCKET KIT ( NEW),2,1378.94,30008,8/16/2024,2,1244.1,11885-03-PGRN-0824-449,8/23/2024
11885 - AMAN AUTOMOTIVES,11885,GHAZIABAD,11885-03-PLPO-0824-349,8/16/2024,SO Generated,STD,HHML Parts,21K201S,CYLINDER KIT (GLAMOUR NEW,1,2462.41,30008,8/16/2024,1,2221.6,11885-03-PGRN-0824-449,8/23/2024
11885 - AMAN AUTOMOTIVES,11885,GHAZIABAD,11885-03-PLPO-0824-349,8/16/2024,SO Generated,STD,HHML Parts,21K220S,CYLINDER KIT (PASSION PRO),1,2396.75,30008,8/16/2024,1,2162.35,11885-03-PGRN-0824-449,8/23/2024
11885 - AMAN AUTOMOTIVES,11885,GHAZIABAD,11885-03-PLPO-0824-349,8/16/2024,SO Generated,STD,HHML Parts,21K270S,CYLINDER KIT (SPL PRO),1,2052.01,30008,8/16/2024,1,1851.33,11885-03-PGRN-0824-449,8/23/2024
11885 - AMAN AUTOMOTIVES,11885,GHAZIABAD,11885-03-PLPO-0824-349,8/16/2024,SO Generated,STD,HHML Parts,22100AAF400S,OUTER COMP CLUTCH,1,1010.11,30008,8/16/2024,1,918.54,11885-03-PGRN-0824-449,8/23/2024
11885 - AMAN AUTOMOTIVES,11885,GHAZIABAD,11885-03-PLPO-0824-349,8/16/2024,SO Generated,STD,HHML Parts,22120KWS901S,CENTER CLUTCH,1,209.3,30008,8/16/2024,1,188.84,11885-03-PGRN-0824-449,8/23/2024
11885 - AMAN AUTOMOTIVES,11885,GHAZIABAD,11885-03-PLPO-0824-349,8/16/2024,SO Generated,STD,HHML Parts,22121AAHF01S,CENTER CLUTCH,5,1190.15,30008,8/16/2024,5,1073.75,11885-03-PGRN-0824-449,8/23/2024
11885 - AMAN AUTOMOTIVES,11885,GHAZIABAD,11885-03-PLPO-0824-349,8/16/2024,SO Generated,STD,HHML Parts,22355KWS901S,PLATE CLUTCH PRESSURE,1,160.06,30008,8/16/2024,1,144.4,11885-03-PGRN-0824-449,8/23/2024
11885 - AMAN AUTOMOTIVES,11885,GHAZIABAD,11885-03-PLPO-0824-349,8/16/2024,SO Generated,STD,HHML Parts,24K150LS,VALVE KIT,10,3365.3,30008,8/16/2024,10,3036.2,11885-03-PGRN-0824-449,8/23/2024
11885 - AMAN AUTOMOTIVES,11885,GHAZIABAD,11885-03-PLPO-0824-349,8/16/2024,SO Generated,STD,HHML Parts,31210AAF402S,MOTOR UNIT START,1,1387.16,30008,8/16/2024,1,1251.5,11885-03-PGRN-0824-449,8/23/2024
11885 - AMAN AUTOMOTIVES,11885,GHAZIABAD,11885-03-PLPO-0824-349,8/16/2024,SO Generated,STD,HHML Parts,31210KWA94099S,MOTOR UNIT START,3,5749.74,30008,8/16/2024,3,5187.42,11885-03-PGRN-0824-449,8/23/2024
11885 - AMAN AUTOMOTIVES,11885,GHAZIABAD,11885-03-PLPO-0824-349,8/16/2024,SO Generated,STD,HHML Parts,31300AAJB0099S,USB CHARGER ASSEMBLY,3,1442.55,30008,8/16/2024,3,1311.78,11885-03-PGRN-0824-449,8/23/2024
11885 - AMAN AUTOMOTIVES,11885,GHAZIABAD,11885-03-PLPO-0824-349,8/16/2024,SO Generated,STD,HHML Parts,32100AAE810S,HARNESS WIRE,1,2349.97,30008,8/16/2024,1,2136.93,11885-03-PGRN-0824-449,8/23/2024
11885 - AMAN AUTOMOTIVES,11885,GHAZIABAD,11885-03-PLPO-0824-349,8/16/2024,SO Generated,STD,HHML Parts,32100AAEC10S,HARNESS WIRE,1,2504.41,30008,0-00-00,,,,0-00-00
11885 - AMAN AUTOMOTIVES,11885,GHAZIABAD,11885-03-PLPO-0824-349,8/16/2024,SO Generated,STD,HHML Parts,33100ACLD02S,LIGHT ASSEMBLY HEAD,1,2921.81,30008,0-00-00,,,,0-00-00
11885 - AMAN AUTOMOTIVES,11885,GHAZIABAD,11885-03-PLPO-0824-349,8/16/2024,SO Generated,STD,HHML Parts,3310BAAW00099S,LIGHT ASSY HEAD(W/O BULB),1,500.88,30008,8/16/2024,1,455.47,11885-03-PGRN-0824-449,8/23/2024
11885 - AMAN AUTOMOTIVES,11885,GHAZIABAD,11885-03-PLPO-0824-349,8/16/2024,SO Generated,STD,HHML Parts,3340BAAC201S,WINKER ASSY R FR(W/O BULB),5,784.7,30008,0-00-00,,,,0-00-00
11885 - AMAN AUTOMOTIVES,11885,GHAZIABAD,11885-03-PLPO-0824-349,8/16/2024,SO Generated,STD,HHML Parts,3345BAAC201S,WINKER ASSY L FR(W/O BULB),5,784.7,30008,0-00-00,,,,0-00-00
11885 - AMAN AUTOMOTIVES,11885,GHAZIABAD,11885-03-PLPO-0824-349,8/16/2024,SO Generated,STD,HHML Parts,3360BAAC201S,WINKER ASSY. R RR(W/O BULB),5,801.4,30008,8/16/2024,5,728.75,11885-03-PGRN-0824-449,8/23/2024
11885 - AMAN AUTOMOTIVES,11885,GHAZIABAD,11885-03-PLPO-0824-349,8/16/2024,SO Generated,STD,HHML Parts,3365BAAC201S,WINKER AASY. L RR(W/O BULB),1,160.28,30008,8/16/2024,1,145.75,11885-03-PGRN-0824-449,8/23/2024
11885 - AMAN AUTOMOTIVES,11885,GHAZIABAD,11885-03-PLPO-0824-349,8/16/2024,SO Generated,STD,HHML Parts,3365BAAC80099S,WINKER ASSY L RR,3,413.22,30008,8/16/2024,3,375.78,11885-03-PGRN-0824-449,8/23/2024
11885 - AMAN AUTOMOTIVES,11885,GHAZIABAD,11885-03-PLPO-0824-349,8/16/2024,SO Generated,STD,HHML Parts,35150AAF00099S,SWITCH ASSEMBLY START I3S,10,2087,30008,8/16/2024,10,1897.8,11885-03-PGRN-0824-449,8/23/2024
11885 - AMAN AUTOMOTIVES,11885,GHAZIABAD,11885-03-PLPO-0824-349,8/16/2024,SO Generated,STD,HHML Parts,35200AAE11099S,SWITCH ASSEMBLY WINKER,4,1302.28,30008,8/16/2024,4,1184.24,11885-03-PGRN-0824-449,8/23/2024
11885 - AMAN AUTOMOTIVES,11885,GHAZIABAD,11885-03-PLPO-0824-349,8/16/2024,SO Generated,STD,HHML Parts,35340KCC841S,SWITCH ASSEMBLY FRONT STOP,3,137.73,30008,8/16/2024,3,125.25,11885-03-PGRN-0824-449,8/23/2024
11885 - AMAN AUTOMOTIVES,11885,GHAZIABAD,11885-03-PLPO-0824-349,8/16/2024,SO Generated,STD,HHML Parts,37100AAC83099S,METER ASSY COMB,1,2939.3,30008,8/16/2024,1,2651.84,11885-03-PGRN-0824-449,8/23/2024
11885 - AMAN AUTOMOTIVES,11885,GHAZIABAD,11885-03-PLPO-0824-349,8/16/2024,SO Generated,STD,HHML Parts,37100AAC84099S,METER ASSY COMB,1,2914.67,30008,8/16/2024,1,2629.63,11885-03-PGRN-0824-449,8/23/2024
11885 - AMAN AUTOMOTIVES,11885,GHAZIABAD,11885-03-PLPO-0824-349,8/16/2024,SO Generated,STD,HHML Parts,37100AAEB0099S,METER ASSY COMB,1,3036.97,30008,8/16/2024,1,2739.97,11885-03-PGRN-0824-449,8/23/2024
11885 - AMAN AUTOMOTIVES,11885,GHAZIABAD,11885-03-PLPO-0824-349,8/16/2024,SO Generated,STD,HHML Parts,37100AAEC2099S,METER ASSEMBLY COMBINATION,1,2872.81,30008,8/16/2024,1,2591.86,11885-03-PGRN-0824-449,8/23/2024
11885 - AMAN AUTOMOTIVES,11885,GHAZIABAD,11885-03-PLPO-0824-349,8/16/2024,SO Generated,STD,HHML Parts,40531KTE910S,JOINT DRIVE CHAIN,10,108.5,30008,0-00-00,,,,0-00-00
11885 - AMAN AUTOMOTIVES,11885,GHAZIABAD,11885-03-PLPO-0824-349,8/16/2024,SO Generated,STD,HHML Parts,41241AAN410S,DAMPER REAR WHEEL,200,5844,30008,8/16/2024,200,5314,11885-03-PGRN-0824-449,8/23/2024
11885 - AMAN AUTOMOTIVES,11885,GHAZIABAD,11885-03-PLPO-0824-349,8/16/2024,SO Generated,STD,HHML Parts,45250AANE00S,CALIPER SUB ASSY R FR,2,5006.9,30008,0-00-00,,,,0-00-00
11885 - AMAN AUTOMOTIVES,11885,GHAZIABAD,11885-03-PLPO-0824-349,8/16/2024,SO Generated,STD,HHML Parts,50500KTRA00S,STAND COMP MAIN,2,697.68,30008,8/16/2024,2,629.46,11885-03-PGRN-0824-449,8/23/2024
11885 - AMAN AUTOMOTIVES,11885,GHAZIABAD,11885-03-PLPO-0824-349,8/16/2024,SO Generated,STD,HHML Parts,50512KTC900S,PIPE RR.BRK.PIVOT,1,100.14,30008,8/16/2024,1,90.34,11885-03-PGRN-0824-449,8/23/2024
11885 - AMAN AUTOMOTIVES,11885,GHAZIABAD,11885-03-PLPO-0824-349,8/16/2024,SO Generated,STD,HHML Parts,52400KWH961ZAS,CUSHION ASSEMBLY REAR(NH-1 TYPE-1),4,3496.64,30008,8/16/2024,4,3154.68,11885-03-PGRN-0824-449,8/23/2024
11885 - AMAN AUTOMOTIVES,11885,GHAZIABAD,11885-03-PLPO-0824-349,8/16/2024,SO Generated,STD,HHML Parts,53100AAE110S,PIPE STRG HANDLE,5,2010.95,30008,8/16/2024,5,1814.3,11885-03-PGRN-0824-449,8/23/2024
11885 - AMAN AUTOMOTIVES,11885,GHAZIABAD,11885-03-PLPO-0824-349,8/16/2024,SO Generated,STD,HHML Parts,53100KST870S,PIPE STRG.HANDLE,10,3751.1,30008,0-00-00,,,,0-00-00
11885 - AMAN AUTOMOTIVES,11885,GHAZIABAD,11885-03-PLPO-0824-349,8/16/2024,SO Generated,STD,HHML Parts,53200AAE300S,STEM COMP STRG,2,1510.28,30008,8/16/2024,2,1362.58,11885-03-PGRN-0824-449,8/23/2024
11885 - AMAN AUTOMOTIVES,11885,GHAZIABAD,11885-03-PLPO-0824-349,8/16/2024,SO Generated,STD,HHML Parts,53200ABZ000S,STEM COMP STEERING,1,1284.56,30008,8/16/2024,1,1158.93,11885-03-PGRN-0824-449,8/23/2024
11885 - AMAN AUTOMOTIVES,11885,GHAZIABAD,11885-03-PLPO-0824-349,8/16/2024,SO Generated,STD,HHML Parts,61303AAGA00S,FRONT COWL CHROME,1,151.85,30008,8/16/2024,1,137,11885-03-PGRN-0824-449,8/23/2024
11885 - AMAN AUTOMOTIVES,11885,GHAZIABAD,11885-03-PLPO-0824-349,8/16/2024,SO Generated,STD,HHML Parts,77210ACK010RS,RIGHT REAR COWL (NH-1 TYPE-1),1,408.76,30008,0-00-00,,,,0-00-00
11885 - AMAN AUTOMOTIVES,11885,GHAZIABAD,11885-03-PLPO-0824-349,8/16/2024,SO Generated,STD,HHML Parts,77210ACK010TS,RIGHT REAR COWL (NH-1 TYPE-3),5,2355.7,30008,8/16/2024,5,2125.35,11885-03-PGRN-0824-449,8/23/2024
11885 - AMAN AUTOMOTIVES,11885,GHAZIABAD,11885-03-PLPO-0824-349,8/16/2024,SO Generated,STD,HHML Parts,77220ACK010RS,LEFT REAR COWL (NH-1 TYPE-1),3,1226.28,30008,0-00-00,,,,0-00-00
11885 - AMAN AUTOMOTIVES,11885,GHAZIABAD,11885-03-PLPO-0824-349,8/16/2024,SO Generated,STD,HHML Parts,77220ACK010TS,LEFT REAR COWL (NH-1 TYPE-3),5,2355.7,30008,8/16/2024,5,2125.35,11885-03-PGRN-0824-449,8/23/2024
11885 - AMAN AUTOMOTIVES,11885,GHAZIABAD,11885-03-PLPO-0824-349,8/16/2024,SO Generated,STD,HHML Parts,77230ACK000RS,CENTER REAR COWL NH-1.,1,114.91,30008,0-00-00,,,,0-00-00
11885 - AMAN AUTOMOTIVES,11885,GHAZIABAD,11885-03-PLPO-0824-349,8/16/2024,SO Generated,STD,HHML Parts,77235AAE300RS,CENTER REAR COWL NH-1 TYPE-1,5,1042.4,30008,8/16/2024,5,940.5,11885-03-PGRN-0824-449,8/23/2024
11885 - AMAN AUTOMOTIVES,11885,GHAZIABAD,11885-03-PLPO-0824-349,8/16/2024,SO Generated,STD,HHML Parts,77300AAE300RS,R SIDE COWL BLACK NH 1 TYPE 1,3,1231.2,30008,8/16/2024,3,1110.81,11885-03-PGRN-0824-449,8/23/2024
11885 - AMAN AUTOMOTIVES,11885,GHAZIABAD,11885-03-PLPO-0824-349,8/16/2024,SO Generated,STD,HHML Parts,77400AAE300RS,L SIDE COWL BLACK NH 1 TYPE 1,3,1231.2,30008,8/16/2024,3,1110.81,11885-03-PGRN-0824-449,8/23/2024
11885 - AMAN AUTOMOTIVES,11885,GHAZIABAD,11885-03-PLPO-0824-349,8/16/2024,SO Generated,STD,HHML Parts,80100KWH970S,FENDER COMPLETE REAR,2,1050.62,30008,8/16/2024,2,947.88,11885-03-PGRN-0824-449,8/23/2024
11885 - AMAN AUTOMOTIVES,11885,GHAZIABAD,11885-03-PLPO-0824-349,8/16/2024,SO Generated,STD,HHML Parts,90012333000RS,SCREW TAPPET ADJUSTING,50,584.5,30008,8/16/2024,50,531.5,11885-03-PGRN-0824-449,8/23/2024
11885 - AMAN AUTOMOTIVES,11885,GHAZIABAD,11885-03-PLPO-0824-349,8/16/2024,SO Generated,STD,HHML Parts,90206001000S,NUT TAPPET ADJUSTING,50,709.5,30008,8/16/2024,50,645.5,11885-03-PGRN-0824-449,8/23/2024
11885 - AMAN AUTOMOTIVES,11885,GHAZIABAD,11885-03-PLPO-0824-349,8/16/2024,SO Generated,STD,HHML Parts,K22222KZAAW00VS,DISC CLUTCH FRICTION KIT - PASS X-PRO,2,1083.46,30008,8/16/2024,2,977.5,11885-03-PGRN-0824-449,8/23/2024
11885 - AMAN AUTOMOTIVES,11885,GHAZIABAD,11885-03-PLPO-0824-349,8/16/2024,SO Generated,STD,HHML Parts,K55912HF100DS,OIL SEAL KIT,10,901.6,30008,0-00-00,,,,0-00-00
11885 - AMAN AUTOMOTIVES,11885,GHAZIABAD,11885-03-PLPO-0824-349,8/16/2024,SO Generated,STD,HHML Parts,K55912KTCE900S,OIL SEAL KIT (SUPER SPLENDOR),5,175.3,30008,8/16/2024,5,159.4,11885-03-PGRN-0824-449,8/23/2024
11885 - AMAN AUTOMOTIVES,11885,GHAZIABAD,11885-03-PLPO-0824-350,8/16/2024,SO Generated,VOR,HHML Parts,11330ACL000S,COVER COMPLETE RIGHT CRANKCASE,1,1247.62,30008,8/22/2024,1,1125.61,11885-03-PGRN-0824-460,8/26/2024
11885 - AMAN AUTOMOTIVES,11885,GHAZIABAD,11885-03-PLPO-0824-350,8/16/2024,SO Generated,VOR,HHML Parts,33450ABWJ01S,WINKER ASSEMBLY LEFT FRONT,1,333.92,30008,8/17/2024,1,303.65,11885-03-PGRN-0824-448,8/23/2024
11885 - AMAN AUTOMOTIVES,11885,GHAZIABAD,11885-03-PLPO-0824-355,8/17/2024,Submitted,STD,HHML Parts,22535KPL901S,CLUTCH WEIGHT,1,611.5,23061,0-00-00,,,,0-00-00
11885 - AMAN AUTOMOTIVES,11885,GHAZIABAD,11885-03-PLPO-0824-355,8/17/2024,Submitted,STD,HHML Parts,23481HF7000S,GEAR COUNTERSHAFT4TH (23T),1,238.03,23061,0-00-00,,,,0-00-00
11885 - AMAN AUTOMOTIVES,11885,GHAZIABAD,11885-03-PLPO-0824-357,8/17/2024,SO Generated,VOR,HHML Parts,61300ADJ700AS,COVER RIGHT FRONT COWL(BL(BR)-013M(G),1,348.84,30008,8/20/2024,1,314.73,11885-03-PGRN-0824-453,8/23/2024
11885 - AMAN AUTOMOTIVES,11885,GHAZIABAD,11885-03-PLPO-0824-357,8/17/2024,SO Generated,VOR,HHML Parts,61400ADJ700AS,COVER LEFT FRONT COWL(BL(BR)-013M(G),1,348.84,30008,8/20/2024,1,314.73,11885-03-PGRN-0824-453,8/23/2024
11885 - AMAN AUTOMOTIVES,11885,GHAZIABAD,11885-03-PLPO-0824-357,8/17/2024,SO Generated,VOR,HHML Parts,64300AAW300RS,COVER FR CENTER (PSWM WH004P),1,1604.67,30008,8/20/2024,1,1447.74,11885-03-PGRN-0824-453,8/23/2024
11885 - AMAN AUTOMOTIVES,11885,GHAZIABAD,11885-03-PLPO-0824-361,8/18/2024,SO Generated,VOR,HHML Parts,50530ACA000S,BAR COMPLETE SIDE STAND,1,155.95,30008,8/21/2024,1,140.7,11885-03-PGRN-0824-452,8/23/2024
11885 - AMAN AUTOMOTIVES,11885,GHAZIABAD,11885-03-PLPO-0824-361,8/18/2024,SO Generated,VOR,HHML Parts,50700ACA000S,HOLDER LEFT STEP,1,344.74,30008,8/21/2024,1,311.02,11885-03-PGRN-0824-452,8/23/2024
11885 - AMAN AUTOMOTIVES,11885,GHAZIABAD,11885-03-PLPO-0824-363,8/18/2024,SO Generated,STD,HHML Parts,22535KPL901S,CLUTCH WEIGHT,1,611.5,23061,0-00-00,,,,0-00-00
11885 - AMAN AUTOMOTIVES,11885,GHAZIABAD,11885-03-PLPO-0824-363,8/18/2024,SO Generated,STD,HHML Parts,23481HF7000S,GEAR COUNTERSHAFT4TH (23T),1,238.03,23061,0-00-00,,,,0-00-00
11885 - AMAN AUTOMOTIVES,11885,GHAZIABAD,11885-03-PLPO-0824-363,8/18/2024,SO Generated,STD,HHML Parts,45250KCC841S,CALIPER SUB ASSY.R FR.,1,1456.93,23061,0-00-00,,,,0-00-00
11885 - AMAN AUTOMOTIVES,11885,GHAZIABAD,11885-03-PLPO-0824-364,8/21/2024,SO Generated,STD,HHML Parts,17570AAGA0099S,FUEL HOSE,1,267.14,23061,8/21/2024,1,267.14,11885-03-PGRN-0824-444,8/21/2024
11885 - AMAN AUTOMOTIVES,11885,GHAZIABAD,11885-03-PLPO-0824-364,8/21/2024,SO Generated,STD,HHML Parts,53172AAWD00S,BRACKET LEFT BRAKE LEVER,1,114.91,23061,0-00-00,,,,0-00-00
11885 - AMAN AUTOMOTIVES,11885,GHAZIABAD,11885-03-PLPO-0824-365,8/21/2024,SO Generated,VOR,HHML Parts,16424AAGA00S,INJECTOR CAP ASSEMBLY,1,150.21,30008,8/23/2024,1,135.52,11885-03-PGRN-0824-461,8/26/2024
11885 - AMAN AUTOMOTIVES,11885,GHAZIABAD,11885-03-PLPO-0824-365,8/21/2024,SO Generated,VOR,HHML Parts,17570AAGA0099S,FUEL HOSE,1,267.14,30008,8/23/2024,1,242.92,11885-03-PGRN-0824-461,8/26/2024
11885 - AMAN AUTOMOTIVES,11885,GHAZIABAD,11885-03-PLPO-0824-365,8/21/2024,SO Generated,VOR,HHML Parts,31300AAJB0099S,USB CHARGER ASSEMBLY,1,480.85,30008,8/23/2024,1,437.26,11885-03-PGRN-0824-461,8/26/2024
11885 - AMAN AUTOMOTIVES,11885,GHAZIABAD,11885-03-PLPO-0824-365,8/21/2024,SO Generated,VOR,HHML Parts,40520KWA940S,CASE UND (HALF) DRIVE CHAIN,1,229.82,30008,8/23/2024,1,207.35,11885-03-PGRN-0824-461,8/26/2024
11885 - AMAN AUTOMOTIVES,11885,GHAZIABAD,11885-03-PLPO-0824-365,8/21/2024,SO Generated,VOR,HHML Parts,50621ABS200S,UNDER COVER LOWER,1,242.14,30008,8/23/2024,1,218.46,11885-03-PGRN-0824-461,8/26/2024
11885 - AMAN AUTOMOTIVES,11885,GHAZIABAD,11885-03-PLPO-0824-365,8/21/2024,SO Generated,VOR,HHML Parts,64100AAD220S,WIND SCREEN,1,287.28,30008,8/23/2024,1,259.19,11885-03-PGRN-0824-461,8/26/2024
11885 - AMAN AUTOMOTIVES,11885,GHAZIABAD,11885-03-PLPO-0824-365,8/21/2024,SO Generated,VOR,HHML Parts,64309ABS000RS,FRONT COVER LOWER,1,923.4,30008,8/23/2024,1,833.1,11885-03-PGRN-0824-461,8/26/2024
11885 - AMAN AUTOMOTIVES,11885,GHAZIABAD,11885-03-PLPO-0824-365,8/21/2024,SO Generated,VOR,HHML Parts,6433AABS200RS,COVER L FLOOE SIDE SA PBM NH B08M,1,636.12,30008,8/23/2024,1,573.91,11885-03-PGRN-0824-461,8/26/2024
11885 - AMAN AUTOMOTIVES,11885,GHAZIABAD,11885-03-PLPO-0824-366,8/23/2024,SO Generated,VOR,HHML Parts,32100AAW300S,HARNESS WIRE,1,1481.78,30008,8/24/2024,1,1347.44,11885-03-PGRN-0824-469,8/28/2024
11885 - AMAN AUTOMOTIVES,11885,GHAZIABAD,11885-03-PLPO-0824-366,8/23/2024,SO Generated,VOR,HHML Parts,53200ACA000S,STEM COMPLETE STRG,1,1025.18,30008,8/24/2024,1,924.92,11885-03-PGRN-0824-469,8/28/2024
11885 - AMAN AUTOMOTIVES,11885,GHAZIABAD,11885-03-PLPO-0824-366,8/23/2024,SO Generated,VOR,HHML Parts,53230ACA000S,BRIDGE FORK TOP,1,1026,30008,8/27/2024,1,925.66,11885-03-PGRN-0824-475,8/29/2024
11885 - AMAN AUTOMOTIVES,11885,GHAZIABAD,11885-03-PLPO-0824-367,8/23/2024,SO Generated,STD,HHML Parts,11102GT8B00S,RUB.BUSH ENG.HANGER,2,75.52,23061,0-00-00,,,,0-00-00
11885 - AMAN AUTOMOTIVES,11885,GHAZIABAD,11885-03-PLPO-0824-367,8/23/2024,SO Generated,STD,HHML Parts,12100ABG000S,CYLINDER,1,1432.3,23061,8/23/2024,1,1432.3,11885-03-PGRN-0824-455,8/23/2024
11885 - AMAN AUTOMOTIVES,11885,GHAZIABAD,11885-03-PLPO-0824-367,8/23/2024,SO Generated,STD,HHML Parts,12200ACK200S,HEAD COMP CYLINDER,1,1871.43,23061,8/23/2024,1,1871.43,11885-03-PGRN-0824-455,8/23/2024
11885 - AMAN AUTOMOTIVES,11885,GHAZIABAD,11885-03-PLPO-0824-367,8/23/2024,SO Generated,STD,HHML Parts,22535KPL901S,CLUTCH WEIGHT,1,611.5,23061,8/23/2024,1,611.5,11885-03-PGRN-0824-455,8/23/2024
11885 - AMAN AUTOMOTIVES,11885,GHAZIABAD,11885-03-PLPO-0824-367,8/23/2024,SO Generated,STD,HHML Parts,23481HF7000S,GEAR COUNTERSHAFT4TH (23T),1,238.03,23061,8/23/2024,1,238.03,11885-03-PGRN-0824-455,8/23/2024
11885 - AMAN AUTOMOTIVES,11885,GHAZIABAD,11885-03-PLPO-0824-367,8/23/2024,SO Generated,STD,HHML Parts,45510KVN901S,M/C SUB ASSY. FR BRK.,1,1034.21,23061,8/23/2024,1,1034.21,11885-03-PGRN-0824-455,8/23/2024
11885 - AMAN AUTOMOTIVES,11885,GHAZIABAD,11885-03-PLPO-0824-369,8/23/2024,SO Generated,STD,HHML Parts,3310BAAH10099S,LIGHT ASSY. HEAD,1,425.75,11315,8/24/2024,1,425.75,11885-03-PGRN-0824-457,8/24/2024
11885 - AMAN AUTOMOTIVES,11885,GHAZIABAD,11885-03-PLPO-0824-369,8/23/2024,SO Generated,STD,HHML Parts,53100ABW300S,PIPE STRG HANDLE,1,270.87,11315,0-00-00,,,,0-00-00
11885 - AMAN AUTOMOTIVES,11885,GHAZIABAD,11885-03-PLPO-0824-370,8/23/2024,SO Generated,STD,HHML Parts,06179KZAW00S,CABLE SET THROT,2,517.1,30008,8/24/2024,2,466.54,11885-03-PGRN-0824-467,8/28/2024
11885 - AMAN AUTOMOTIVES,11885,GHAZIABAD,11885-03-PLPO-0824-370,8/23/2024,SO Generated,STD,HHML Parts,06455AANE00S,"KIT, PAD FR",5,1436.4,30008,8/24/2024,5,1295.95,11885-03-PGRN-0824-467,8/28/2024
11885 - AMAN AUTOMOTIVES,11885,GHAZIABAD,11885-03-PLPO-0824-370,8/23/2024,SO Generated,STD,HHML Parts,11102GT8B00S,RUB.BUSH ENG.HANGER,20,755.2,30008,8/24/2024,20,681.2,11885-03-PGRN-0824-467,8/28/2024
11885 - AMAN AUTOMOTIVES,11885,GHAZIABAD,11885-03-PLPO-0824-370,8/23/2024,SO Generated,STD,HHML Parts,11191AAH00099S,GASKET CRANK CASE,20,1085.2,30008,8/24/2024,20,986.8,11885-03-PGRN-0824-467,8/28/2024
11885 - AMAN AUTOMOTIVES,11885,GHAZIABAD,11885-03-PLPO-0824-370,8/23/2024,SO Generated,STD,HHML Parts,11395ACK01099S,GASKET L CRANK CASE COVER,10,375.7,30008,8/24/2024,10,341.6,11885-03-PGRN-0824-467,8/28/2024
11885 - AMAN AUTOMOTIVES,11885,GHAZIABAD,11885-03-PLPO-0824-370,8/23/2024,SO Generated,STD,HHML Parts,12100ABG000S,CYLINDER,5,7161.5,30008,8/24/2024,5,6461.15,11885-03-PGRN-0824-467,8/28/2024
11885 - AMAN AUTOMOTIVES,11885,GHAZIABAD,11885-03-PLPO-0824-370,8/23/2024,SO Generated,STD,HHML Parts,12101AAE300S,CYLINDER,5,6012.4,30008,0-00-00,,,,0-00-00
11885 - AMAN AUTOMOTIVES,11885,GHAZIABAD,11885-03-PLPO-0824-370,8/23/2024,SO Generated,STD,HHML Parts,12101ACK000S,CYLINDER,5,5745.6,30008,8/24/2024,5,5183.7,11885-03-PGRN-0824-467,8/28/2024
11885 - AMAN AUTOMOTIVES,11885,GHAZIABAD,11885-03-PLPO-0824-370,8/23/2024,SO Generated,STD,HHML Parts,12209GB4685S,SEAL VALVE STEM,40,1402.4,30008,8/24/2024,40,1275.2,11885-03-PGRN-0824-467,8/28/2024
11885 - AMAN AUTOMOTIVES,11885,GHAZIABAD,11885-03-PLPO-0824-370,8/23/2024,SO Generated,STD,HHML Parts,12251ABG000S,GASKET CYLINDER HEAD,5,292.2,30008,8/24/2024,2,106.28,11885-03-PGRN-0824-467,8/28/2024
11885 - AMAN AUTOMOTIVES,11885,GHAZIABAD,11885-03-PLPO-0824-370,8/23/2024,SO Generated,STD,HHML Parts,12251KST94099S,GASKET CYLINDER HEAD,5,855.65,30008,8/24/2024,5,778.1,11885-03-PGRN-0824-467,8/28/2024
11885 - AMAN AUTOMOTIVES,11885,GHAZIABAD,11885-03-PLPO-0824-370,8/23/2024,SO Generated,STD,HHML Parts,12391AAH00099S,GASKET CYL HEAD COVER,20,116.8,30008,8/24/2024,20,106.2,11885-03-PGRN-0824-467,8/28/2024
11885 - AMAN AUTOMOTIVES,11885,GHAZIABAD,11885-03-PLPO-0824-370,8/23/2024,SO Generated,STD,HHML Parts,12391ABG000S,GASKET HEAD COVER,1,29.22,30008,8/24/2024,1,26.57,11885-03-PGRN-0824-467,8/28/2024
11885 - AMAN AUTOMOTIVES,11885,GHAZIABAD,11885-03-PLPO-0824-370,8/23/2024,SO Generated,STD,HHML Parts,13000AAF000S,CRANK SHAFT COMP,2,7596.72,30008,8/24/2024,2,6908.02,11885-03-PGRN-0824-467,8/28/2024
11885 - AMAN AUTOMOTIVES,11885,GHAZIABAD,11885-03-PLPO-0824-370,8/23/2024,SO Generated,STD,HHML Parts,13000ABS200S,CRANKSHAFT ASSY,1,3710.7,30008,0-00-00,,,,0-00-00
11885 - AMAN AUTOMOTIVES,11885,GHAZIABAD,11885-03-PLPO-0824-370,8/23/2024,SO Generated,STD,HHML Parts,13000ACK000S,CRANK SHAFT COMP,5,18365.7,30008,8/24/2024,5,16700.7,11885-03-PGRN-0824-467,8/28/2024
11885 - AMAN AUTOMOTIVES,11885,GHAZIABAD,11885-03-PLPO-0824-370,8/23/2024,SO Generated,STD,HHML Parts,13101AAF00099S,PISTON,3,911.1,30008,0-00-00,,,,0-00-00
11885 - AMAN AUTOMOTIVES,11885,GHAZIABAD,11885-03-PLPO-0824-370,8/23/2024,SO Generated,STD,HHML Parts,13111AANB00S,PISTON PIN,2,91.92,30008,8/24/2024,2,82.94,11885-03-PGRN-0824-467,8/28/2024
11885 - AMAN AUTOMOTIVES,11885,GHAZIABAD,11885-03-PLPO-0824-370,8/23/2024,SO Generated,STD,HHML Parts,1450AACK000S,ARM ASSY CAM CHAIN TENSIONER,10,960.3,30008,8/24/2024,10,866.4,11885-03-PGRN-0824-467,8/28/2024
11885 - AMAN AUTOMOTIVES,11885,GHAZIABAD,11885-03-PLPO-0824-370,8/23/2024,SO Generated,STD,HHML Parts,14541GB4681S,SPRING TENSIONER,10,41.7,30008,8/24/2024,10,38,11885-03-PGRN-0824-467,8/28/2024
11885 - AMAN AUTOMOTIVES,11885,GHAZIABAD,11885-03-PLPO-0824-370,8/23/2024,SO Generated,STD,HHML Parts,14610086000RS,ROLLAR COMP CAM CHAIN,10,751.3,30008,8/24/2024,10,683.2,11885-03-PGRN-0824-467,8/28/2024
11885 - AMAN AUTOMOTIVES,11885,GHAZIABAD,11885-03-PLPO-0824-370,8/23/2024,SO Generated,STD,HHML Parts,14670ACK000S,SPRKT.COMP.CAM CHAIN GUIDE,10,344.7,30008,8/24/2024,10,311,11885-03-PGRN-0824-467,8/28/2024
11885 - AMAN AUTOMOTIVES,11885,GHAZIABAD,11885-03-PLPO-0824-370,8/23/2024,SO Generated,STD,HHML Parts,14711ABG000S,VALVE INLET,3,344.73,30008,0-00-00,,,,0-00-00
11885 - AMAN AUTOMOTIVES,11885,GHAZIABAD,11885-03-PLPO-0824-370,8/23/2024,SO Generated,STD,HHML Parts,14721ABG000S,VALVE EXHAUST,3,864.3,30008,8/24/2024,3,779.79,11885-03-PGRN-0824-467,8/28/2024
11885 - AMAN AUTOMOTIVES,11885,GHAZIABAD,11885-03-PLPO-0824-370,8/23/2024,SO Generated,STD,HHML Parts,16424AAGA00S,INJECTOR CAP ASSEMBLY,2,300.42,30008,8/24/2024,2,271.04,11885-03-PGRN-0824-467,8/28/2024
11885 - AMAN AUTOMOTIVES,11885,GHAZIABAD,11885-03-PLPO-0824-370,8/23/2024,SO Generated,STD,HHML Parts,17570AAGA0099S,FUEL HOSE,1,267.14,30008,8/24/2024,1,242.92,11885-03-PGRN-0824-467,8/28/2024
11885 - AMAN AUTOMOTIVES,11885,GHAZIABAD,11885-03-PLPO-0824-370,8/23/2024,SO Generated,STD,HHML Parts,17910AAEC00S,CABLE COMPLETE THROTTLE,10,943.9,30008,8/24/2024,10,851.6,11885-03-PGRN-0824-467,8/28/2024
11885 - AMAN AUTOMOTIVES,11885,GHAZIABAD,11885-03-PLPO-0824-370,8/23/2024,SO Generated,STD,HHML Parts,17910AAGJ00S,CABLE COMPLETE THROTTLE,2,213.4,30008,0-00-00,,,,0-00-00
11885 - AMAN AUTOMOTIVES,11885,GHAZIABAD,11885-03-PLPO-0824-370,8/23/2024,SO Generated,STD,HHML Parts,20K1110S,CHAIN SPROCKET KIT,10,7058.9,30008,8/24/2024,10,6368.6,11885-03-PGRN-0824-467,8/28/2024
11885 - AMAN AUTOMOTIVES,11885,GHAZIABAD,11885-03-PLPO-0824-370,8/23/2024,SO Generated,STD,HHML Parts,20K710S,CHAIN SPROCKET KIT (SUP. SPLENDOR),5,3036.95,30008,8/24/2024,5,2739.95,11885-03-PGRN-0824-467,8/28/2024
11885 - AMAN AUTOMOTIVES,11885,GHAZIABAD,11885-03-PLPO-0824-370,8/23/2024,SO Generated,STD,HHML Parts,21395AAW000S,GASKET MISSION CASE,10,417.4,30008,8/24/2024,10,379.6,11885-03-PGRN-0824-467,8/28/2024
11885 - AMAN AUTOMOTIVES,11885,GHAZIABAD,11885-03-PLPO-0824-370,8/23/2024,SO Generated,STD,HHML Parts,22121AANB00S,CENTER CLUTCH,5,1518.5,30008,8/24/2024,5,1370,11885-03-PGRN-0824-467,8/28/2024
11885 - AMAN AUTOMOTIVES,11885,GHAZIABAD,11885-03-PLPO-0824-370,8/23/2024,SO Generated,STD,HHML Parts,22201AANB01S,DISK CLUTCHFRICTION,50,5843.5,30008,8/24/2024,50,5314,11885-03-PGRN-0824-467,8/28/2024
11885 - AMAN AUTOMOTIVES,11885,GHAZIABAD,11885-03-PLPO-0824-370,8/23/2024,SO Generated,STD,HHML Parts,22321KE8000S,PLATE CLUTCH,40,1836.4,30008,8/24/2024,40,1670,11885-03-PGRN-0824-467,8/28/2024
11885 - AMAN AUTOMOTIVES,11885,GHAZIABAD,11885-03-PLPO-0824-370,8/23/2024,SO Generated,STD,HHML Parts,22350AAF400S,PLATE CLUTCH PRESSURE,10,1395.4,30008,8/24/2024,10,1258.9,11885-03-PGRN-0824-467,8/28/2024
11885 - AMAN AUTOMOTIVES,11885,GHAZIABAD,11885-03-PLPO-0824-370,8/23/2024,SO Generated,STD,HHML Parts,22535KPL901S,CLUTCH WEIGHT,2,1223,30008,8/24/2024,2,1103.4,11885-03-PGRN-0824-467,8/28/2024
11885 - AMAN AUTOMOTIVES,11885,GHAZIABAD,11885-03-PLPO-0824-370,8/23/2024,SO Generated,STD,HHML Parts,22815166000S,SPRING CULTCH LEVER,100,835,30008,8/24/2024,100,759,11885-03-PGRN-0824-467,8/28/2024
11885 - AMAN AUTOMOTIVES,11885,GHAZIABAD,11885-03-PLPO-0824-370,8/23/2024,SO Generated,STD,HHML Parts,22870KTCA00S,CABLE COMP CLUTCH,5,422.7,30008,8/24/2024,5,381.35,11885-03-PGRN-0824-467,8/28/2024
11885 - AMAN AUTOMOTIVES,11885,GHAZIABAD,11885-03-PLPO-0824-370,8/23/2024,SO Generated,STD,HHML Parts,22870KZAW00S,CABLE COMP CLUTCH,2,193.7,30008,8/24/2024,2,174.76,11885-03-PGRN-0824-467,8/28/2024
11885 - AMAN AUTOMOTIVES,11885,GHAZIABAD,11885-03-PLPO-0824-370,8/23/2024,SO Generated,STD,HHML Parts,22K130LS,CAM.CHAIN KIT,5,1878.3,30008,8/24/2024,5,1708.05,11885-03-PGRN-0824-467,8/28/2024
11885 - AMAN AUTOMOTIVES,11885,GHAZIABAD,11885-03-PLPO-0824-370,8/23/2024,SO Generated,STD,HHML Parts,23112AAJH10S,COLLAR DRIVEN GEAR,2,177.3,30008,8/24/2024,2,159.96,11885-03-PGRN-0824-467,8/28/2024
11885 - AMAN AUTOMOTIVES,11885,GHAZIABAD,11885-03-PLPO-0824-370,8/23/2024,SO Generated,STD,HHML Parts,23216GF6000S,COTTER MAINSHAFT,20,267.2,30008,0-00-00,,,,0-00-00
11885 - AMAN AUTOMOTIVES,11885,GHAZIABAD,11885-03-PLPO-0824-370,8/23/2024,SO Generated,STD,HHML Parts,23217GF6000LS,"RING, MAIN SHAFT COTTER",10,156,30008,8/24/2024,10,140.7,11885-03-PGRN-0824-467,8/28/2024
11885 - AMAN AUTOMOTIVES,11885,GHAZIABAD,11885-03-PLPO-0824-370,8/23/2024,SO Generated,STD,HHML Parts,23801178000S,SPROCKET DRIVE 14T,5,369.35,30008,8/24/2024,5,333.25,11885-03-PGRN-0824-467,8/28/2024
11885 - AMAN AUTOMOTIVES,11885,GHAZIABAD,11885-03-PLPO-0824-370,8/23/2024,SO Generated,STD,HHML Parts,23801GF6000S,SPROCKET DRIVE,5,369.35,30008,8/24/2024,5,333.25,11885-03-PGRN-0824-467,8/28/2024
11885 - AMAN AUTOMOTIVES,11885,GHAZIABAD,11885-03-PLPO-0824-370,8/23/2024,SO Generated,STD,HHML Parts,31100AAEB0099S,AC GENERATOR ASSEMBLY,1,1707.27,30008,0-00-00,,,,0-00-00
11885 - AMAN AUTOMOTIVES,11885,GHAZIABAD,11885-03-PLPO-0824-370,8/23/2024,SO Generated,STD,HHML Parts,31917AACH00S,SPARK PLUG,40,3611.6,30008,8/24/2024,40,3258.4,11885-03-PGRN-0824-467,8/28/2024
11885 - AMAN AUTOMOTIVES,11885,GHAZIABAD,11885-03-PLPO-0824-370,8/23/2024,SO Generated,STD,HHML Parts,31917KPH90099S,SPARK PLUG,20,2216.2,30008,8/24/2024,20,1999.4,11885-03-PGRN-0824-467,8/28/2024
11885 - AMAN AUTOMOTIVES,11885,GHAZIABAD,11885-03-PLPO-0824-370,8/23/2024,SO Generated,STD,HHML Parts,32100AAE310S,HARNESS WIRE,1,2450.15,30008,8/24/2024,1,2228.03,11885-03-PGRN-0824-467,8/28/2024
11885 - AMAN AUTOMOTIVES,11885,GHAZIABAD,11885-03-PLPO-0824-370,8/23/2024,SO Generated,STD,HHML Parts,32100AAEC10S,HARNESS WIRE,2,5008.82,30008,0-00-00,,,,0-00-00
11885 - AMAN AUTOMOTIVES,11885,GHAZIABAD,11885-03-PLPO-0824-370,8/23/2024,SO Generated,STD,HHML Parts,32100ADH240S,WIRE HARNESS,1,2333.28,30008,8/24/2024,1,2121.75,11885-03-PGRN-0824-467,8/28/2024
11885 - AMAN AUTOMOTIVES,11885,GHAZIABAD,11885-03-PLPO-0824-370,8/23/2024,SO Generated,STD,HHML Parts,3310BAAH10099S,LIGHT ASSY. HEAD,10,4257.5,30008,8/24/2024,10,3871.5,11885-03-PGRN-0824-467,8/28/2024
11885 - AMAN AUTOMOTIVES,11885,GHAZIABAD,11885-03-PLPO-0824-370,8/23/2024,SO Generated,STD,HHML Parts,33402KCC710S,LENS WINKER R FR,20,667.8,30008,8/24/2024,20,607.2,11885-03-PGRN-0824-467,8/28/2024
11885 - AMAN AUTOMOTIVES,11885,GHAZIABAD,11885-03-PLPO-0824-370,8/23/2024,SO Generated,STD,HHML Parts,3340AKWA931S,WINKER ASSY. R FR(W/O BULB),5,793.05,30008,8/24/2024,5,721.15,11885-03-PGRN-0824-467,8/28/2024
11885 - AMAN AUTOMOTIVES,11885,GHAZIABAD,11885-03-PLPO-0824-370,8/23/2024,SO Generated,STD,HHML Parts,33452KCC710S,LENS WINKER LEFT FRONT,20,667.8,30008,8/24/2024,20,607.2,11885-03-PGRN-0824-467,8/28/2024
11885 - AMAN AUTOMOTIVES,11885,GHAZIABAD,11885-03-PLPO-0824-370,8/23/2024,SO Generated,STD,HHML Parts,3345AKWA931S,WINKER ASSY. L FR(W/O BULB),5,793.05,30008,8/24/2024,5,721.15,11885-03-PGRN-0824-467,8/28/2024
11885 - AMAN AUTOMOTIVES,11885,GHAZIABAD,11885-03-PLPO-0824-370,8/23/2024,SO Generated,STD,HHML Parts,33600KCC710S,WINKER ASSY R RR,20,3673.2,30008,8/24/2024,20,3340.2,11885-03-PGRN-0824-467,8/28/2024
11885 - AMAN AUTOMOTIVES,11885,GHAZIABAD,11885-03-PLPO-0824-370,8/23/2024,SO Generated,STD,HHML Parts,3360AKWA831S,WINKER ASSY R RR(W/O BULB),3,493.38,30008,8/24/2024,3,448.65,11885-03-PGRN-0824-467,8/28/2024
11885 - AMAN AUTOMOTIVES,11885,GHAZIABAD,11885-03-PLPO-0824-370,8/23/2024,SO Generated,STD,HHML Parts,3360BAAF40099S,WINKERS RR R(W/O BULB),5,576,30008,8/24/2024,5,523.8,11885-03-PGRN-0824-467,8/28/2024
11885 - AMAN AUTOMOTIVES,11885,GHAZIABAD,11885-03-PLPO-0824-370,8/23/2024,SO Generated,STD,HHML Parts,3365AKWA831S,WINKER ASSY L RR(W/O BULB),3,493.38,30008,8/24/2024,3,448.65,11885-03-PGRN-0824-467,8/28/2024
11885 - AMAN AUTOMOTIVES,11885,GHAZIABAD,11885-03-PLPO-0824-370,8/23/2024,SO Generated,STD,HHML Parts,3365BAAC80099S,WINKER ASSY L RR,1,137.74,30008,8/24/2024,1,125.26,11885-03-PGRN-0824-467,8/28/2024
11885 - AMAN AUTOMOTIVES,11885,GHAZIABAD,11885-03-PLPO-0824-370,8/23/2024,SO Generated,STD,HHML Parts,34905271000HS,BULB WINKER 12V-10W,10,167,30008,8/24/2024,10,151.8,11885-03-PGRN-0824-467,8/28/2024
11885 - AMAN AUTOMOTIVES,11885,GHAZIABAD,11885-03-PLPO-0824-370,8/23/2024,SO Generated,STD,HHML Parts,34930AAC700S,BULB 12V RY10W AMBER,10,292.2,30008,8/24/2024,10,265.7,11885-03-PGRN-0824-467,8/28/2024
11885 - AMAN AUTOMOTIVES,11885,GHAZIABAD,11885-03-PLPO-0824-370,8/23/2024,SO Generated,STD,HHML Parts,35103AAW001S,DUMMY CAP,10,123.1,30008,8/24/2024,10,111.1,11885-03-PGRN-0824-467,8/28/2024
11885 - AMAN AUTOMOTIVES,11885,GHAZIABAD,11885-03-PLPO-0824-370,8/23/2024,SO Generated,STD,HHML Parts,35150ABZ001S,SWITCH ASSEMBLY ENGINE STOP & START,1,275.49,30008,0-00-00,,,,0-00-00
11885 - AMAN AUTOMOTIVES,11885,GHAZIABAD,11885-03-PLPO-0824-370,8/23/2024,SO Generated,STD,HHML Parts,35150ACA001S,SWITCH ASSEMBLY ENG STOP AND START,1,567.67,30008,0-00-00,,,,0-00-00
11885 - AMAN AUTOMOTIVES,11885,GHAZIABAD,11885-03-PLPO-0824-370,8/23/2024,SO Generated,STD,HHML Parts,35160AAW001S,SWITCH UNIT START,3,150.27,30008,0-00-00,,,,0-00-00
11885 - AMAN AUTOMOTIVES,11885,GHAZIABAD,11885-03-PLPO-0824-370,8/23/2024,SO Generated,STD,HHML Parts,35200AANK01S,SWITCH ASSEMBLY WINKER,1,321.4,30008,8/24/2024,1,292.26,11885-03-PGRN-0824-467,8/28/2024
11885 - AMAN AUTOMOTIVES,11885,GHAZIABAD,11885-03-PLPO-0824-370,8/23/2024,SO Generated,STD,HHML Parts,35200ACA001S,SWITCH ASSEMBLY WINKER,1,1001.76,30008,0-00-00,,,,0-00-00
11885 - AMAN AUTOMOTIVES,11885,GHAZIABAD,11885-03-PLPO-0824-370,8/23/2024,SO Generated,STD,HHML Parts,37100AAEC2099S,METER ASSEMBLY COMBINATION,1,2872.81,30008,8/24/2024,1,2591.86,11885-03-PGRN-0824-467,8/28/2024
11885 - AMAN AUTOMOTIVES,11885,GHAZIABAD,11885-03-PLPO-0824-370,8/23/2024,SO Generated,STD,HHML Parts,37200AALE21S,SPEEDOMETER ASSY,1,2499.35,30008,8/24/2024,1,2254.92,11885-03-PGRN-0824-467,8/28/2024
11885 - AMAN AUTOMOTIVES,11885,GHAZIABAD,11885-03-PLPO-0824-370,8/23/2024,SO Generated,STD,HHML Parts,37210ACK01099S,SPEEDOMETER COMP,1,275.49,30008,8/24/2024,1,250.51,11885-03-PGRN-0824-467,8/28/2024
11885 - AMAN AUTOMOTIVES,11885,GHAZIABAD,11885-03-PLPO-0824-370,8/23/2024,SO Generated,STD,HHML Parts,38110AAEH01S,HORN COMP.,5,763.85,30008,0-00-00,,,,0-00-00
11885 - AMAN AUTOMOTIVES,11885,GHAZIABAD,11885-03-PLPO-0824-370,8/23/2024,SO Generated,STD,HHML Parts,38770AAEC11S,UNIT COMPLETE ECU,1,3840.1,30008,8/24/2024,1,3491.97,11885-03-PGRN-0824-467,8/28/2024
11885 - AMAN AUTOMOTIVES,11885,GHAZIABAD,11885-03-PLPO-0824-370,8/23/2024,SO Generated,STD,HHML Parts,40510AAE200S,CASE UP (HALF) DRIVE CHAIN,3,738.72,30008,0-00-00,,,,0-00-00
11885 - AMAN AUTOMOTIVES,11885,GHAZIABAD,11885-03-PLPO-0824-370,8/23/2024,SO Generated,STD,HHML Parts,40510KWA940S,CASE UP (HALF) DRIVE CHAIN,3,723.96,30008,8/24/2024,3,653.16,11885-03-PGRN-0824-467,8/28/2024
11885 - AMAN AUTOMOTIVES,11885,GHAZIABAD,11885-03-PLPO-0824-370,8/23/2024,SO Generated,STD,HHML Parts,40520KWA940S,CASE UND (HALF) DRIVE CHAIN,1,229.82,30008,8/24/2024,1,207.35,11885-03-PGRN-0824-467,8/28/2024
11885 - AMAN AUTOMOTIVES,11885,GHAZIABAD,11885-03-PLPO-0824-370,8/23/2024,SO Generated,STD,HHML Parts,4052AAAE200S,CHAIN CASE UND HALF SUB ASSY,3,738.72,30008,8/24/2024,3,666.48,11885-03-PGRN-0824-467,8/28/2024
11885 - AMAN AUTOMOTIVES,11885,GHAZIABAD,11885-03-PLPO-0824-370,8/23/2024,SO Generated,STD,HHML Parts,40530AAGD0099S,DRIVE CHIAN 428 118,5,1669.6,30008,0-00-00,,,,0-00-00
11885 - AMAN AUTOMOTIVES,11885,GHAZIABAD,11885-03-PLPO-0824-370,8/23/2024,SO Generated,STD,HHML Parts,40545001000S,CAP CHAIN PEEP HOLE,20,150.2,30008,0-00-00,,,,0-00-00
11885 - AMAN AUTOMOTIVES,11885,GHAZIABAD,11885-03-PLPO-0824-370,8/23/2024,SO Generated,STD,HHML Parts,41201KTR900S,SPROCKET FINAL DRIVEN(43T),3,837.21,30008,8/24/2024,3,755.34,11885-03-PGRN-0824-467,8/28/2024
11885 - AMAN AUTOMOTIVES,11885,GHAZIABAD,11885-03-PLPO-0824-370,8/23/2024,SO Generated,STD,HHML Parts,42303KCC600S,SLEEVE.REAR WHEEL,5,233.75,30008,8/24/2024,5,212.55,11885-03-PGRN-0824-467,8/28/2024
11885 - AMAN AUTOMOTIVES,11885,GHAZIABAD,11885-03-PLPO-0824-370,8/23/2024,SO Generated,STD,HHML Parts,44830KTP900S,CABLE COMP.SPDMT.,5,492.5,30008,0-00-00,,,,0-00-00
11885 - AMAN AUTOMOTIVES,11885,GHAZIABAD,11885-03-PLPO-0824-370,8/23/2024,SO Generated,STD,HHML Parts,45250AANE00S,CALIPER SUB ASSY R FR,10,25034.5,30008,8/24/2024,10,22586.2,11885-03-PGRN-0824-467,8/28/2024
11885 - AMAN AUTOMOTIVES,11885,GHAZIABAD,11885-03-PLPO-0824-370,8/23/2024,SO Generated,STD,HHML Parts,45250KCC841S,CALIPER SUB ASSY.R FR.,1,1456.93,30008,8/24/2024,1,1314.44,11885-03-PGRN-0824-467,8/28/2024
11885 - AMAN AUTOMOTIVES,11885,GHAZIABAD,11885-03-PLPO-0824-370,8/23/2024,SO Generated,STD,HHML Parts,45440AAL100S,CABLE COMP LH FR BRK,5,718.2,30008,8/24/2024,5,647.95,11885-03-PGRN-0824-467,8/28/2024
11885 - AMAN AUTOMOTIVES,11885,GHAZIABAD,11885-03-PLPO-0824-370,8/23/2024,SO Generated,STD,HHML Parts,45510KVN901S,M/C SUB ASSY. FR BRK.,3,3102.63,30008,8/24/2024,3,2799.21,11885-03-PGRN-0824-467,8/28/2024
11885 - AMAN AUTOMOTIVES,11885,GHAZIABAD,11885-03-PLPO-0824-370,8/23/2024,SO Generated,STD,HHML Parts,46500AANB10S,PEDAL BRAKE,1,258.55,30008,8/24/2024,1,233.27,11885-03-PGRN-0824-467,8/28/2024
11885 - AMAN AUTOMOTIVES,11885,GHAZIABAD,11885-03-PLPO-0824-370,8/23/2024,SO Generated,STD,HHML Parts,46518AAEB00S,PEDAL BUSH,30,886.5,30008,0-00-00,,,,0-00-00
11885 - AMAN AUTOMOTIVES,11885,GHAZIABAD,11885-03-PLPO-0824-370,8/23/2024,SO Generated,STD,HHML Parts,46544AAGA10S,RR BRAKE PEDAL & ROD SUB ASSY,1,698.5,30008,8/24/2024,1,630.19,11885-03-PGRN-0824-467,8/28/2024
11885 - AMAN AUTOMOTIVES,11885,GHAZIABAD,11885-03-PLPO-0824-370,8/23/2024,SO Generated,STD,HHML Parts,50512AAEB00S,PIPE REAR BRAKE PIVOT,5,500.7,30008,8/24/2024,5,451.7,11885-03-PGRN-0824-467,8/28/2024
11885 - AMAN AUTOMOTIVES,11885,GHAZIABAD,11885-03-PLPO-0824-370,8/23/2024,SO Generated,STD,HHML Parts,50512AAF410S,PIPE RR BRAKE PIVOT,3,312.72,30008,8/24/2024,3,282.15,11885-03-PGRN-0824-467,8/28/2024
11885 - AMAN AUTOMOTIVES,11885,GHAZIABAD,11885-03-PLPO-0824-370,8/23/2024,SO Generated,STD,HHML Parts,52147KTC900S,RUBBER BUSH RR.FORK PIVOT,10,375.7,30008,8/24/2024,10,341.6,11885-03-PGRN-0824-467,8/28/2024
11885 - AMAN AUTOMOTIVES,11885,GHAZIABAD,11885-03-PLPO-0824-370,8/23/2024,SO Generated,STD,HHML Parts,53100AAG600S,PIPE STRG.HANDLE,1,346.38,30008,8/24/2024,1,312.5,11885-03-PGRN-0824-467,8/28/2024
11885 - AMAN AUTOMOTIVES,11885,GHAZIABAD,11885-03-PLPO-0824-370,8/23/2024,SO Generated,STD,HHML Parts,53100ABW300S,PIPE STRG HANDLE,1,270.87,30008,0-00-00,,,,0-00-00
11885 - AMAN AUTOMOTIVES,11885,GHAZIABAD,11885-03-PLPO-0824-370,8/23/2024,SO Generated,STD,HHML Parts,53140KST940S,GRIP COMP.THROTTLE,2,95.22,30008,8/24/2024,2,85.9,11885-03-PGRN-0824-467,8/28/2024
11885 - AMAN AUTOMOTIVES,11885,GHAZIABAD,11885-03-PLPO-0824-370,8/23/2024,SO Generated,STD,HHML Parts,53140KTC900S,GRIP COMP.R,5,205.2,30008,8/24/2024,5,185.15,11885-03-PGRN-0824-467,8/28/2024
11885 - AMAN AUTOMOTIVES,11885,GHAZIABAD,11885-03-PLPO-0824-370,8/23/2024,SO Generated,STD,HHML Parts,53166KTC900S,GRIP L HANDLE,5,205.2,30008,8/24/2024,5,185.15,11885-03-PGRN-0824-467,8/28/2024
11885 - AMAN AUTOMOTIVES,11885,GHAZIABAD,11885-03-PLPO-0824-370,8/23/2024,SO Generated,STD,HHML Parts,53168AAW000S,HOUSING UND.THROTTLE,2,262.66,30008,8/24/2024,2,236.98,11885-03-PGRN-0824-467,8/28/2024
11885 - AMAN AUTOMOTIVES,11885,GHAZIABAD,11885-03-PLPO-0824-370,8/23/2024,SO Generated,STD,HHML Parts,53171KCC900S,COVER R.HANDLE LEVER,20,279,30008,8/24/2024,20,251.8,11885-03-PGRN-0824-467,8/28/2024
11885 - AMAN AUTOMOTIVES,11885,GHAZIABAD,11885-03-PLPO-0824-370,8/23/2024,SO Generated,STD,HHML Parts,53172AAWD00S,BRACKET LEFT BRAKE LEVER,2,229.82,30008,0-00-00,,,,0-00-00
11885 - AMAN AUTOMOTIVES,11885,GHAZIABAD,11885-03-PLPO-0824-370,8/23/2024,SO Generated,STD,HHML Parts,53175AAFH00S,LEVER COMP.R STRG.HNDL.,20,1592.4,30008,8/24/2024,20,1436.6,11885-03-PGRN-0824-467,8/28/2024
11885 - AMAN AUTOMOTIVES,11885,GHAZIABAD,11885-03-PLPO-0824-370,8/23/2024,SO Generated,STD,HHML Parts,53175KSP900S,LEVER R STRG.HNDL.,10,1026,30008,0-00-00,,,,0-00-00
11885 - AMAN AUTOMOTIVES,11885,GHAZIABAD,11885-03-PLPO-0824-370,8/23/2024,SO Generated,STD,HHML Parts,53200AAE300S,STEM COMP STRG,3,2265.42,30008,8/24/2024,3,2043.87,11885-03-PGRN-0824-467,8/28/2024
11885 - AMAN AUTOMOTIVES,11885,GHAZIABAD,11885-03-PLPO-0824-370,8/23/2024,SO Generated,STD,HHML Parts,53205AAW000RS,COV. HANDLE FR(PSWM(WH-004P),1,652.54,30008,8/24/2024,1,588.72,11885-03-PGRN-0824-467,8/28/2024
11885 - AMAN AUTOMOTIVES,11885,GHAZIABAD,11885-03-PLPO-0824-370,8/23/2024,SO Generated,STD,HHML Parts,57111ACA000S,HECU 2 CHANNEL SPD,1,11491.25,30008,8/24/2024,1,10367.45,11885-03-PGRN-0824-467,8/28/2024
11885 - AMAN AUTOMOTIVES,11885,GHAZIABAD,11885-03-PLPO-0824-370,8/23/2024,SO Generated,STD,HHML Parts,61100AACH40ZAS,FRONT FENDER (BLACK NH-1),1,812.6,30008,0-00-00,,,,0-00-00
11885 - AMAN AUTOMOTIVES,11885,GHAZIABAD,11885-03-PLPO-0824-370,8/23/2024,SO Generated,STD,HHML Parts,61100KST940ZAS,FENDER COMPLETE.FRONT NH-1,2,1411.78,30008,8/24/2024,2,1273.72,11885-03-PGRN-0824-467,8/28/2024
11885 - AMAN AUTOMOTIVES,11885,GHAZIABAD,11885-03-PLPO-0824-370,8/23/2024,SO Generated,STD,HHML Parts,61312149300S,BOOTHEADLIGHT BRACKET,20,115,30008,8/24/2024,20,103.6,11885-03-PGRN-0824-467,8/28/2024
11885 - AMAN AUTOMOTIVES,11885,GHAZIABAD,11885-03-PLPO-0824-370,8/23/2024,SO Generated,STD,HHML Parts,61312AAEB00S,STAY METER MOUNTING,5,476.05,30008,8/24/2024,5,429.5,11885-03-PGRN-0824-467,8/28/2024
11885 - AMAN AUTOMOTIVES,11885,GHAZIABAD,11885-03-PLPO-0824-370,8/23/2024,SO Generated,STD,HHML Parts,64305ABS000RS,COVER FR UPPER PBM (NH-B08M),1,1272.25,30008,8/24/2024,1,1147.82,11885-03-PGRN-0824-467,8/28/2024
11885 - AMAN AUTOMOTIVES,11885,GHAZIABAD,11885-03-PLPO-0824-370,8/23/2024,SO Generated,STD,HHML Parts,64309ABS000RS,FRONT COVER LOWER,1,923.4,30008,8/24/2024,1,833.1,11885-03-PGRN-0824-467,8/28/2024
11885 - AMAN AUTOMOTIVES,11885,GHAZIABAD,11885-03-PLPO-0824-370,8/23/2024,SO Generated,STD,HHML Parts,64311KCC860S,BRACKET COMPLETE FRONT NUMBER PLATE,5,135.45,30008,8/24/2024,5,122.2,11885-03-PGRN-0824-467,8/28/2024
11885 - AMAN AUTOMOTIVES,11885,GHAZIABAD,11885-03-PLPO-0824-370,8/23/2024,SO Generated,STD,HHML Parts,83400KWA831ZAS,FRONT VISOR(NH-1 TYPE-1),1,935.72,30008,0-00-00,,,,0-00-00
11885 - AMAN AUTOMOTIVES,11885,GHAZIABAD,11885-03-PLPO-0824-370,8/23/2024,SO Generated,STD,HHML Parts,83402AAEB00S,PANEL INNER,3,876.63,30008,8/24/2024,3,790.89,11885-03-PGRN-0824-467,8/28/2024
11885 - AMAN AUTOMOTIVES,11885,GHAZIABAD,11885-03-PLPO-0824-370,8/23/2024,SO Generated,STD,HHML Parts,83502KCC900S,GROMMET SIDE COVER,20,167,30008,8/24/2024,20,151.8,11885-03-PGRN-0824-467,8/28/2024
11885 - AMAN AUTOMOTIVES,11885,GHAZIABAD,11885-03-PLPO-0824-370,8/23/2024,SO Generated,STD,HHML Parts,88110ABS901S,MIRROR RIGHT SIDE,1,419.91,30008,8/24/2024,1,381.84,11885-03-PGRN-0824-467,8/28/2024
11885 - AMAN AUTOMOTIVES,11885,GHAZIABAD,11885-03-PLPO-0824-370,8/23/2024,SO Generated,STD,HHML Parts,88120ABS901S,MIRROR LEFT SIDE,1,419.91,30008,0-00-00,,,,0-00-00
11885 - AMAN AUTOMOTIVES,11885,GHAZIABAD,11885-03-PLPO-0824-370,8/23/2024,SO Generated,STD,HHML Parts,90320GC3000S,NUT SPRING,300,1251,30008,8/24/2024,300,1140,11885-03-PGRN-0824-467,8/28/2024
11885 - AMAN AUTOMOTIVES,11885,GHAZIABAD,11885-03-PLPO-0824-370,8/23/2024,SO Generated,STD,HHML Parts,90505425000S,WASHER,40,334,30008,8/24/2024,40,303.6,11885-03-PGRN-0824-467,8/28/2024
11885 - AMAN AUTOMOTIVES,11885,GHAZIABAD,11885-03-PLPO-0824-370,8/23/2024,SO Generated,STD,HHML Parts,90701GF6000S,PIN DOWEL SPL.8X14,40,133.6,30008,8/24/2024,40,121.6,11885-03-PGRN-0824-467,8/28/2024
11885 - AMAN AUTOMOTIVES,11885,GHAZIABAD,11885-03-PLPO-0824-370,8/23/2024,SO Generated,STD,HHML Parts,90801035000S,PLUG RUBBER,20,183.6,30008,8/24/2024,20,167,11885-03-PGRN-0824-467,8/28/2024
11885 - AMAN AUTOMOTIVES,11885,GHAZIABAD,11885-03-PLPO-0824-370,8/23/2024,SO Generated,STD,HHML Parts,91202302010S,OIL SEAL13.8X24X5,20,300.6,30008,8/24/2024,20,273.2,11885-03-PGRN-0824-467,8/28/2024
11885 - AMAN AUTOMOTIVES,11885,GHAZIABAD,11885-03-PLPO-0824-370,8/23/2024,SO Generated,STD,HHML Parts,91203GB5760S,OIL SEAL 17X29X5,20,417.4,30008,8/24/2024,20,379.6,11885-03-PGRN-0824-467,8/28/2024
11885 - AMAN AUTOMOTIVES,11885,GHAZIABAD,11885-03-PLPO-0824-370,8/23/2024,SO Generated,STD,HHML Parts,91255169000RS,OIL SEAL 30X42X11,20,1636.2,30008,8/24/2024,20,1487.8,11885-03-PGRN-0824-467,8/28/2024
11885 - AMAN AUTOMOTIVES,11885,GHAZIABAD,11885-03-PLPO-0824-370,8/23/2024,SO Generated,STD,HHML Parts,91303719000S,O-RING 9,20,100.2,30008,8/24/2024,20,91,11885-03-PGRN-0824-467,8/28/2024
11885 - AMAN AUTOMOTIVES,11885,GHAZIABAD,11885-03-PLPO-0824-370,8/23/2024,SO Generated,STD,HHML Parts,91372KPH900S,O-RING TAPPET ADJUSTING,10,83.5,30008,8/24/2024,10,75.9,11885-03-PGRN-0824-467,8/28/2024
11885 - AMAN AUTOMOTIVES,11885,GHAZIABAD,11885-03-PLPO-0824-370,8/23/2024,SO Generated,STD,HHML Parts,91443AAF400S,"SEAL,COVER OIL FILTER",10,100.2,30008,0-00-00,,,,0-00-00
11885 - AMAN AUTOMOTIVES,11885,GHAZIABAD,11885-03-PLPO-0824-370,8/23/2024,SO Generated,STD,HHML Parts,9390334480S,SCREW TAPPING 4X16,100,250,30008,8/24/2024,100,228,11885-03-PGRN-0824-467,8/28/2024
11885 - AMAN AUTOMOTIVES,11885,GHAZIABAD,11885-03-PLPO-0824-370,8/23/2024,SO Generated,STD,HHML Parts,9390335380S,SCREW TAPPING 5 X 16,100,167,30008,0-00-00,,,,0-00-00
11885 - AMAN AUTOMOTIVES,11885,GHAZIABAD,11885-03-PLPO-0824-370,8/23/2024,SO Generated,STD,HHML Parts,961006001000S,BRG.BALL RADIAL6001,10,768,30008,8/24/2024,10,698.4,11885-03-PGRN-0824-467,8/28/2024
11885 - AMAN AUTOMOTIVES,11885,GHAZIABAD,11885-03-PLPO-0824-370,8/23/2024,SO Generated,STD,HHML Parts,961006201000S,BRG.BALL RADIAL 6201,4,273.8,30008,8/24/2024,4,249,11885-03-PGRN-0824-467,8/28/2024
11885 - AMAN AUTOMOTIVES,11885,GHAZIABAD,11885-03-PLPO-0824-370,8/23/2024,SO Generated,STD,HHML Parts,961006203000S,BRG.BALL RADIAL6203,6,500.88,30008,8/24/2024,6,455.46,11885-03-PGRN-0824-467,8/28/2024
11885 - AMAN AUTOMOTIVES,11885,GHAZIABAD,11885-03-PLPO-0824-370,8/23/2024,SO Generated,STD,HHML Parts,966000602200S,SOCKET BOLT 6X22,10,58.4,30008,8/24/2024,10,53.1,11885-03-PGRN-0824-467,8/28/2024
11885 - AMAN AUTOMOTIVES,11885,GHAZIABAD,11885-03-PLPO-0824-370,8/23/2024,SO Generated,STD,HHML Parts,K14144AACK000S,KIT CAM CHAIN,10,3611.5,30008,8/24/2024,10,3258.3,11885-03-PGRN-0824-467,8/28/2024
11885 - AMAN AUTOMOTIVES,11885,GHAZIABAD,11885-03-PLPO-0824-370,8/23/2024,SO Generated,STD,HHML Parts,K31913HF100DS,KIT O-RING,1,46.75,30008,8/24/2024,1,42.51,11885-03-PGRN-0824-467,8/28/2024
11885 - AMAN AUTOMOTIVES,11885,GHAZIABAD,11885-03-PLPO-0824-370,8/23/2024,SO Generated,STD,HHML Parts,K44446AAED230S,KIT WHEEL COMP FRONT,5,19822.4,30008,0-00-00,,,,0-00-00
11885 - AMAN AUTOMOTIVES,11885,GHAZIABAD,11885-03-PLPO-0824-370,8/23/2024,SO Generated,STD,HHML Parts,K55912HF100DS,OIL SEAL KIT,10,901.6,30008,8/24/2024,10,819.9,11885-03-PGRN-0824-467,8/28/2024
11885 - AMAN AUTOMOTIVES,11885,GHAZIABAD,11885-03-PLPO-0824-373,8/23/2024,SO Generated,STD,VIDA Parts,VD31850ACP001S,PORTABLE BATTERY CHARGER,2,34120.14,30008,8/28/2024,2,31331.7,11885-03-PGRN-0824-477,8/30/2024
11885 - AMAN AUTOMOTIVES,11885,GHAZIABAD,11885-03-PLPO-0824-373,8/23/2024,SO Generated,STD,VIDA Parts,VD35200ACP003S,SWITCH ASSEMBLY WINKER,2,1252.2,30008,8/28/2024,2,1138.68,11885-03-PGRN-0824-477,8/30/2024
11885 - AMAN AUTOMOTIVES,11885,GHAZIABAD,11885-03-PLPO-0824-374,8/23/2024,SO Generated,VOR,HHML Parts,83400ABSD00YS,BODY COVER LEFT SIDE METALLIC NEXUS BLUE,1,1764.73,30008,8/24/2024,1,1592.14,11885-03-PGRN-0824-470,8/28/2024
11885 - AMAN AUTOMOTIVES,11885,GHAZIABAD,11885-03-PLPO-0824-375,8/24/2024,SO Generated,STD,HHML Parts,46518AAEB00S,PEDAL BUSH,10,295.5,11864,8/24/2024,3,88.65,11885-03-PGRN-0824-456,8/24/2024
11885 - AMAN AUTOMOTIVES,11885,GHAZIABAD,11885-03-PLPO-0824-379,8/24/2024,SO Generated,STD,HHML Parts,11102GT8B00S,RUB.BUSH ENG.HANGER,4,151.04,10765,8/24/2024,4,151.04,11885-03-PGRN-0824-458,8/24/2024
11885 - AMAN AUTOMOTIVES,11885,GHAZIABAD,11885-03-PLPO-0824-379,8/24/2024,SO Generated,STD,HHML Parts,11330AADH00S,COVER COMP.R CRANK CASE,1,1350.22,10765,8/24/2024,1,1350.22,11885-03-PGRN-0824-458,8/24/2024
11885 - AMAN AUTOMOTIVES,11885,GHAZIABAD,11885-03-PLPO-0824-379,8/24/2024,SO Generated,STD,HHML Parts,18312ABZ000S,ASSY COVER MUFFLER,1,262.66,10765,8/24/2024,1,262.66,11885-03-PGRN-0824-458,8/24/2024
11885 - AMAN AUTOMOTIVES,11885,GHAZIABAD,11885-03-PLPO-0824-379,8/24/2024,SO Generated,STD,HHML Parts,53175KSP900S,LEVER R STRG.HNDL.,3,307.8,10765,8/24/2024,3,307.8,11885-03-PGRN-0824-458,8/24/2024
11885 - AMAN AUTOMOTIVES,11885,GHAZIABAD,11885-03-PLPO-0824-380,8/25/2024,SO Generated,VOR,HHML Parts,17565ACL000BS,TANK COVER FRONT LEFT SPORTS RED,1,705.89,30008,8/27/2024,1,636.86,11885-03-PGRN-0824-474,8/29/2024
11885 - AMAN AUTOMOTIVES,11885,GHAZIABAD,11885-03-PLPO-0824-380,8/25/2024,SO Generated,VOR,HHML Parts,35200ACL011S,SWITCH ASSEMBLY WINKER WITH HAZARD,1,596.88,30008,8/27/2024,1,542.77,11885-03-PGRN-0824-474,8/29/2024
11885 - AMAN AUTOMOTIVES,11885,GHAZIABAD,11885-03-PLPO-0824-380,8/25/2024,SO Generated,VOR,HHML Parts,53104KVE860S,WEIGHT STRG HNDL,2,108.34,30008,8/27/2024,2,97.76,11885-03-PGRN-0824-474,8/29/2024
11885 - AMAN AUTOMOTIVES,11885,GHAZIABAD,11885-03-PLPO-0824-380,8/25/2024,SO Generated,VOR,HHML Parts,61301ACL000S,COWL FRONT,1,229.82,30008,8/27/2024,1,207.35,11885-03-PGRN-0824-474,8/29/2024
11885 - AMAN AUTOMOTIVES,11885,GHAZIABAD,11885-03-PLPO-0824-380,8/25/2024,SO Generated,VOR,HHML Parts,6131AACL000S,STAY METER SUB ASSEMBLY,1,135.43,30008,8/29/2024,1,122.19,11885-03-PGRN-0924-491,09-01-2024
11885 - AMAN AUTOMOTIVES,11885,GHAZIABAD,11885-03-PLPO-0824-380,8/25/2024,SO Generated,VOR,HHML Parts,61322ACL000BS,FRONT COWL RIGHT R-321,1,328.32,30008,8/27/2024,1,296.21,11885-03-PGRN-0824-474,8/29/2024
11885 - AMAN AUTOMOTIVES,11885,GHAZIABAD,11885-03-PLPO-0824-380,8/25/2024,SO Generated,VOR,HHML Parts,61323ACL000BS,FRONT COWL LEFT R-321,1,287.28,30008,8/27/2024,1,259.19,11885-03-PGRN-0824-474,8/29/2024
11885 - AMAN AUTOMOTIVES,11885,GHAZIABAD,11885-03-PLPO-0824-380,8/25/2024,SO Generated,VOR,HHML Parts,64302ACL000S,FRONT COWL UPPER,1,77.98,30008,8/27/2024,1,70.35,11885-03-PGRN-0824-474,8/29/2024
11885 - AMAN AUTOMOTIVES,11885,GHAZIABAD,11885-03-PLPO-0824-380,8/25/2024,SO Generated,VOR,HHML Parts,6431AACL000S,STAY NUMBER PLATE SUB ASSEMBLY,1,28.73,30008,8/27/2024,1,25.92,11885-03-PGRN-0824-474,8/29/2024
11885 - AMAN AUTOMOTIVES,11885,GHAZIABAD,11885-03-PLPO-0824-380,8/25/2024,SO Generated,VOR,HHML Parts,K42426AABBH60S,KIT WHEEL COMP REAR (Drum),1,3900.46,30008,8/27/2024,1,2954.72,11885-03-PGRN-0824-474,8/29/2024
11885 - AMAN AUTOMOTIVES,11885,GHAZIABAD,11885-03-PLPO-0824-380,8/25/2024,SO Generated,VOR,HHML Parts,K44446AABBH60S,"KIT, WHEEL COMP. FRONT",1,3975.97,30008,8/27/2024,1,2369.7,11885-03-PGRN-0824-474,8/29/2024
11885 - AMAN AUTOMOTIVES,11885,GHAZIABAD,11885-03-PLPO-0824-381,8/25/2024,Submitted,VOR,HHML Parts,13000ABG000S,CRANKSHAFT COMP,1,3172.25,30008,0-00-00,,,,0-00-00
11885 - AMAN AUTOMOTIVES,11885,GHAZIABAD,11885-03-PLPO-0824-381,8/25/2024,Submitted,VOR,HHML Parts,83527ACN000S,SIDE ORNAMENT R,1,91.93,30008,0-00-00,,,,0-00-00
11885 - AMAN AUTOMOTIVES,11885,GHAZIABAD,11885-03-PLPO-0824-381,8/25/2024,Submitted,VOR,HHML Parts,K83834AAEE300SS,KIT STRIPES,1,202.02,30008,0-00-00,,,,0-00-00
11885 - AMAN AUTOMOTIVES,11885,GHAZIABAD,11885-03-PLPO-0824-384,8/26/2024,SO Generated,STD,HHML Parts,61140ABS0000S,WIND SCREEN,1,174.01,11315,0-00-00,,,,0-00-00
11885 - AMAN AUTOMOTIVES,11885,GHAZIABAD,11885-03-PLPO-0824-384,8/26/2024,SO Generated,STD,HHML Parts,6432AABS200RS,COVER R FLOOR SIDE SA PBM NH B08M,1,636.12,11315,0-00-00,,,,0-00-00
11885 - AMAN AUTOMOTIVES,11885,GHAZIABAD,11885-03-PLPO-0824-384,8/26/2024,SO Generated,STD,HHML Parts,83540ACK010S,UTILITY BOX R COVER,1,59.1,11315,8/26/2024,1,59.1,11885-03-PGRN-0824-464,8/26/2024
11885 - AMAN AUTOMOTIVES,11885,GHAZIABAD,11885-03-PLPO-0824-384,8/26/2024,SO Generated,STD,HHML Parts,83550ACK010S,UTILITY BOX R COVER,1,166.62,11315,8/26/2024,1,166.62,11885-03-PGRN-0824-464,8/26/2024
11885 - AMAN AUTOMOTIVES,11885,GHAZIABAD,11885-03-PLPO-0824-386,8/26/2024,SO Generated,VOR,HHML Parts,K83834AAEE300SS,KIT STRIPES,1,202.02,30008,8/28/2024,1,183.71,11885-03-PGRN-0824-481,8/30/2024
11885 - AMAN AUTOMOTIVES,11885,GHAZIABAD,11885-03-PLPO-0824-388,8/26/2024,SO Generated,STD,HHML Parts,12100ABG000S,CYLINDER,1,1432.3,10765,8/26/2024,1,1432.3,11885-03-PGRN-0824-462,8/26/2024
11885 - AMAN AUTOMOTIVES,11885,GHAZIABAD,11885-03-PLPO-0824-388,8/26/2024,SO Generated,STD,HHML Parts,14711ABG000S,VALVE INLET,1,114.91,10765,8/26/2024,1,114.91,11885-03-PGRN-0824-462,8/26/2024
11885 - AMAN AUTOMOTIVES,11885,GHAZIABAD,11885-03-PLPO-0824-388,8/26/2024,SO Generated,STD,HHML Parts,53100ABW300S,PIPE STRG HANDLE,1,270.87,10765,8/26/2024,1,270.87,11885-03-PGRN-0824-462,8/26/2024
11885 - AMAN AUTOMOTIVES,11885,GHAZIABAD,11885-03-PLPO-0824-388,8/26/2024,SO Generated,STD,HHML Parts,53200ACA000S,STEM COMPLETE STRG,1,1025.18,10765,8/26/2024,1,1025.18,11885-03-PGRN-0824-462,8/26/2024
11885 - AMAN AUTOMOTIVES,11885,GHAZIABAD,11885-03-PLPO-0824-388,8/26/2024,SO Generated,STD,HHML Parts,53230ACA000S,BRIDGE FORK TOP,1,1026,10765,8/26/2024,1,1026,11885-03-PGRN-0824-462,8/26/2024
11885 - AMAN AUTOMOTIVES,11885,GHAZIABAD,11885-03-PLPO-0824-388,8/26/2024,SO Generated,STD,HHML Parts,61140ABS0000S,WIND SCREEN,1,174.01,10765,8/26/2024,1,174.01,11885-03-PGRN-0824-462,8/26/2024
11885 - AMAN AUTOMOTIVES,11885,GHAZIABAD,11885-03-PLPO-0824-388,8/26/2024,SO Generated,STD,HHML Parts,6432AABS200RS,COVER R FLOOR SIDE SA PBM NH B08M,1,636.12,10765,0-00-00,,,,0-00-00
11885 - AMAN AUTOMOTIVES,11885,GHAZIABAD,11885-03-PLPO-0824-391,8/26/2024,SO Generated,VOR,HHML Parts,12100AAWB01S,CYLINDER,2,5647.12,30008,8/28/2024,2,5094.84,11885-03-PGRN-0824-480,8/30/2024
11885 - AMAN AUTOMOTIVES,11885,GHAZIABAD,11885-03-PLPO-0824-391,8/26/2024,SO Generated,VOR,HHML Parts,17950KWP900S,CABLE COMP CHOKE,2,394,30008,8/28/2024,2,355.44,11885-03-PGRN-0824-480,8/30/2024
11885 - AMAN AUTOMOTIVES,11885,GHAZIABAD,11885-03-PLPO-0824-391,8/26/2024,SO Generated,VOR,HHML Parts,53206AALD00S,COVER HANDLE RR,1,238.03,30008,09-02-2024,1,214.75,11885-03-PGRN-0924-512,09-09-2024
11885 - AMAN AUTOMOTIVES,11885,GHAZIABAD,11885-03-PLPO-0824-391,8/26/2024,SO Generated,VOR,HHML Parts,64210AALD20TS,SET FR UPPER COVER MAT BLACK NH 105,2,6894.76,30008,8/28/2024,2,6220.48,11885-03-PGRN-0824-480,8/30/2024
11885 - AMAN AUTOMOTIVES,11885,GHAZIABAD,11885-03-PLPO-0824-391,8/26/2024,SO Generated,VOR,HHML Parts,64330KZN900ZCS,COVER L FLOOR SIDE(PBM NH-B08M),2,1411.8,30008,8/28/2024,2,1273.72,11885-03-PGRN-0824-480,8/30/2024
11885 - AMAN AUTOMOTIVES,11885,GHAZIABAD,11885-03-PLPO-0824-391,8/26/2024,SO Generated,VOR,HHML Parts,83200ACL000AS,COVER LEFT SIDE BLACK NH-1,2,2134.08,30008,8/28/2024,2,1925.4,11885-03-PGRN-0824-480,8/30/2024
11885 - AMAN AUTOMOTIVES,11885,GHAZIABAD,11885-03-PLPO-0824-391,8/26/2024,SO Generated,VOR,HHML Parts,83550AALD20TS,SET L BODY COVER MAT BLACK NH 105,2,4501.28,30008,8/28/2024,2,4061.08,11885-03-PGRN-0824-480,8/30/2024
11885 - AMAN AUTOMOTIVES,11885,GHAZIABAD,11885-03-PLPO-0824-391,8/26/2024,SO Generated,VOR,HHML Parts,83650ACL000AS,SIDE SHROUD OUTER LEFT BLACK NH-1,2,1411.8,30008,8/28/2024,2,1273.72,11885-03-PGRN-0824-480,8/30/2024
11885 - AMAN AUTOMOTIVES,11885,GHAZIABAD,11885-03-PLPO-0824-391,8/26/2024,SO Generated,VOR,HHML Parts,83653ACL000S,SIDE SHROUD INNER BACK LEFT,2,607.4,30008,8/28/2024,2,548,11885-03-PGRN-0824-480,8/30/2024
11885 - AMAN AUTOMOTIVES,11885,GHAZIABAD,11885-03-PLPO-0824-393,8/28/2024,SO Generated,VOR,HHML Parts,31100AAEB0099S,AC GENERATOR ASSEMBLY,1,1707.27,30008,8/30/2024,1,1540.31,11885-03-PGRN-0924-490,09-01-2024
11885 - AMAN AUTOMOTIVES,11885,GHAZIABAD,11885-03-PLPO-0824-394,8/28/2024,SO Generated,STD,HHML Parts,1831AABW300S,MUFFLER PROTECTOR ASSY,1,329.14,11864,8/28/2024,1,329.14,11885-03-PGRN-0824-471,8/28/2024
11885 - AMAN AUTOMOTIVES,11885,GHAZIABAD,11885-03-PLPO-0824-394,8/28/2024,SO Generated,STD,HHML Parts,53140KVE860S,GRIP COMP THROT,1,63.2,11864,8/28/2024,1,63.2,11885-03-PGRN-0824-471,8/28/2024
11885 - AMAN AUTOMOTIVES,11885,GHAZIABAD,11885-03-PLPO-0824-394,8/28/2024,SO Generated,STD,HHML Parts,53181ABW100XS,HAND GUARD RH PIGMENTED BLACK,1,105.88,11864,8/28/2024,1,105.88,11885-03-PGRN-0824-471,8/28/2024
11885 - AMAN AUTOMOTIVES,11885,GHAZIABAD,11885-03-PLPO-0824-397,8/29/2024,SO Generated,STD,HHML Parts,12100ABS200S,CYLINDER,2,2872.82,30008,8/30/2024,2,2591.86,11885-03-PGRN-0924-486,09-01-2024
11885 - AMAN AUTOMOTIVES,11885,GHAZIABAD,11885-03-PLPO-0824-397,8/29/2024,SO Generated,STD,HHML Parts,13011ABS301S,RING SET PISTON,2,566.36,30008,8/30/2024,2,510.96,11885-03-PGRN-0924-486,09-01-2024
11885 - AMAN AUTOMOTIVES,11885,GHAZIABAD,11885-03-PLPO-0824-397,8/29/2024,SO Generated,STD,HHML Parts,14520AANB00S,LIFTER ASSY TENSIONER,2,459.64,30008,8/30/2024,2,414.7,11885-03-PGRN-0924-486,09-01-2024
11885 - AMAN AUTOMOTIVES,11885,GHAZIABAD,11885-03-PLPO-0824-397,8/29/2024,SO Generated,STD,HHML Parts,14520KPL840S,LIFTER ASSY.TENSIONER,5,1522.6,30008,8/30/2024,5,1373.7,11885-03-PGRN-0924-486,09-01-2024
11885 - AMAN AUTOMOTIVES,11885,GHAZIABAD,11885-03-PLPO-0824-397,8/29/2024,SO Generated,STD,HHML Parts,16400ACK000S,THROTTLE BODY ASSY,1,5663.54,30008,8/30/2024,1,5109.67,11885-03-PGRN-0924-486,09-01-2024
11885 - AMAN AUTOMOTIVES,11885,GHAZIABAD,11885-03-PLPO-0824-397,8/29/2024,SO Generated,STD,HHML Parts,23216GF6000S,COTTER MAINSHAFT,10,133.6,30008,0-00-00,,,,0-00-00
11885 - AMAN AUTOMOTIVES,11885,GHAZIABAD,11885-03-PLPO-0824-397,8/29/2024,SO Generated,STD,HHML Parts,24610KST940S,SPINDLE COMP. GEAR SHIFT,2,451.44,30008,8/30/2024,2,407.3,11885-03-PGRN-0924-486,09-01-2024
11885 - AMAN AUTOMOTIVES,11885,GHAZIABAD,11885-03-PLPO-0824-397,8/29/2024,SO Generated,STD,HHML Parts,35010ABT001S,"KIT, LOCKS & KEYS",1,584.36,30008,8/30/2024,1,531.39,11885-03-PGRN-0924-486,09-01-2024
11885 - AMAN AUTOMOTIVES,11885,GHAZIABAD,11885-03-PLPO-0824-397,8/29/2024,SO Generated,STD,HHML Parts,35160AAW001S,SWITCH UNIT START,5,250.45,30008,0-00-00,,,,0-00-00
11885 - AMAN AUTOMOTIVES,11885,GHAZIABAD,11885-03-PLPO-0824-397,8/29/2024,SO Generated,STD,HHML Parts,35200ABS301S,SWITCH UNIT WINKER,1,75.13,30008,0-00-00,,,,0-00-00
11885 - AMAN AUTOMOTIVES,11885,GHAZIABAD,11885-03-PLPO-0824-397,8/29/2024,SO Generated,STD,HHML Parts,35200ACL011S,SWITCH ASSEMBLY WINKER WITH HAZARD,1,596.88,30008,8/30/2024,1,542.77,11885-03-PGRN-0924-486,09-01-2024
11885 - AMAN AUTOMOTIVES,11885,GHAZIABAD,11885-03-PLPO-0824-397,8/29/2024,SO Generated,STD,HHML Parts,36532ABS201S,OXYGEN SENSOR(NON HEATED),1,780.54,30008,0-00-00,,,,0-00-00
11885 - AMAN AUTOMOTIVES,11885,GHAZIABAD,11885-03-PLPO-0824-397,8/29/2024,SO Generated,STD,HHML Parts,37100ACL01099S,METER ASSEMBLY COMBINATION,1,3857.78,30008,0-00-00,,,,0-00-00
11885 - AMAN AUTOMOTIVES,11885,GHAZIABAD,11885-03-PLPO-0824-397,8/29/2024,SO Generated,STD,HHML Parts,37612ABW001S,UPPER CASE ASSY,1,104.24,30008,8/30/2024,1,94.05,11885-03-PGRN-0924-486,09-01-2024
11885 - AMAN AUTOMOTIVES,11885,GHAZIABAD,11885-03-PLPO-0824-397,8/29/2024,SO Generated,STD,HHML Parts,37800KWH962S,UNIT ASSY. FUEL,1,313.05,30008,8/30/2024,1,284.67,11885-03-PGRN-0924-486,09-01-2024
11885 - AMAN AUTOMOTIVES,11885,GHAZIABAD,11885-03-PLPO-0824-397,8/29/2024,SO Generated,STD,HHML Parts,38770AAEC11S,UNIT COMPLETE ECU,1,3840.1,30008,8/30/2024,1,3491.97,11885-03-PGRN-0924-486,09-01-2024
11885 - AMAN AUTOMOTIVES,11885,GHAZIABAD,11885-03-PLPO-0824-397,8/29/2024,SO Generated,STD,HHML Parts,40530AAGD0099S,DRIVE CHIAN 428 118,5,1669.6,30008,8/30/2024,1,303.65,11885-03-PGRN-0924-486,09-01-2024
11885 - AMAN AUTOMOTIVES,11885,GHAZIABAD,11885-03-PLPO-0824-397,8/29/2024,SO Generated,STD,HHML Parts,45440AAL100S,CABLE COMP LH FR BRK,2,287.28,30008,8/30/2024,2,259.18,11885-03-PGRN-0924-486,09-01-2024
11885 - AMAN AUTOMOTIVES,11885,GHAZIABAD,11885-03-PLPO-0824-397,8/29/2024,SO Generated,STD,HHML Parts,45440AAW000S,CABLE COMP LH FR BRAKE,5,792.1,30008,8/30/2024,5,714.6,11885-03-PGRN-0924-486,09-01-2024
11885 - AMAN AUTOMOTIVES,11885,GHAZIABAD,11885-03-PLPO-0824-397,8/29/2024,SO Generated,STD,HHML Parts,45450AAL100S,CABLE COMP RH FR BRK,1,132.15,30008,8/30/2024,1,119.23,11885-03-PGRN-0924-486,09-01-2024
11885 - AMAN AUTOMOTIVES,11885,GHAZIABAD,11885-03-PLPO-0824-397,8/29/2024,SO Generated,STD,HHML Parts,45450AAW000S,CABLE COMP FR BRAKE,5,771.55,30008,8/30/2024,5,696.1,11885-03-PGRN-0924-486,09-01-2024
11885 - AMAN AUTOMOTIVES,11885,GHAZIABAD,11885-03-PLPO-0824-397,8/29/2024,SO Generated,STD,HHML Parts,45450AAY000S,CABLE COMP RH FR BRK,5,771.55,30008,8/30/2024,5,696.1,11885-03-PGRN-0924-486,09-01-2024
11885 - AMAN AUTOMOTIVES,11885,GHAZIABAD,11885-03-PLPO-0824-397,8/29/2024,SO Generated,STD,HHML Parts,45475AAG900S,CABLE COMP FR BRAKE,2,256.1,30008,8/30/2024,2,231.04,11885-03-PGRN-0924-486,09-01-2024
11885 - AMAN AUTOMOTIVES,11885,GHAZIABAD,11885-03-PLPO-0824-397,8/29/2024,SO Generated,STD,HHML Parts,45475ABA200S,CABLE COMP FR BRAKE,2,272.5,30008,8/30/2024,2,245.86,11885-03-PGRN-0924-486,09-01-2024
11885 - AMAN AUTOMOTIVES,11885,GHAZIABAD,11885-03-PLPO-0824-397,8/29/2024,SO Generated,STD,HHML Parts,51104AAH030S,STEP WOMEN,1,127.22,30008,8/30/2024,1,114.78,11885-03-PGRN-0924-486,09-01-2024
11885 - AMAN AUTOMOTIVES,11885,GHAZIABAD,11885-03-PLPO-0824-397,8/29/2024,SO Generated,STD,HHML Parts,53100ABW100S,PIPE STRG HANDLE,1,233.93,30008,8/30/2024,1,211.05,11885-03-PGRN-0924-486,09-01-2024
11885 - AMAN AUTOMOTIVES,11885,GHAZIABAD,11885-03-PLPO-0824-397,8/29/2024,SO Generated,STD,HHML Parts,53205ABS000RS,COVER HANDLE FR PBM (NH-B08M),1,656.64,30008,8/30/2024,1,592.43,11885-03-PGRN-0924-486,09-01-2024
11885 - AMAN AUTOMOTIVES,11885,GHAZIABAD,11885-03-PLPO-0824-397,8/29/2024,SO Generated,STD,HHML Parts,53205KZN900ZCS,COVER HANDLE FR(PBM NH-B),1,691.12,30008,0-00-00,,,,0-00-00
11885 - AMAN AUTOMOTIVES,11885,GHAZIABAD,11885-03-PLPO-0824-397,8/29/2024,SO Generated,STD,HHML Parts,61000AAGA00US,FRONT FENDER BL(BR)-013M(G),1,1030.11,30008,8/30/2024,1,929.37,11885-03-PGRN-0924-486,09-01-2024
11885 - AMAN AUTOMOTIVES,11885,GHAZIABAD,11885-03-PLPO-0824-397,8/29/2024,SO Generated,STD,HHML Parts,61140AAY000TS,COV. HANDLE FR(CBR R-195C),1,673.06,30008,8/30/2024,1,607.24,11885-03-PGRN-0924-486,09-01-2024
11885 - AMAN AUTOMOTIVES,11885,GHAZIABAD,11885-03-PLPO-0824-397,8/29/2024,SO Generated,STD,HHML Parts,61300AAGD00US,FRONT VISOR BL(BR)-013M(G),1,1013.69,30008,8/30/2024,1,914.56,11885-03-PGRN-0924-486,09-01-2024
11885 - AMAN AUTOMOTIVES,11885,GHAZIABAD,11885-03-PLPO-0824-397,8/29/2024,SO Generated,STD,HHML Parts,64303ABS000S,FRONT GRILL,1,473.6,30008,0-00-00,,,,0-00-00
11885 - AMAN AUTOMOTIVES,11885,GHAZIABAD,11885-03-PLPO-0824-397,8/29/2024,SO Generated,STD,HHML Parts,64305ABS000RS,COVER FR UPPER PBM (NH-B08M),1,1272.25,30008,8/30/2024,1,1147.82,11885-03-PGRN-0924-486,09-01-2024
11885 - AMAN AUTOMOTIVES,11885,GHAZIABAD,11885-03-PLPO-0824-397,8/29/2024,SO Generated,STD,HHML Parts,64309ABS000RS,FRONT COVER LOWER,1,923.4,30008,8/30/2024,1,833.1,11885-03-PGRN-0924-486,09-01-2024
11885 - AMAN AUTOMOTIVES,11885,GHAZIABAD,11885-03-PLPO-0824-397,8/29/2024,SO Generated,STD,HHML Parts,6432AABS200RS,COVER R FLOOR SIDE SA PBM NH B08M,2,1272.24,30008,8/30/2024,2,1147.82,11885-03-PGRN-0924-486,09-01-2024
11885 - AMAN AUTOMOTIVES,11885,GHAZIABAD,11885-03-PLPO-0824-397,8/29/2024,SO Generated,STD,HHML Parts,6433AABS200RS,COVER L FLOOE SIDE SA PBM NH B08M,2,1272.24,30008,8/30/2024,2,1147.82,11885-03-PGRN-0924-486,09-01-2024
11885 - AMAN AUTOMOTIVES,11885,GHAZIABAD,11885-03-PLPO-0824-397,8/29/2024,SO Generated,STD,HHML Parts,77240AAY301S,FUEL CAP OPENING CABLE,10,1149.1,30008,8/30/2024,10,1036.7,11885-03-PGRN-0924-486,09-01-2024
11885 - AMAN AUTOMOTIVES,11885,GHAZIABAD,11885-03-PLPO-0824-397,8/29/2024,SO Generated,STD,HHML Parts,77243AAW30099S,CABLE SEAT LOCK,5,500.7,30008,8/30/2024,5,451.7,11885-03-PGRN-0924-486,09-01-2024
11885 - AMAN AUTOMOTIVES,11885,GHAZIABAD,11885-03-PLPO-0824-397,8/29/2024,SO Generated,STD,HHML Parts,81131ABS000S,COVER INNER,3,1329.69,30008,8/30/2024,3,1199.67,11885-03-PGRN-0924-486,09-01-2024
11885 - AMAN AUTOMOTIVES,11885,GHAZIABAD,11885-03-PLPO-0824-397,8/29/2024,SO Generated,STD,HHML Parts,83402ACK000S,PANEL INNER,5,615.6,30008,8/30/2024,5,555.4,11885-03-PGRN-0924-486,09-01-2024
11885 - AMAN AUTOMOTIVES,11885,GHAZIABAD,11885-03-PLPO-0824-397,8/29/2024,SO Generated,STD,HHML Parts,K22222HF100DS,CLUTCH ASSEMBLY,50,35479,30008,8/30/2024,50,32262.5,11885-03-PGRN-0924-486,09-01-2024
11885 - AMAN AUTOMOTIVES,11885,GHAZIABAD,11885-03-PLPO-0824-400,8/29/2024,SO Generated,VOR,HHML Parts,16400ABZ000VS,THROTTLE BODY ASSY,1,6697.76,30008,8/30/2024,1,6042.74,11885-03-PGRN-0824-483,8/30/2024
11885 - AMAN AUTOMOTIVES,11885,GHAZIABAD,11885-03-PLPO-0824-400,8/29/2024,SO Generated,VOR,HHML Parts,3310BABH401S,LIGHT ASSY HEAD (W/O BULB),1,540.91,30008,8/30/2024,1,488.01,11885-03-PGRN-0824-483,8/30/2024
11885 - AMAN AUTOMOTIVES,11885,GHAZIABAD,11885-03-PLPO-0824-400,8/29/2024,SO Generated,VOR,HHML Parts,37520ACA000S,SENSOR REAR WHEEL SPEED,1,459.14,30008,8/30/2024,1,417.52,11885-03-PGRN-0824-483,8/30/2024
11885 - AMAN AUTOMOTIVES,11885,GHAZIABAD,11885-03-PLPO-0824-400,8/29/2024,SO Generated,VOR,HHML Parts,53205AAW500RS,COVER HANDLE FR PSW (WH-004P),1,746.93,30008,8/30/2024,1,673.88,11885-03-PGRN-0824-483,8/30/2024
11885 - AMAN AUTOMOTIVES,11885,GHAZIABAD,11885-03-PLPO-0824-400,8/29/2024,SO Generated,VOR,HHML Parts,64320AAW000RS,COV. R FLOOR SIDE(PSWM(WH-004P),1,533.52,30008,8/30/2024,1,481.35,11885-03-PGRN-0824-483,8/30/2024
11885 - AMAN AUTOMOTIVES,11885,GHAZIABAD,11885-03-PLPO-0824-401,8/30/2024,SO Generated,VOR,HHML Parts,37200AAL001S,SPEEDOMETER ASSY,1,1046.52,30008,09-06-2024,1,944.18,11885-03-PGRN-0924-519,09-09-2024
11885 - AMAN AUTOMOTIVES,11885,GHAZIABAD,11885-03-PLPO-0824-401,8/30/2024,SO Generated,VOR,HHML Parts,83527ACN000S,SIDE ORNAMENT R,1,91.93,30008,8/31/2024,1,82.94,11885-03-PGRN-0924-494,09-04-2024
11885 - AMAN AUTOMOTIVES,11885,GHAZIABAD,11885-03-PLPO-0824-402,8/30/2024,Submitted,STD,HHML Parts,37800AAL501S,UNIT ASSY FUEL,1,233.93,23061,0-00-00,,,,0-00-00
11885 - AMAN AUTOMOTIVES,11885,GHAZIABAD,11885-03-PLPO-0824-402,8/30/2024,Submitted,STD,HHML Parts,53175KSP900S,LEVER R STRG.HNDL.,2,205.2,23061,0-00-00,,,,0-00-00
11885 - AMAN AUTOMOTIVES,11885,GHAZIABAD,11885-03-PLPO-0824-403,8/30/2024,SO Generated,VOR,HHML Parts,50702AAN410S,BRACKET COMPLETE LEFT PILLION STEP,1,623.81,30008,09-02-2024,1,540.59,11885-03-PGRN-0924-510,09-09-2024
11885 - AMAN AUTOMOTIVES,11885,GHAZIABAD,11885-03-PLPO-0824-403,8/30/2024,SO Generated,VOR,HHML Parts,50702AAN410S,BRACKET COMPLETE LEFT PILLION STEP,1,623.81,30008,09-02-2024,1,540.59,,0-00-00
11885 - AMAN AUTOMOTIVES,11885,GHAZIABAD,11885-03-PLPO-0824-403,8/30/2024,SO Generated,VOR,HHML Parts,83408AAEC00VS,STRIPE RIGHT FRONT VISOR(TYPE-1),1,45.91,30008,09-05-2024,1,41.75,11885-03-PGRN-0924-516,09-09-2024
11885 - AMAN AUTOMOTIVES,11885,GHAZIABAD,11885-03-PLPO-0824-403,8/30/2024,SO Generated,VOR,HHML Parts,83409AAEC00VS,STRIPE LEFT FRONT VISOR(TYPE-1),1,45.91,30008,09-05-2024,1,41.75,11885-03-PGRN-0924-515,09-09-2024
11885 - AMAN AUTOMOTIVES,11885,GHAZIABAD,11885-03-PLPO-0824-404,8/30/2024,SO Generated,STD,HHML Parts,30510AAE30099S,COIL COMP IGNITION,1,246.24,11864,8/30/2024,1,246.24,11885-03-PGRN-0824-484,8/30/2024
11885 - AMAN AUTOMOTIVES,11885,GHAZIABAD,11885-03-PLPO-0824-404,8/30/2024,SO Generated,STD,HHML Parts,37800AAL501S,UNIT ASSY FUEL,1,233.93,11864,8/30/2024,1,233.93,11885-03-PGRN-0824-484,8/30/2024
11885 - AMAN AUTOMOTIVES,11885,GHAZIABAD,11885-03-PLPO-0824-404,8/30/2024,SO Generated,STD,HHML Parts,61311KST950S,STAY HEAD LIGHT BRACKET,1,246.24,11864,8/30/2024,1,246.24,11885-03-PGRN-0824-484,8/30/2024
11885 - AMAN AUTOMOTIVES,11885,GHAZIABAD,11885-03-PLPO-0824-406,8/31/2024,SO Generated,STD,VIDA Parts,VD06455ABG010S,PAD SET FRONT,1,274.97,30008,09-07-2024,1,248.08,11885-03-PGRN-0924-532,09-12-2024
11885 - AMAN AUTOMOTIVES,11885,GHAZIABAD,11885-03-PLPO-0824-406,8/31/2024,SO Generated,STD,VIDA Parts,VD33650ACD001S,WINKER ASSEMBLY LEFT REAR,1,288.01,30008,9/28/2024,1,261.9,,0-00-00
11885 - AMAN AUTOMOTIVES,11885,GHAZIABAD,11885-03-PLPO-0824-406,8/31/2024,SO Generated,STD,VIDA Parts,VD33720ACD001S,LIGHT ASSEMBLY LICENSE,1,221.22,30008,9/16/2024,1,201.17,11885-03-PGRN-0924-571,9/19/2024
11885 - AMAN AUTOMOTIVES,11885,GHAZIABAD,11885-03-PLPO-0824-406,8/31/2024,SO Generated,STD,VIDA Parts,VD45251ABG010S,DISC FRONT BRAKE,1,976.76,30008,09-07-2024,1,881.23,11885-03-PGRN-0924-532,09-12-2024
11885 - AMAN AUTOMOTIVES,11885,GHAZIABAD,11885-03-PLPO-0824-407,8/31/2024,SO Generated,STD,HHML Parts,12168ACA000S,SHIM VALVE ADJUSTMENT,1,4514.42,30008,0-00-00,,,,0-00-00
11885 - AMAN AUTOMOTIVES,11885,GHAZIABAD,11885-03-PLPO-0824-407,8/31/2024,SO Generated,STD,HHML Parts,14430ACA000S,"ROCKER,ARM INTAKE",2,705.9,30008,0-00-00,,,,0-00-00
11885 - AMAN AUTOMOTIVES,11885,GHAZIABAD,11885-03-PLPO-0824-407,8/31/2024,SO Generated,STD,HHML Parts,14440ACA000S,ROCKER ARM EXHAUST,2,705.9,30008,0-00-00,,,,0-00-00
11885 - AMAN AUTOMOTIVES,11885,GHAZIABAD,11885-03-PLPO-0824-408,8/31/2024,SO Generated,VOR,HHML Parts,14100ACA000S,"SHAFT COMPLETE,CAM INTERNAL",1,776.37,30008,09-06-2024,1,705.98,11885-03-PGRN-0924-518,09-09-2024
11885 - AMAN AUTOMOTIVES,11885,GHAZIABAD,11885-03-PLPO-0824-408,8/31/2024,SO Generated,VOR,HHML Parts,14200ACA000S,"SHAFT COMPLETE,CAM EX",1,1502.65,30008,09-06-2024,1,1366.42,11885-03-PGRN-0924-517,09-09-2024
11885 - AMAN AUTOMOTIVES,11885,GHAZIABAD,11885-03-PLPO-0824-408,8/31/2024,SO Generated,VOR,HHML Parts,14711ACA000S,"VALVE,INLET",2,410.4,30008,09-11-2024,2,370.26,11885-03-PGRN-0924-544,9/14/2024
11885 - AMAN AUTOMOTIVES,11885,GHAZIABAD,11885-03-PLPO-0824-408,8/31/2024,SO Generated,VOR,HHML Parts,14721ACA000S,"VALVE,EXHAUST",2,607.4,30008,09-09-2024,2,548,11885-03-PGRN-0924-528,09-12-2024
11885 - AMAN AUTOMOTIVES,11885,GHAZIABAD,11885-03-PLPO-0824-409,8/31/2024,SO Generated,STD,HHML Parts,12101AAE300S,CYLINDER,5,6012.4,30008,0-00-00,,,,0-00-00
11885 - AMAN AUTOMOTIVES,11885,GHAZIABAD,11885-03-PLPO-0824-409,8/31/2024,SO Generated,STD,HHML Parts,14311ACK000S,SPROCKET TIMING,5,212.85,30008,0-00-00,,,,0-00-00
11885 - AMAN AUTOMOTIVES,11885,GHAZIABAD,11885-03-PLPO-0824-409,8/31/2024,SO Generated,STD,HHML Parts,31120ACK011S,STATOR COMP,3,2499.36,30008,0-00-00,,,,0-00-00
11885 - AMAN AUTOMOTIVES,11885,GHAZIABAD,11885-03-PLPO-0824-409,8/31/2024,SO Generated,STD,HHML Parts,33400ABWJ01S,WINKER ASSEMBLY RIGHT FRONT,2,667.84,30008,0-00-00,,,,0-00-00
11885 - AMAN AUTOMOTIVES,11885,GHAZIABAD,11885-03-PLPO-0824-409,8/31/2024,SO Generated,STD,HHML Parts,35010AAC701S,"KIT, LOCKS & KEYS",2,1728.04,30008,0-00-00,,,,0-00-00
11885 - AMAN AUTOMOTIVES,11885,GHAZIABAD,11885-03-PLPO-0824-409,8/31/2024,SO Generated,STD,HHML Parts,35150ABZ001S,SWITCH ASSEMBLY ENGINE STOP & START,1,275.49,30008,0-00-00,,,,0-00-00
11885 - AMAN AUTOMOTIVES,11885,GHAZIABAD,11885-03-PLPO-0824-409,8/31/2024,SO Generated,STD,HHML Parts,35160AAW001S,SWITCH UNIT START,5,250.45,30008,0-00-00,,,,0-00-00
11885 - AMAN AUTOMOTIVES,11885,GHAZIABAD,11885-03-PLPO-0824-409,8/31/2024,SO Generated,STD,HHML Parts,35200ABZ001S,SWITCH ASSEMBLY WINKER,1,521.75,30008,0-00-00,,,,0-00-00
11885 - AMAN AUTOMOTIVES,11885,GHAZIABAD,11885-03-PLPO-0824-409,8/31/2024,SO Generated,STD,HHML Parts,35200ACLD01S,SWITCH ASSEMBLY WINKER,2,768.02,30008,0-00-00,,,,0-00-00
11885 - AMAN AUTOMOTIVES,11885,GHAZIABAD,11885-03-PLPO-0824-409,8/31/2024,SO Generated,STD,HHML Parts,37100AACG60099S,METER ASSYEMBLY COMBINATION,1,3521.25,30008,0-00-00,,,,0-00-00
11885 - AMAN AUTOMOTIVES,11885,GHAZIABAD,11885-03-PLPO-0824-409,8/31/2024,SO Generated,STD,HHML Parts,50701AAE000S,BRACKET COMPLETE RIGHT PILLION STEP,2,321.76,30008,0-00-00,,,,0-00-00
11885 - AMAN AUTOMOTIVES,11885,GHAZIABAD,11885-03-PLPO-0824-409,8/31/2024,SO Generated,STD,HHML Parts,53173KTRA20S,BRACKET RIGHT HANDLE LEVER,10,755.1,30008,0-00-00,,,,0-00-00
11885 - AMAN AUTOMOTIVES,11885,GHAZIABAD,11885-03-PLPO-0824-409,8/31/2024,SO Generated,STD,HHML Parts,53218AAW000S,COV. HNDL R RR,5,328.3,30008,0-00-00,,,,0-00-00
11885 - AMAN AUTOMOTIVES,11885,GHAZIABAD,11885-03-PLPO-0824-409,8/31/2024,SO Generated,STD,HHML Parts,61311KST950S,STAY HEAD LIGHT BRACKET,3,738.72,30008,0-00-00,,,,0-00-00
11885 - AMAN AUTOMOTIVES,11885,GHAZIABAD,11885-03-PLPO-0824-409,8/31/2024,SO Generated,STD,HHML Parts,77235AAE500SS,CENTER REAR COWL,1,172.37,30008,0-00-00,,,,0-00-00
11885 - AMAN AUTOMOTIVES,11885,GHAZIABAD,11885-03-PLPO-0824-409,8/31/2024,SO Generated,STD,HHML Parts,91201GBG900S,OIL SEAL30X42X4.5DLX,10,417.4,30008,0-00-00,,,,0-00-00
11885 - AMAN AUTOMOTIVES,11885,GHAZIABAD,11885-03-PLPO-0824-409,8/31/2024,SO Generated,STD,HHML Parts,91204GBG850S,OIL SEAL18.9X28X5DLX,1,26.71,30008,0-00-00,,,,0-00-00
11885 - AMAN AUTOMOTIVES,11885,GHAZIABAD,11885-03-PLPO-0824-409,8/31/2024,SO Generated,STD,HHML Parts,961006203000S,BRG.BALL RADIAL6203,5,417.4,30008,0-00-00,,,,0-00-00
11885 - AMAN AUTOMOTIVES,11885,GHAZIABAD,11885-03-PLPO-0824-409,8/31/2024,SO Generated,STD,HHML Parts,K28281KWAG940S,KIT CAM GUIDE,3,381.66,30008,0-00-00,,,,0-00-00
11885 - AMAN AUTOMOTIVES,11885,GHAZIABAD,11885-03-PLPO-0924-412,09-01-2024,SO Generated,VOR,Seat Cover EL,K50504ABZA000S,"KIT, SIDE GRAB",1,424.2,30008,0-00-00,,,,0-00-00
11885 - AMAN AUTOMOTIVES,11885,GHAZIABAD,11885-03-PLPO-0924-415,09-02-2024,SO Generated,STD,HHML Parts,28120KTRA00AS,ASSY. ONEWAY CLUTCH,1,500.88,23061,09-02-2024,1,500.88,11885-03-PGRN-0924-492,09-02-2024
11885 - AMAN AUTOMOTIVES,11885,GHAZIABAD,11885-03-PLPO-0924-415,09-02-2024,SO Generated,STD,HHML Parts,90081035000S,BOLT SEALING,10,133.6,23061,09-02-2024,5,66.8,11885-03-PGRN-0924-492,09-02-2024
11885 - AMAN AUTOMOTIVES,11885,GHAZIABAD,11885-03-PLPO-0924-415,09-02-2024,SO Generated,STD,HHML Parts,90085KTC920S,BOLT SOCKET 6X14,10,41.7,23061,0-00-00,,,,0-00-00
11885 - AMAN AUTOMOTIVES,11885,GHAZIABAD,11885-03-PLPO-0924-417,09-02-2024,SO Generated,STD,HHML Parts,17208AAW301S,HOLDER COMP ELEMENT,5,1252.2,23061,09-02-2024,1,250.44,11885-03-PGRN-0924-493,09-02-2024
11885 - AMAN AUTOMOTIVES,11885,GHAZIABAD,11885-03-PLPO-0924-417,09-02-2024,SO Generated,STD,HHML Parts,3370BABS001S,LIGHT ASSY REAR COMB,1,852.33,23061,09-02-2024,1,852.33,11885-03-PGRN-0924-493,09-02-2024
11885 - AMAN AUTOMOTIVES,11885,GHAZIABAD,11885-03-PLPO-0924-418,09-03-2024,SO Generated,VOR,HDX Parts,HDH50530RAA000GS,BAR COMPLETE SIDE STAND MATTE BLACK,1,229.82,30008,09-04-2024,1,222.15,11885-03-PGRN-0924-511,09-09-2024
11885 - AMAN AUTOMOTIVES,11885,GHAZIABAD,11885-03-PLPO-0924-424,09-05-2024,SO Generated,STD,HHML Parts,35200ABZ001S,SWITCH ASSEMBLY WINKER,1,521.75,23061,09-05-2024,1,521.75,11885-03-PGRN-0924-501,09-05-2024
11885 - AMAN AUTOMOTIVES,11885,GHAZIABAD,11885-03-PLPO-0924-425,09-05-2024,SO Generated,VOR,HHML Parts,11200AAY600S,CRANK CASE COMP L,1,2831.77,30008,09-09-2024,1,2554.83,11885-03-PGRN-0924-526,09-12-2024
11885 - AMAN AUTOMOTIVES,11885,GHAZIABAD,11885-03-PLPO-0924-426,09-06-2024,SO Generated,STD,HHML Parts,06455AANE00S,"KIT, PAD FR",10,2872.8,30008,09-06-2024,10,2591.9,11885-03-PGRN-0924-506,09-08-2024
11885 - AMAN AUTOMOTIVES,11885,GHAZIABAD,11885-03-PLPO-0924-426,09-06-2024,SO Generated,STD,HHML Parts,1110AAAE500S,CRANK CASE ASSY RIGHT,1,1625.19,30008,09-06-2024,1,1466.25,11885-03-PGRN-0924-506,09-08-2024
11885 - AMAN AUTOMOTIVES,11885,GHAZIABAD,11885-03-PLPO-0924-426,09-06-2024,SO Generated,STD,HHML Parts,11394AAH00099S,GASKET R CRANK CASE COVER,3,175.32,30008,09-06-2024,3,159.42,11885-03-PGRN-0924-506,09-08-2024
11885 - AMAN AUTOMOTIVES,11885,GHAZIABAD,11885-03-PLPO-0924-426,09-06-2024,SO Generated,STD,HHML Parts,11395AAF4099S,GASKET LEFT CRANKCASE COVER,5,187.85,30008,09-06-2024,5,170.8,11885-03-PGRN-0924-506,09-08-2024
11885 - AMAN AUTOMOTIVES,11885,GHAZIABAD,11885-03-PLPO-0924-426,09-06-2024,SO Generated,STD,HHML Parts,11395AAH000S,GASKET L CRANK CASE COVER,5,292.2,30008,09-06-2024,5,265.7,11885-03-PGRN-0924-506,09-08-2024
11885 - AMAN AUTOMOTIVES,11885,GHAZIABAD,11885-03-PLPO-0924-426,09-06-2024,SO Generated,STD,HHML Parts,11395ACK01099S,GASKET L CRANK CASE COVER,10,375.7,30008,09-06-2024,10,341.6,11885-03-PGRN-0924-506,09-08-2024
11885 - AMAN AUTOMOTIVES,11885,GHAZIABAD,11885-03-PLPO-0924-426,09-06-2024,SO Generated,STD,HHML Parts,12100AANB00S,CYLINDER COMP,2,3898.82,30008,0-00-00,,,,0-00-00
11885 - AMAN AUTOMOTIVES,11885,GHAZIABAD,11885-03-PLPO-0924-426,09-06-2024,SO Generated,STD,HHML Parts,12101AAE300S,CYLINDER,2,2404.96,30008,0-00-00,,,,0-00-00
11885 - AMAN AUTOMOTIVES,11885,GHAZIABAD,11885-03-PLPO-0924-426,09-06-2024,SO Generated,STD,HHML Parts,12391ABG000S,GASKET HEAD COVER,3,87.66,30008,09-06-2024,3,79.71,11885-03-PGRN-0924-506,09-08-2024
11885 - AMAN AUTOMOTIVES,11885,GHAZIABAD,11885-03-PLPO-0924-426,09-06-2024,SO Generated,STD,HHML Parts,13011AAF00099S,"""KIT, RING PISTON STD""",10,2922.1,30008,09-06-2024,10,2636.3,11885-03-PGRN-0924-506,09-08-2024
11885 - AMAN AUTOMOTIVES,11885,GHAZIABAD,11885-03-PLPO-0924-426,09-06-2024,SO Generated,STD,HHML Parts,13101AAF00099S,PISTON,10,3037,30008,09-06-2024,10,2740,11885-03-PGRN-0924-506,09-08-2024
11885 - AMAN AUTOMOTIVES,11885,GHAZIABAD,11885-03-PLPO-0924-426,09-06-2024,SO Generated,STD,HHML Parts,14430ABG000S,ARM COMP IN VALVE ROCKER,2,425.18,30008,09-06-2024,2,383.6,11885-03-PGRN-0924-506,09-08-2024
11885 - AMAN AUTOMOTIVES,11885,GHAZIABAD,11885-03-PLPO-0924-426,09-06-2024,SO Generated,STD,HHML Parts,14440ABG000S,ARM COMP EXH VALVE ROCKER,2,459.64,30008,0-00-00,,,,0-00-00
11885 - AMAN AUTOMOTIVES,11885,GHAZIABAD,11885-03-PLPO-0924-426,09-06-2024,SO Generated,STD,HHML Parts,14451KST940S,SHAFT ROCKER ARM,6,108.36,30008,09-06-2024,6,97.74,11885-03-PGRN-0924-506,09-08-2024
11885 - AMAN AUTOMOTIVES,11885,GHAZIABAD,11885-03-PLPO-0924-426,09-06-2024,SO Generated,STD,HHML Parts,14550GB0910RS,PUSH ROD COMP.TENS.,2,167.44,30008,09-06-2024,2,151.06,11885-03-PGRN-0924-506,09-08-2024
11885 - AMAN AUTOMOTIVES,11885,GHAZIABAD,11885-03-PLPO-0924-426,09-06-2024,SO Generated,STD,HHML Parts,14615035010S,PIN GUIDE ROLLER,20,267.2,30008,09-06-2024,20,243,11885-03-PGRN-0924-506,09-08-2024
11885 - AMAN AUTOMOTIVES,11885,GHAZIABAD,11885-03-PLPO-0924-426,09-06-2024,SO Generated,STD,HHML Parts,14721AANB00S,VALVE EXHAUST,2,408.76,30008,09-06-2024,2,368.78,11885-03-PGRN-0924-506,09-08-2024
11885 - AMAN AUTOMOTIVES,11885,GHAZIABAD,11885-03-PLPO-0924-426,09-06-2024,SO Generated,STD,HHML Parts,15410AAF40099S,ELEMENT OIL FILTER,50,3255.5,30008,09-06-2024,50,2960.5,11885-03-PGRN-0924-506,09-08-2024
11885 - AMAN AUTOMOTIVES,11885,GHAZIABAD,11885-03-PLPO-0924-426,09-06-2024,SO Generated,STD,HHML Parts,15421035010S,SCREEN OIL FILTER,2,78.48,30008,09-06-2024,2,71.36,11885-03-PGRN-0924-506,09-08-2024
11885 - AMAN AUTOMOTIVES,11885,GHAZIABAD,11885-03-PLPO-0924-426,09-06-2024,SO Generated,STD,HHML Parts,16424AAE300S,INJECTOR CAP,2,308.62,30008,09-06-2024,2,278.44,11885-03-PGRN-0924-506,09-08-2024
11885 - AMAN AUTOMOTIVES,11885,GHAZIABAD,11885-03-PLPO-0924-426,09-06-2024,SO Generated,STD,HHML Parts,16700AANB02S,UNIT ASSY FUEL PUMP (JH),1,3242.17,30008,09-06-2024,1,2925.1,11885-03-PGRN-0924-506,09-08-2024
11885 - AMAN AUTOMOTIVES,11885,GHAZIABAD,11885-03-PLPO-0924-426,09-06-2024,SO Generated,STD,HHML Parts,17208AAW301S,HOLDER COMP ELEMENT,30,7513.2,30008,0-00-00,,,,0-00-00
11885 - AMAN AUTOMOTIVES,11885,GHAZIABAD,11885-03-PLPO-0924-426,09-06-2024,SO Generated,STD,HHML Parts,17213AACA0099S,ELEMENT AIR CLEANER,10,1419.2,30008,09-06-2024,10,1290.5,11885-03-PGRN-0924-506,09-08-2024
11885 - AMAN AUTOMOTIVES,11885,GHAZIABAD,11885-03-PLPO-0924-426,09-06-2024,SO Generated,STD,HHML Parts,17910AABC00S,CABLE COMP THROT,3,342.27,30008,0-00-00,,,,0-00-00
11885 - AMAN AUTOMOTIVES,11885,GHAZIABAD,11885-03-PLPO-0924-426,09-06-2024,SO Generated,STD,HHML Parts,17910AAN410S,CABLE COMP THROTTLE,3,295.5,30008,09-06-2024,3,266.58,11885-03-PGRN-0924-506,09-08-2024
11885 - AMAN AUTOMOTIVES,11885,GHAZIABAD,11885-03-PLPO-0924-426,09-06-2024,SO Generated,STD,HHML Parts,17910ABH00099S,CABLE COMP THROTTLE,10,1682.6,30008,0-00-00,,,,0-00-00
11885 - AMAN AUTOMOTIVES,11885,GHAZIABAD,11885-03-PLPO-0924-426,09-06-2024,SO Generated,STD,HHML Parts,17910ABS00099S,CABLE COMP. THROTTLE,3,701.79,30008,0-00-00,,,,0-00-00
11885 - AMAN AUTOMOTIVES,11885,GHAZIABAD,11885-03-PLPO-0924-426,09-06-2024,SO Generated,STD,HHML Parts,17910ABSB0099S,CABLE COMPLETE THROTTLE,2,336.52,30008,0-00-00,,,,0-00-00
11885 - AMAN AUTOMOTIVES,11885,GHAZIABAD,11885-03-PLPO-0924-426,09-06-2024,SO Generated,STD,HHML Parts,18319ABS000S,PROTECTOR EXH PIPE,1,36.94,30008,09-06-2024,1,33.32,11885-03-PGRN-0924-506,09-08-2024
11885 - AMAN AUTOMOTIVES,11885,GHAZIABAD,11885-03-PLPO-0924-426,09-06-2024,SO Generated,STD,HHML Parts,20K810S,CHAIN SPROCKET KIT (GLAMOUR),2,1255.82,30008,09-06-2024,2,1133.02,11885-03-PGRN-0924-506,09-08-2024
11885 - AMAN AUTOMOTIVES,11885,GHAZIABAD,11885-03-PLPO-0924-426,09-06-2024,SO Generated,STD,HHML Parts,22120AAF400S,CENTER CLUTCH,5,1292.75,30008,09-06-2024,5,1166.35,11885-03-PGRN-0924-506,09-08-2024
11885 - AMAN AUTOMOTIVES,11885,GHAZIABAD,11885-03-PLPO-0924-426,09-06-2024,SO Generated,STD,HHML Parts,22120AAF401S,CENTER CLUTCH,5,1273.1,30008,09-06-2024,5,1157.65,11885-03-PGRN-0924-506,09-08-2024
11885 - AMAN AUTOMOTIVES,11885,GHAZIABAD,11885-03-PLPO-0924-426,09-06-2024,SO Generated,STD,HHML Parts,22121AANB00S,CENTER CLUTCH,5,1518.5,30008,09-06-2024,5,1370,11885-03-PGRN-0924-506,09-08-2024
11885 - AMAN AUTOMOTIVES,11885,GHAZIABAD,11885-03-PLPO-0924-426,09-06-2024,SO Generated,STD,HHML Parts,22350115020S,PLATE CLUTCH PRESSURE,10,1477.4,30008,09-06-2024,10,1333,11885-03-PGRN-0924-506,09-08-2024
11885 - AMAN AUTOMOTIVES,11885,GHAZIABAD,11885-03-PLPO-0924-426,09-06-2024,SO Generated,STD,HHML Parts,22350AAF400S,PLATE CLUTCH PRESSURE,15,2093.1,30008,09-06-2024,15,1888.35,11885-03-PGRN-0924-506,09-08-2024
11885 - AMAN AUTOMOTIVES,11885,GHAZIABAD,11885-03-PLPO-0924-426,09-06-2024,SO Generated,STD,HHML Parts,22870AANB00S,CABLE COMP CLUTCH,10,919.3,30008,09-06-2024,10,829.4,11885-03-PGRN-0924-506,09-08-2024
11885 - AMAN AUTOMOTIVES,11885,GHAZIABAD,11885-03-PLPO-0924-426,09-06-2024,SO Generated,STD,HHML Parts,22K130LS,CAM.CHAIN KIT,10,3756.6,30008,09-06-2024,10,3416.1,11885-03-PGRN-0924-506,09-08-2024
11885 - AMAN AUTOMOTIVES,11885,GHAZIABAD,11885-03-PLPO-0924-426,09-06-2024,SO Generated,STD,HHML Parts,23220AABA00S,SHAFT COMPLETE COUNTER,1,537.63,30008,0-00-00,,,,0-00-00
11885 - AMAN AUTOMOTIVES,11885,GHAZIABAD,11885-03-PLPO-0924-426,09-06-2024,SO Generated,STD,HHML Parts,23801GF6000S,SPROCKET DRIVE,3,221.61,30008,09-06-2024,3,199.95,11885-03-PGRN-0924-506,09-08-2024
11885 - AMAN AUTOMOTIVES,11885,GHAZIABAD,11885-03-PLPO-0924-426,09-06-2024,SO Generated,STD,HHML Parts,24211GF6000RS,FORK GEAR SHIFT,20,4841.8,30008,09-06-2024,20,4403,11885-03-PGRN-0924-506,09-08-2024
11885 - AMAN AUTOMOTIVES,11885,GHAZIABAD,11885-03-PLPO-0924-426,09-06-2024,SO Generated,STD,HHML Parts,25K160S,BALL RACES KIT,15,3381,30008,09-06-2024,15,3074.4,11885-03-PGRN-0924-506,09-08-2024
11885 - AMAN AUTOMOTIVES,11885,GHAZIABAD,11885-03-PLPO-0924-426,09-06-2024,SO Generated,STD,HHML Parts,31600AACB02S,REGULATOR RECTIFIER COMPLETE,1,1314.82,30008,09-06-2024,1,1195.62,11885-03-PGRN-0924-506,09-08-2024
11885 - AMAN AUTOMOTIVES,11885,GHAZIABAD,11885-03-PLPO-0924-426,09-06-2024,SO Generated,STD,HHML Parts,31600ACK001S,REGULATOR RECTIFIER COMPLETE,1,894.07,30008,09-06-2024,1,813.02,11885-03-PGRN-0924-506,09-08-2024
11885 - AMAN AUTOMOTIVES,11885,GHAZIABAD,11885-03-PLPO-0924-426,09-06-2024,SO Generated,STD,HHML Parts,32161404000S,BAND B1 WIRE,20,167,30008,0-00-00,,,,0-00-00
11885 - AMAN AUTOMOTIVES,11885,GHAZIABAD,11885-03-PLPO-0924-426,09-06-2024,SO Generated,STD,HHML Parts,33492AAF401S,LOCATING CAP,10,131.3,30008,09-06-2024,10,118.5,11885-03-PGRN-0924-506,09-08-2024
11885 - AMAN AUTOMOTIVES,11885,GHAZIABAD,11885-03-PLPO-0924-426,09-06-2024,SO Generated,STD,HHML Parts,3370BAAGA0099S,UNIT TAIL LIGHT,3,1277.25,30008,09-06-2024,3,1161.45,11885-03-PGRN-0924-506,09-08-2024
11885 - AMAN AUTOMOTIVES,11885,GHAZIABAD,11885-03-PLPO-0924-426,09-06-2024,SO Generated,STD,HHML Parts,3370BABS001S,LIGHT ASSY REAR COMB,2,1704.66,30008,09-06-2024,2,1550.14,11885-03-PGRN-0924-506,09-08-2024
11885 - AMAN AUTOMOTIVES,11885,GHAZIABAD,11885-03-PLPO-0924-426,09-06-2024,SO Generated,STD,HHML Parts,34905271000HS,BULB WINKER 12V-10W,20,334,30008,09-06-2024,20,303.6,11885-03-PGRN-0924-506,09-08-2024
11885 - AMAN AUTOMOTIVES,11885,GHAZIABAD,11885-03-PLPO-0924-426,09-06-2024,SO Generated,STD,HHML Parts,35010AAC701S,"KIT, LOCKS & KEYS",1,864.02,30008,09-06-2024,1,785.69,11885-03-PGRN-0924-506,09-08-2024
11885 - AMAN AUTOMOTIVES,11885,GHAZIABAD,11885-03-PLPO-0924-426,09-06-2024,SO Generated,STD,HHML Parts,35010AAHA01S,"""KIT, LOCKS & KEYS""",2,1511,30008,09-06-2024,2,1374.02,11885-03-PGRN-0924-506,09-08-2024
11885 - AMAN AUTOMOTIVES,11885,GHAZIABAD,11885-03-PLPO-0924-426,09-06-2024,SO Generated,STD,HHML Parts,35010AAW000S,"KIT, LOCKS & KEYS",1,1419.17,30008,0-00-00,,,,0-00-00
11885 - AMAN AUTOMOTIVES,11885,GHAZIABAD,11885-03-PLPO-0924-426,09-06-2024,SO Generated,STD,HHML Parts,35010AAW301S,"KIT, LOCKS & KEYS",2,1235.5,30008,09-06-2024,2,1123.5,11885-03-PGRN-0924-506,09-08-2024
11885 - AMAN AUTOMOTIVES,11885,GHAZIABAD,11885-03-PLPO-0924-426,09-06-2024,SO Generated,STD,HHML Parts,35010ABS00099S,"KIT, LOCKS & KEYS",2,1260.56,30008,0-00-00,,,,0-00-00
11885 - AMAN AUTOMOTIVES,11885,GHAZIABAD,11885-03-PLPO-0924-426,09-06-2024,SO Generated,STD,HHML Parts,35010ABT001S,"KIT, LOCKS & KEYS",2,1168.72,30008,09-06-2024,1,531.39,11885-03-PGRN-0924-506,09-08-2024
11885 - AMAN AUTOMOTIVES,11885,GHAZIABAD,11885-03-PLPO-0924-426,09-06-2024,SO Generated,STD,HHML Parts,35140ACLD0099S,SENSOR ASSY SIDE STAND,2,430.76,30008,09-06-2024,2,391.7,11885-03-PGRN-0924-506,09-08-2024
11885 - AMAN AUTOMOTIVES,11885,GHAZIABAD,11885-03-PLPO-0924-426,09-06-2024,SO Generated,STD,HHML Parts,35150AAGH20S,SWITCH ASSEMBLY START,3,225.39,30008,0-00-00,,,,0-00-00
11885 - AMAN AUTOMOTIVES,11885,GHAZIABAD,11885-03-PLPO-0924-426,09-06-2024,SO Generated,STD,HHML Parts,35150ACA001S,SWITCH ASSEMBLY ENG STOP AND START,1,567.67,30008,0-00-00,,,,0-00-00
11885 - AMAN AUTOMOTIVES,11885,GHAZIABAD,11885-03-PLPO-0924-426,09-06-2024,SO Generated,STD,HHML Parts,35200AAG301S,SWITCH ASSEMBLY WINKER,1,358.97,30008,09-06-2024,1,326.42,11885-03-PGRN-0924-506,09-08-2024
11885 - AMAN AUTOMOTIVES,11885,GHAZIABAD,11885-03-PLPO-0924-426,09-06-2024,SO Generated,STD,HHML Parts,35200ACA001S,SWITCH ASSEMBLY WINKER,1,1001.76,30008,0-00-00,,,,0-00-00
11885 - AMAN AUTOMOTIVES,11885,GHAZIABAD,11885-03-PLPO-0924-426,09-06-2024,SO Generated,STD,HHML Parts,35330413003S,SWITCH COMPLETE FRONT LEVER,100,2588,30008,0-00-00,,,,0-00-00
11885 - AMAN AUTOMOTIVES,11885,GHAZIABAD,11885-03-PLPO-0924-426,09-06-2024,SO Generated,STD,HHML Parts,35340KST950S,SW ASSEMBLY FRONT STOP,40,1502.8,30008,09-06-2024,40,1366.4,11885-03-PGRN-0924-506,09-08-2024
11885 - AMAN AUTOMOTIVES,11885,GHAZIABAD,11885-03-PLPO-0924-426,09-06-2024,SO Generated,STD,HHML Parts,35340KTP890S,SW ASSEMBLY FRONT STOP,10,333.9,30008,0-00-00,,,,0-00-00
11885 - AMAN AUTOMOTIVES,11885,GHAZIABAD,11885-03-PLPO-0924-426,09-06-2024,SO Generated,STD,HHML Parts,35350KWA940S,SWITCH ASSEMBLY REAR STOP (SELF),3,187.83,30008,09-06-2024,3,170.79,11885-03-PGRN-0924-506,09-08-2024
11885 - AMAN AUTOMOTIVES,11885,GHAZIABAD,11885-03-PLPO-0924-426,09-06-2024,SO Generated,STD,HHML Parts,36532AAE311S,OXYGEN SENSOR(NON HEATED),3,2529.45,30008,09-06-2024,3,2300.13,11885-03-PGRN-0924-506,09-08-2024
11885 - AMAN AUTOMOTIVES,11885,GHAZIABAD,11885-03-PLPO-0924-426,09-06-2024,SO Generated,STD,HHML Parts,37100AACB0099S,METER ASSY COMB,2,6236.46,30008,09-06-2024,2,5626.56,11885-03-PGRN-0924-506,09-08-2024
11885 - AMAN AUTOMOTIVES,11885,GHAZIABAD,11885-03-PLPO-0924-426,09-06-2024,SO Generated,STD,HHML Parts,37100AACB1099S,METER ASSY COMB,1,3659.14,30008,0-00-00,,,,0-00-00
11885 - AMAN AUTOMOTIVES,11885,GHAZIABAD,11885-03-PLPO-0924-426,09-06-2024,SO Generated,STD,HHML Parts,37210ACK01099S,SPEEDOMETER COMP,1,275.49,30008,09-06-2024,1,250.51,11885-03-PGRN-0924-506,09-08-2024
11885 - AMAN AUTOMOTIVES,11885,GHAZIABAD,11885-03-PLPO-0924-426,09-06-2024,SO Generated,STD,HHML Parts,37213AAY001S,GLASS ASSY,4,317.24,30008,09-06-2024,4,288.48,11885-03-PGRN-0924-506,09-08-2024
11885 - AMAN AUTOMOTIVES,11885,GHAZIABAD,11885-03-PLPO-0924-426,09-06-2024,SO Generated,STD,HHML Parts,37610AAE102S,CASE UPPER ASSY,3,413.67,30008,09-06-2024,3,373.23,11885-03-PGRN-0924-506,09-08-2024
11885 - AMAN AUTOMOTIVES,11885,GHAZIABAD,11885-03-PLPO-0924-426,09-06-2024,SO Generated,STD,HHML Parts,37700KWA830S,SP. SENSOR ASSY.,1,534.27,30008,09-06-2024,1,485.84,11885-03-PGRN-0924-506,09-08-2024
11885 - AMAN AUTOMOTIVES,11885,GHAZIABAD,11885-03-PLPO-0924-426,09-06-2024,SO Generated,STD,HHML Parts,37800AAW501S,UNIT ASSY FUEL,1,242.14,30008,0-00-00,,,,0-00-00
11885 - AMAN AUTOMOTIVES,11885,GHAZIABAD,11885-03-PLPO-0924-426,09-06-2024,SO Generated,STD,HHML Parts,38110AAE001S,HORN COMP,5,751.3,30008,0-00-00,,,,0-00-00
11885 - AMAN AUTOMOTIVES,11885,GHAZIABAD,11885-03-PLPO-0924-426,09-06-2024,SO Generated,STD,HHML Parts,38110AAEH01S,HORN COMP.,5,763.85,30008,09-06-2024,5,694.6,11885-03-PGRN-0924-506,09-08-2024
11885 - AMAN AUTOMOTIVES,11885,GHAZIABAD,11885-03-PLPO-0924-426,09-06-2024,SO Generated,STD,HHML Parts,38301AAE20099S,RELAY COMP WINKER,10,918.3,30008,0-00-00,,,,0-00-00
11885 - AMAN AUTOMOTIVES,11885,GHAZIABAD,11885-03-PLPO-0924-426,09-06-2024,SO Generated,STD,HHML Parts,38501AAW30099S,RELAY COMP START,5,646.95,30008,09-06-2024,5,588.3,11885-03-PGRN-0924-506,09-08-2024
11885 - AMAN AUTOMOTIVES,11885,GHAZIABAD,11885-03-PLPO-0924-426,09-06-2024,SO Generated,STD,HHML Parts,40510AAE200S,CASE UP (HALF) DRIVE CHAIN,3,738.72,30008,0-00-00,,,,0-00-00
11885 - AMAN AUTOMOTIVES,11885,GHAZIABAD,11885-03-PLPO-0924-426,09-06-2024,SO Generated,STD,HHML Parts,40530AAGD0099S,DRIVE CHIAN 428 118,3,1001.76,30008,0-00-00,,,,0-00-00
11885 - AMAN AUTOMOTIVES,11885,GHAZIABAD,11885-03-PLPO-0924-426,09-06-2024,SO Generated,STD,HHML Parts,40545001000S,CAP CHAIN PEEP HOLE,20,150.2,30008,0-00-00,,,,0-00-00
11885 - AMAN AUTOMOTIVES,11885,GHAZIABAD,11885-03-PLPO-0924-426,09-06-2024,SO Generated,STD,HHML Parts,40545ABA000S,CAP CHAIN PEEP HOLE,20,133.6,30008,0-00-00,,,,0-00-00
11885 - AMAN AUTOMOTIVES,11885,GHAZIABAD,11885-03-PLPO-0924-426,09-06-2024,SO Generated,STD,HHML Parts,41201KTR900S,SPROCKET FINAL DRIVEN(43T),1,279.07,30008,0-00-00,,,,0-00-00
11885 - AMAN AUTOMOTIVES,11885,GHAZIABAD,11885-03-PLPO-0924-426,09-06-2024,SO Generated,STD,HHML Parts,42313ACK001S,COLLAR BRAKE PANEL SIDE,1,42.57,30008,0-00-00,,,,0-00-00
11885 - AMAN AUTOMOTIVES,11885,GHAZIABAD,11885-03-PLPO-0924-426,09-06-2024,SO Generated,STD,HHML Parts,43410AAHF00S,ARM REAR BRAKE,2,100.14,30008,0-00-00,,,,0-00-00
11885 - AMAN AUTOMOTIVES,11885,GHAZIABAD,11885-03-PLPO-0924-426,09-06-2024,SO Generated,STD,HHML Parts,43451AAHF00S,ROD COMP.RR.BRK,1,54.17,30008,09-06-2024,1,48.88,11885-03-PGRN-0924-506,09-08-2024
11885 - AMAN AUTOMOTIVES,11885,GHAZIABAD,11885-03-PLPO-0924-426,09-06-2024,SO Generated,STD,HHML Parts,43550AAZ310S,RESERVOIR COMP RR,3,162.51,30008,0-00-00,,,,0-00-00
11885 - AMAN AUTOMOTIVES,11885,GHAZIABAD,11885-03-PLPO-0924-426,09-06-2024,SO Generated,STD,HHML Parts,44830KTP900S,CABLE COMP.SPDMT.,3,295.5,30008,09-06-2024,3,266.58,11885-03-PGRN-0924-506,09-08-2024
11885 - AMAN AUTOMOTIVES,11885,GHAZIABAD,11885-03-PLPO-0924-426,09-06-2024,SO Generated,STD,HHML Parts,45010AAHJ00S,PANEL SUB COMP.FR.BRAKE,2,1001.38,30008,09-06-2024,2,903.44,11885-03-PGRN-0924-506,09-08-2024
11885 - AMAN AUTOMOTIVES,11885,GHAZIABAD,11885-03-PLPO-0924-426,09-06-2024,SO Generated,STD,HHML Parts,45410AAHF00S,ARM FRONT BRAKE,2,172.36,30008,09-06-2024,2,155.52,11885-03-PGRN-0924-506,09-08-2024
11885 - AMAN AUTOMOTIVES,11885,GHAZIABAD,11885-03-PLPO-0924-426,09-06-2024,SO Generated,STD,HHML Parts,45450AAHF00S,CABLE COMP. COMBI BRAKE,2,548.3,30008,09-06-2024,2,494.68,11885-03-PGRN-0924-506,09-08-2024
11885 - AMAN AUTOMOTIVES,11885,GHAZIABAD,11885-03-PLPO-0924-426,09-06-2024,SO Generated,STD,HHML Parts,45500ABG010S,MASTER CYL ASSY FR,1,1629.45,30008,0-00-00,,,,0-00-00
11885 - AMAN AUTOMOTIVES,11885,GHAZIABAD,11885-03-PLPO-0924-426,09-06-2024,SO Generated,STD,HHML Parts,45510KVN901S,M/C SUB ASSY. FR BRK.,1,1034.21,30008,09-06-2024,1,933.07,11885-03-PGRN-0924-506,09-08-2024
11885 - AMAN AUTOMOTIVES,11885,GHAZIABAD,11885-03-PLPO-0924-426,09-06-2024,SO Generated,STD,HHML Parts,50435ABZ000FS,ACCESSORIES GRIP REAR R,1,426.82,30008,0-00-00,,,,0-00-00
11885 - AMAN AUTOMOTIVES,11885,GHAZIABAD,11885-03-PLPO-0924-426,09-06-2024,SO Generated,STD,HHML Parts,50445ABZ000FS,ACCESSORIES GRIP REAR L,1,426.82,30008,0-00-00,,,,0-00-00
11885 - AMAN AUTOMOTIVES,11885,GHAZIABAD,11885-03-PLPO-0924-426,09-06-2024,SO Generated,STD,HHML Parts,52110AAE200S,SWINGARM COMP,1,824.91,30008,09-06-2024,1,744.23,11885-03-PGRN-0924-506,09-08-2024
11885 - AMAN AUTOMOTIVES,11885,GHAZIABAD,11885-03-PLPO-0924-426,09-06-2024,SO Generated,STD,HHML Parts,52110AAE300S,SWINGARM COMP  REAR,5,4083.5,30008,09-06-2024,5,3684.15,11885-03-PGRN-0924-506,09-08-2024
11885 - AMAN AUTOMOTIVES,11885,GHAZIABAD,11885-03-PLPO-0924-426,09-06-2024,SO Generated,STD,HHML Parts,52147KTC900S,RUBBER BUSH RR.FORK PIVOT,10,375.7,30008,0-00-00,,,,0-00-00
11885 - AMAN AUTOMOTIVES,11885,GHAZIABAD,11885-03-PLPO-0924-426,09-06-2024,SO Generated,STD,HHML Parts,52400AAWD00S,CUSHION ASSEMBLY REAR,1,746.93,30008,0-00-00,,,,0-00-00
11885 - AMAN AUTOMOTIVES,11885,GHAZIABAD,11885-03-PLPO-0924-426,09-06-2024,SO Generated,STD,HHML Parts,53140AAW000S,GRIP COMP THROT,2,126.4,30008,09-06-2024,2,114.04,11885-03-PGRN-0924-506,09-08-2024
11885 - AMAN AUTOMOTIVES,11885,GHAZIABAD,11885-03-PLPO-0924-426,09-06-2024,SO Generated,STD,HHML Parts,53140KTC900S,GRIP COMP.R,10,410.4,30008,09-06-2024,10,370.3,11885-03-PGRN-0924-506,09-08-2024
11885 - AMAN AUTOMOTIVES,11885,GHAZIABAD,11885-03-PLPO-0924-426,09-06-2024,SO Generated,STD,HHML Parts,53167AAW300S,HOUSING UPP THROT,3,86.19,30008,0-00-00,,,,0-00-00
11885 - AMAN AUTOMOTIVES,11885,GHAZIABAD,11885-03-PLPO-0924-426,09-06-2024,SO Generated,STD,HHML Parts,53173KTRA20S,BRACKET RIGHT HANDLE LEVER,10,755.1,30008,0-00-00,,,,0-00-00
11885 - AMAN AUTOMOTIVES,11885,GHAZIABAD,11885-03-PLPO-0924-426,09-06-2024,SO Generated,STD,HHML Parts,53200AAE200S,STEM COMP STRG,1,775.66,30008,09-06-2024,1,699.8,11885-03-PGRN-0924-506,09-08-2024
11885 - AMAN AUTOMOTIVES,11885,GHAZIABAD,11885-03-PLPO-0924-426,09-06-2024,SO Generated,STD,HHML Parts,53200AAE300S,STEM COMP STRG,1,755.14,30008,09-06-2024,1,681.29,11885-03-PGRN-0924-506,09-08-2024
11885 - AMAN AUTOMOTIVES,11885,GHAZIABAD,11885-03-PLPO-0924-426,09-06-2024,SO Generated,STD,HHML Parts,53205AAW000RS,COV. HANDLE FR(PSWM(WH-004P),1,652.54,30008,09-06-2024,1,588.72,11885-03-PGRN-0924-506,09-08-2024
11885 - AMAN AUTOMOTIVES,11885,GHAZIABAD,11885-03-PLPO-0924-426,09-06-2024,SO Generated,STD,HHML Parts,77237AAC220S,COVER LICENSE LIGHT,5,106.7,30008,09-06-2024,5,96.25,11885-03-PGRN-0924-506,09-08-2024
11885 - AMAN AUTOMOTIVES,11885,GHAZIABAD,11885-03-PLPO-0924-426,09-06-2024,SO Generated,STD,HHML Parts,77244AAW000S,FUEL LID COVER CATCH CABLE FR,3,307.8,30008,09-06-2024,3,277.71,11885-03-PGRN-0924-506,09-08-2024
11885 - AMAN AUTOMOTIVES,11885,GHAZIABAD,11885-03-PLPO-0924-426,09-06-2024,SO Generated,STD,HHML Parts,77245AAW000S,FUEL LID COVER CATCH CABLE RR,3,238.86,30008,09-06-2024,3,215.49,11885-03-PGRN-0924-506,09-08-2024
11885 - AMAN AUTOMOTIVES,11885,GHAZIABAD,11885-03-PLPO-0924-426,09-06-2024,SO Generated,STD,HHML Parts,88110ABS000YS,MIRROR ASSY. R. BACK (MET. NEXUS BLUE BL,1,217.05,30008,09-06-2024,1,197.37,11885-03-PGRN-0924-506,09-08-2024
11885 - AMAN AUTOMOTIVES,11885,GHAZIABAD,11885-03-PLPO-0924-426,09-06-2024,SO Generated,STD,HHML Parts,88120ABS000YS,MIRROR ASSY. L. BACK (MET. NEXUS BLUE BL,1,217.05,30008,09-06-2024,1,197.37,11885-03-PGRN-0924-506,09-08-2024
11885 - AMAN AUTOMOTIVES,11885,GHAZIABAD,11885-03-PLPO-0924-426,09-06-2024,SO Generated,STD,HHML Parts,90304438000S,NUT HEX CAP,10,91.8,30008,09-06-2024,10,83.5,11885-03-PGRN-0924-506,09-08-2024
11885 - AMAN AUTOMOTIVES,11885,GHAZIABAD,11885-03-PLPO-0924-426,09-06-2024,SO Generated,STD,HHML Parts,90701GF6000S,PIN DOWEL SPL.8X14,40,133.6,30008,09-06-2024,40,121.6,11885-03-PGRN-0924-506,09-08-2024
11885 - AMAN AUTOMOTIVES,11885,GHAZIABAD,11885-03-PLPO-0924-426,09-06-2024,SO Generated,STD,HHML Parts,91202KTP900S,OIL SEAL 20.8X52X6,1,35.06,30008,09-06-2024,1,31.88,11885-03-PGRN-0924-506,09-08-2024
11885 - AMAN AUTOMOTIVES,11885,GHAZIABAD,11885-03-PLPO-0924-426,09-06-2024,SO Generated,STD,HHML Parts,91443AAF400S,"SEAL,COVER OIL FILTER",10,100.2,30008,0-00-00,,,,0-00-00
11885 - AMAN AUTOMOTIVES,11885,GHAZIABAD,11885-03-PLPO-0924-426,09-06-2024,SO Generated,STD,HHML Parts,9281110000S,BOLT'A'BRAKE STOPER,40,367.2,30008,0-00-00,,,,0-00-00
11885 - AMAN AUTOMOTIVES,11885,GHAZIABAD,11885-03-PLPO-0924-426,09-06-2024,SO Generated,STD,HHML Parts,961006001000S,BRG.BALL RADIAL6001,5,384,30008,09-06-2024,5,349.2,11885-03-PGRN-0924-506,09-08-2024
11885 - AMAN AUTOMOTIVES,11885,GHAZIABAD,11885-03-PLPO-0924-426,09-06-2024,SO Generated,STD,HHML Parts,961006203000S,BRG.BALL RADIAL6203,5,417.4,30008,09-06-2024,5,379.55,11885-03-PGRN-0924-506,09-08-2024
11885 - AMAN AUTOMOTIVES,11885,GHAZIABAD,11885-03-PLPO-0924-426,09-06-2024,SO Generated,STD,HHML Parts,ADGAA7Y00100099GS,METER ASSEMBLY COMBINATION,1,3036.97,30008,0-00-00,,,,0-00-00
11885 - AMAN AUTOMOTIVES,11885,GHAZIABAD,11885-03-PLPO-0924-426,09-06-2024,SO Generated,STD,HHML Parts,K11113ABZA000S,SCHEDULED MAINTENANCE KIT-160CC,3,262.95,30008,0-00-00,,,,0-00-00
11885 - AMAN AUTOMOTIVES,11885,GHAZIABAD,11885-03-PLPO-0924-426,09-06-2024,SO Generated,STD,HHML Parts,K14144AACK000S,KIT CAM CHAIN,3,1083.45,30008,09-06-2024,3,977.49,11885-03-PGRN-0924-506,09-08-2024
11885 - AMAN AUTOMOTIVES,11885,GHAZIABAD,11885-03-PLPO-0924-426,09-06-2024,SO Generated,STD,HHML Parts,K14144AANNB00S,CAM CHAIN KIT,1,480.17,30008,09-06-2024,1,433.21,11885-03-PGRN-0924-506,09-08-2024
11885 - AMAN AUTOMOTIVES,11885,GHAZIABAD,11885-03-PLPO-0924-426,09-06-2024,SO Generated,STD,HHML Parts,K31913HF100DS,KIT O-RING,5,233.75,30008,09-06-2024,5,212.55,11885-03-PGRN-0924-506,09-08-2024
11885 - AMAN AUTOMOTIVES,11885,GHAZIABAD,11885-03-PLPO-0924-427,09-06-2024,SO Generated,STD,VIDA Parts,VD77156ACP000S,CABLE SEAT LOCK (MANUAL),2,82.08,30008,09-07-2024,2,74.06,11885-03-PGRN-0924-533,09-12-2024
11885 - AMAN AUTOMOTIVES,11885,GHAZIABAD,11885-03-PLPO-0924-427,09-06-2024,SO Generated,STD,VIDA Parts,VD77157ACP000S,CABLE SEAT LOCK (AUTO),2,65.66,30008,09-07-2024,2,59.24,11885-03-PGRN-0924-533,09-12-2024
11885 - AMAN AUTOMOTIVES,11885,GHAZIABAD,11885-03-PLPO-0924-428,09-06-2024,SO Generated,VOR,HHML Parts,17555ACL000AS,TANK COVER FRONT RIGHT BLACK NH1,1,681.27,30008,09-07-2024,1,614.64,11885-03-PGRN-0924-529,09-12-2024
11885 - AMAN AUTOMOTIVES,11885,GHAZIABAD,11885-03-PLPO-0924-428,09-06-2024,SO Generated,VOR,HHML Parts,18312ACL000S,COVER MUFFLER,1,254.45,30008,09-11-2024,1,229.56,11885-03-PGRN-0924-546,9/14/2024
11885 - AMAN AUTOMOTIVES,11885,GHAZIABAD,11885-03-PLPO-0924-428,09-06-2024,SO Generated,VOR,HHML Parts,33400ABWJ01S,WINKER ASSEMBLY RIGHT FRONT,1,333.92,30008,09-11-2024,1,303.65,11885-03-PGRN-0924-545,9/14/2024
11885 - AMAN AUTOMOTIVES,11885,GHAZIABAD,11885-03-PLPO-0924-428,09-06-2024,SO Generated,VOR,HHML Parts,46500ACL000S,PEDAL BRAKE,1,176.47,30008,09-07-2024,1,159.21,11885-03-PGRN-0924-529,09-12-2024
11885 - AMAN AUTOMOTIVES,11885,GHAZIABAD,11885-03-PLPO-0924-428,09-06-2024,SO Generated,VOR,HHML Parts,50470ACL000AS,GRIP REAR REAR NH-1,1,582.77,30008,9/14/2024,1,525.78,11885-03-PGRN-0924-570,9/19/2024
11885 - AMAN AUTOMOTIVES,11885,GHAZIABAD,11885-03-PLPO-0924-428,09-06-2024,SO Generated,VOR,HHML Parts,50600ACL000S,HOLDER RIGHT STEP,1,484.27,30008,09-11-2024,1,436.91,11885-03-PGRN-0924-543,9/14/2024
11885 - AMAN AUTOMOTIVES,11885,GHAZIABAD,11885-03-PLPO-0924-428,09-06-2024,SO Generated,VOR,HHML Parts,53100ACL000S,PIPE STEERING HANDLE,1,328.32,30008,09-11-2024,1,296.21,11885-03-PGRN-0924-547,9/14/2024
11885 - AMAN AUTOMOTIVES,11885,GHAZIABAD,11885-03-PLPO-0924-428,09-06-2024,SO Generated,VOR,HHML Parts,6110AACL000AS,FRONT FENDER SUB ASSEMBLY BLACK NH-1,1,861.84,30008,09-07-2024,1,777.56,11885-03-PGRN-0924-529,09-12-2024
11885 - AMAN AUTOMOTIVES,11885,GHAZIABAD,11885-03-PLPO-0924-428,09-06-2024,SO Generated,VOR,HHML Parts,61322ACL000AS,FRONT COWL RIGHT NH-1,1,328.32,30008,09-07-2024,1,296.21,11885-03-PGRN-0924-529,09-12-2024
11885 - AMAN AUTOMOTIVES,11885,GHAZIABAD,11885-03-PLPO-0924-428,09-06-2024,SO Generated,VOR,HHML Parts,83549ACL000S,SIDE SHROUD INNER FRONT,1,192.89,30008,09-07-2024,1,174.02,11885-03-PGRN-0924-529,09-12-2024
11885 - AMAN AUTOMOTIVES,11885,GHAZIABAD,11885-03-PLPO-0924-428,09-06-2024,SO Generated,VOR,HHML Parts,83550ACL000AS,SIDE SHROUD OUTER RIGHT BLACK NH-1,1,352.95,30008,09-11-2024,1,318.43,11885-03-PGRN-0924-542,9/14/2024
11885 - AMAN AUTOMOTIVES,11885,GHAZIABAD,11885-03-PLPO-0924-428,09-06-2024,SO Generated,VOR,HHML Parts,83553ACL000S,SIDE SHROUD INNER BACK R,1,151.85,30008,09-07-2024,1,137,11885-03-PGRN-0924-529,09-12-2024
11885 - AMAN AUTOMOTIVES,11885,GHAZIABAD,11885-03-PLPO-0924-428,09-06-2024,SO Generated,VOR,Seat Cover EL,K50508ACLA000S,KIT ENGINE GUARD,1,364.72,30008,09-07-2024,1,356.88,11885-03-PGRN-0924-529,09-12-2024
11885 - AMAN AUTOMOTIVES,11885,GHAZIABAD,11885-03-PLPO-0924-428,09-06-2024,SO Generated,VOR,VIDA Parts,VD38600ABR001S,ACTUATOR,1,1370.74,30008,09-12-2024,1,1236.69,11885-03-PGRN-0924-550,9/14/2024
11885 - AMAN AUTOMOTIVES,11885,GHAZIABAD,11885-03-PLPO-0924-429,09-06-2024,SO Generated,VOR,HHML Parts,45500ABG010S,MASTER CYL ASSY FR,1,1629.45,30008,9/14/2024,1,1470.1,11885-03-PGRN-0924-567,9/19/2024
11885 - AMAN AUTOMOTIVES,11885,GHAZIABAD,11885-03-PLPO-0924-429,09-06-2024,SO Generated,VOR,HHML Parts,64300ABH400RS,COVER FR CENTER A PSW (WH-004,1,1166.36,30008,9/14/2024,1,1052.3,11885-03-PGRN-0924-567,9/19/2024
11885 - AMAN AUTOMOTIVES,11885,GHAZIABAD,11885-03-PLPO-0924-429,09-06-2024,SO Generated,VOR,HHML Parts,64310ABH500RS,COVER FR CENTER PSWESM WH 004P,1,1961.72,30008,9/14/2024,1,1769.87,11885-03-PGRN-0924-567,9/19/2024
11885 - AMAN AUTOMOTIVES,11885,GHAZIABAD,11885-03-PLPO-0924-429,09-06-2024,SO Generated,VOR,HHML Parts,6432AAAWB00RS,COVER R FLOOR SIDE SA PSWESM WH004P,1,771.56,30008,9/14/2024,1,696.1,11885-03-PGRN-0924-567,9/19/2024
11885 - AMAN AUTOMOTIVES,11885,GHAZIABAD,11885-03-PLPO-0924-429,09-06-2024,SO Generated,VOR,HHML Parts,77240AAC800YS,REAR COWL RH BLACK NH 1,1,554.04,30008,9/14/2024,1,499.86,11885-03-PGRN-0924-567,9/19/2024
11885 - AMAN AUTOMOTIVES,11885,GHAZIABAD,11885-03-PLPO-0924-429,09-06-2024,SO Generated,VOR,HHML Parts,77250AAC800YS,REAR COWL LH BLACK NH 1,1,554.04,30008,9/14/2024,1,499.86,11885-03-PGRN-0924-567,9/19/2024
11885 - AMAN AUTOMOTIVES,11885,GHAZIABAD,11885-03-PLPO-0924-429,09-06-2024,SO Generated,VOR,HHML Parts,83600AAC800YS,COVER CENTRE LH BLACK NH 1,1,375.11,30008,9/21/2024,1,338.42,11885-03-PGRN-0924-597,9/27/2024
11885 - AMAN AUTOMOTIVES,11885,GHAZIABAD,11885-03-PLPO-0924-433,09-06-2024,Submitted,STD,HHML Parts,46518AAEB00S,PEDAL BUSH,10,295.5,10047,0-00-00,,,,0-00-00
11885 - AMAN AUTOMOTIVES,11885,GHAZIABAD,11885-03-PLPO-0924-433,09-06-2024,Submitted,STD,HHML Parts,53205AAL500RS,"""COVER HANDLE FR (NH-1, BLACK)""",1,660.75,10047,0-00-00,,,,0-00-00
11885 - AMAN AUTOMOTIVES,11885,GHAZIABAD,11885-03-PLPO-0924-434,09-06-2024,SO Generated,STD,HHML Parts,35200AAHA0099S,SWITCH ASSEMBLY WINKER,1,246.27,11864,0-00-00,,,,0-00-00
11885 - AMAN AUTOMOTIVES,11885,GHAZIABAD,11885-03-PLPO-0924-434,09-06-2024,SO Generated,STD,HHML Parts,40510AAT000S,CHAIN CASE UPPER,1,175.65,11864,09-06-2024,1,175.65,11885-03-PGRN-0924-503,09-06-2024
11885 - AMAN AUTOMOTIVES,11885,GHAZIABAD,11885-03-PLPO-0924-434,09-06-2024,SO Generated,STD,HHML Parts,40520AAT000S,CHAIN CASE LOWER,1,175.65,11864,0-00-00,,,,0-00-00
11885 - AMAN AUTOMOTIVES,11885,GHAZIABAD,11885-03-PLPO-0924-434,09-06-2024,SO Generated,STD,HHML Parts,64210AAL500RS,COVER FR UPPER (NH-1 BLACK),1,1442.97,11864,09-06-2024,1,1442.97,11885-03-PGRN-0924-503,09-06-2024
11885 - AMAN AUTOMOTIVES,11885,GHAZIABAD,11885-03-PLPO-0924-434,09-06-2024,SO Generated,STD,HHML Parts,83600AAH100SS,L SIDE COVER(BLACK NH-1(TYPE-2),1,480.17,11864,0-00-00,,,,0-00-00
11885 - AMAN AUTOMOTIVES,11885,GHAZIABAD,11885-03-PLPO-0924-435,09-06-2024,Submitted,STD,HHML Parts,35010AAW301S,"KIT, LOCKS & KEYS",1,617.75,11864,0-00-00,,,,0-00-00
11885 - AMAN AUTOMOTIVES,11885,GHAZIABAD,11885-03-PLPO-0924-436,09-06-2024,SO Generated,STD,HHML Parts,35010AAW301S,"KIT, LOCKS & KEYS",1,617.75,23061,09-06-2024,1,617.75,11885-03-PGRN-0924-502,09-06-2024
11885 - AMAN AUTOMOTIVES,11885,GHAZIABAD,11885-03-PLPO-0924-436,09-06-2024,SO Generated,STD,HHML Parts,35200AAHA0099S,SWITCH ASSEMBLY WINKER,1,246.27,23061,09-06-2024,1,246.27,11885-03-PGRN-0924-502,09-06-2024
11885 - AMAN AUTOMOTIVES,11885,GHAZIABAD,11885-03-PLPO-0924-436,09-06-2024,SO Generated,STD,HHML Parts,83600AAH100SS,L SIDE COVER(BLACK NH-1(TYPE-2),1,480.17,23061,0-00-00,,,,0-00-00
11885 - AMAN AUTOMOTIVES,11885,GHAZIABAD,11885-03-PLPO-0924-437,09-06-2024,SO Generated,VOR,HHML Parts,32100AAEC10S,HARNESS WIRE,1,2504.41,30008,09-07-2024,1,2277.37,11885-03-PGRN-0924-522,09-12-2024
11885 - AMAN AUTOMOTIVES,11885,GHAZIABAD,11885-03-PLPO-0924-439,09-07-2024,SO Generated,VOR,HHML Parts,37100ACL00099S,METER ASSEMBLY COMBINATION,1,3857.78,30008,9/14/2024,1,3480.5,11885-03-PGRN-0924-569,9/19/2024
11885 - AMAN AUTOMOTIVES,11885,GHAZIABAD,11885-03-PLPO-0924-439,09-07-2024,SO Generated,VOR,HHML Parts,83650ACL000AS,SIDE SHROUD OUTER LEFT BLACK NH-1,1,352.95,30008,09-09-2024,1,318.43,11885-03-PGRN-0924-527,09-12-2024
11885 - AMAN AUTOMOTIVES,11885,GHAZIABAD,11885-03-PLPO-0924-440,09-07-2024,SO Generated,VOR,HHML Parts,3310BAANB0099S,HEAD LIGHT WITHOUT BULB,1,609.41,30008,09-09-2024,1,554.16,11885-03-PGRN-0924-525,09-12-2024
11885 - AMAN AUTOMOTIVES,11885,GHAZIABAD,11885-03-PLPO-0924-440,09-07-2024,SO Generated,VOR,HHML Parts,37112ACL001S,LOWER CASE ASSEMBLY,1,123.12,30008,9/14/2024,1,111.08,11885-03-PGRN-0924-557,9/14/2024
11885 - AMAN AUTOMOTIVES,11885,GHAZIABAD,11885-03-PLPO-0924-440,09-07-2024,SO Generated,VOR,HHML Parts,50271AANB00US,LEFT FRONT COWL R-321,1,562.25,30008,09-09-2024,1,507.26,11885-03-PGRN-0924-525,09-12-2024
11885 - AMAN AUTOMOTIVES,11885,GHAZIABAD,11885-03-PLPO-0924-440,09-07-2024,SO Generated,VOR,HHML Parts,53230AANB00S,BRIDGE COMP FORK TOP,1,229.82,30008,09-09-2024,1,207.35,11885-03-PGRN-0924-525,09-12-2024
11885 - AMAN AUTOMOTIVES,11885,GHAZIABAD,11885-03-PLPO-0924-440,09-07-2024,SO Generated,VOR,HHML Parts,61300AANB00US,COVER RIGHT FRONT COWL R-321,1,398.09,30008,09-09-2024,1,359.16,11885-03-PGRN-0924-525,09-12-2024
11885 - AMAN AUTOMOTIVES,11885,GHAZIABAD,11885-03-PLPO-0924-440,09-07-2024,SO Generated,VOR,HHML Parts,61301AANB00S,COWL FRONT,1,220.8,30008,09-09-2024,1,199.2,11885-03-PGRN-0924-525,09-12-2024
11885 - AMAN AUTOMOTIVES,11885,GHAZIABAD,11885-03-PLPO-0924-440,09-07-2024,SO Generated,VOR,HHML Parts,61350AANB00S,BEZEL FR COWL,1,164.16,30008,09-09-2024,1,148.11,11885-03-PGRN-0924-525,09-12-2024
11885 - AMAN AUTOMOTIVES,11885,GHAZIABAD,11885-03-PLPO-0924-440,09-07-2024,SO Generated,VOR,HHML Parts,61400AANB00US,COVER LEFT FRONT COWL R-321,1,393.99,30008,09-09-2024,1,355.46,11885-03-PGRN-0924-525,09-12-2024
11885 - AMAN AUTOMOTIVES,11885,GHAZIABAD,11885-03-PLPO-0924-440,09-07-2024,SO Generated,VOR,HHML Parts,6414AAANB00S,SCREEN WIND SUB ASSY,1,287.28,30008,09-09-2024,1,259.19,11885-03-PGRN-0924-525,09-12-2024
11885 - AMAN AUTOMOTIVES,11885,GHAZIABAD,11885-03-PLPO-0924-440,09-07-2024,SO Generated,VOR,HHML Parts,83402AANB00S,PANEL INNER,1,287.28,30008,09-09-2024,1,259.19,11885-03-PGRN-0924-525,09-12-2024
11885 - AMAN AUTOMOTIVES,11885,GHAZIABAD,11885-03-PLPO-0924-440,09-07-2024,SO Generated,VOR,HHML Parts,83500AANB00US,R SIDE COVER SRD R321,1,458.83,30008,09-09-2024,1,407.29,11885-03-PGRN-0924-525,09-12-2024
11885 - AMAN AUTOMOTIVES,11885,GHAZIABAD,11885-03-PLPO-0924-440,09-07-2024,SO Generated,VOR,HHML Parts,83600AANB00US,L SIDE COVER SRD R321,1,458.83,30008,9/14/2024,1,413.96,11885-03-PGRN-0924-557,9/14/2024
11885 - AMAN AUTOMOTIVES,11885,GHAZIABAD,11885-03-PLPO-0924-441,09-08-2024,SO Generated,STD,HHML Parts,50701ACK000S,BRACKET COMPLETE RIGHT PILLION STEP,1,205.2,11315,09-08-2024,1,205.2,11885-03-PGRN-0924-505,09-08-2024
11885 - AMAN AUTOMOTIVES,11885,GHAZIABAD,11885-03-PLPO-0924-442,09-08-2024,SO Generated,VOR,HHML Parts,31600AAW301S,REGULATOR RECTIFIER ASSEMBLY,1,486.69,30008,09-12-2024,1,442.57,11885-03-PGRN-0924-548,9/14/2024
11885 - AMAN AUTOMOTIVES,11885,GHAZIABAD,11885-03-PLPO-0924-442,09-08-2024,SO Generated,VOR,HHML Parts,32100ABG200S,HARNESS WIRE,1,1498.47,30008,9/14/2024,1,1362.63,11885-03-PGRN-0924-568,9/19/2024
11885 - AMAN AUTOMOTIVES,11885,GHAZIABAD,11885-03-PLPO-0924-442,09-08-2024,SO Generated,VOR,HHML Parts,3310AKZN901S,LIGHT ASSY.HEAD(W/O BULB),1,419.07,30008,09-10-2024,1,381.08,11885-03-PGRN-0924-541,9/14/2024
11885 - AMAN AUTOMOTIVES,11885,GHAZIABAD,11885-03-PLPO-0924-442,09-08-2024,SO Generated,VOR,HHML Parts,53100AAWD00S,HANDLE COMP STRG,1,759.24,30008,09-10-2024,1,684.99,11885-03-PGRN-0924-541,9/14/2024
11885 - AMAN AUTOMOTIVES,11885,GHAZIABAD,11885-03-PLPO-0924-442,09-08-2024,SO Generated,VOR,HHML Parts,53178AAWD10S,LEVER L HANDLE,1,106.7,30008,9/14/2024,1,96.27,11885-03-PGRN-0924-568,9/19/2024
11885 - AMAN AUTOMOTIVES,11885,GHAZIABAD,11885-03-PLPO-0924-442,09-08-2024,SO Generated,VOR,HHML Parts,53205ABL000XS,COVER HANDLE FR (MGM NH-303M),1,607.39,30008,09-10-2024,1,436.91,11885-03-PGRN-0924-541,9/14/2024
11885 - AMAN AUTOMOTIVES,11885,GHAZIABAD,11885-03-PLPO-0924-442,09-08-2024,SO Generated,VOR,HHML Parts,64301AAWD00VS,COVER FRONT L(MATT ABRAX ORANGE OR(BR)-0,1,722.31,30008,09-10-2024,1,651.67,11885-03-PGRN-0924-541,9/14/2024
11885 - AMAN AUTOMOTIVES,11885,GHAZIABAD,11885-03-PLPO-0924-442,09-08-2024,SO Generated,VOR,HHML Parts,77236AAWD00S,SEAT CATCH COMP,1,83.72,30008,09-10-2024,1,75.53,11885-03-PGRN-0924-541,9/14/2024
11885 - AMAN AUTOMOTIVES,11885,GHAZIABAD,11885-03-PLPO-0924-442,09-08-2024,SO Generated,VOR,HHML Parts,77243AAWD00S,CABLE SEAT LOCK A,1,106.7,30008,9/14/2024,1,96.27,11885-03-PGRN-0924-568,9/19/2024
11885 - AMAN AUTOMOTIVES,11885,GHAZIABAD,11885-03-PLPO-0924-442,09-08-2024,SO Generated,VOR,HHML Parts,88110ABL000XS,MIRROR ASSEMBLY RIGHT BACK(NH-303M),1,216.21,30008,09-10-2024,1,196.61,11885-03-PGRN-0924-541,9/14/2024
11885 - AMAN AUTOMOTIVES,11885,GHAZIABAD,11885-03-PLPO-0924-442,09-08-2024,SO Generated,VOR,HHML Parts,88120ABL000XS,MIRROR ASSEMBLY LEFT BACK(NH-303M),1,216.21,30008,09-10-2024,1,196.61,11885-03-PGRN-0924-541,9/14/2024
11885 - AMAN AUTOMOTIVES,11885,GHAZIABAD,11885-03-PLPO-0924-446,09-09-2024,SO Generated,STD,HHML Parts,13411AABA00S,GEAR BALANCER DRIVE,1,279.66,10765,09-09-2024,1,279.66,11885-03-PGRN-0924-509,09-09-2024
11885 - AMAN AUTOMOTIVES,11885,GHAZIABAD,11885-03-PLPO-0924-446,09-09-2024,SO Generated,STD,HHML Parts,13420ABW800S,GEAR ASSEMBLY BALANCER DRIVEN,1,484.27,10765,09-09-2024,1,484.27,11885-03-PGRN-0924-509,09-09-2024
11885 - AMAN AUTOMOTIVES,11885,GHAZIABAD,11885-03-PLPO-0924-446,09-09-2024,SO Generated,STD,HHML Parts,23121ABW900S,GEAR PRIMARY DRIVE,1,354.79,10765,09-09-2024,1,354.79,11885-03-PGRN-0924-509,09-09-2024
11885 - AMAN AUTOMOTIVES,11885,GHAZIABAD,11885-03-PLPO-0924-446,09-09-2024,SO Generated,STD,HHML Parts,K44446AAED230S,KIT WHEEL COMP FRONT,1,3964.48,10765,09-09-2024,1,3964.48,11885-03-PGRN-0924-509,09-09-2024
11885 - AMAN AUTOMOTIVES,11885,GHAZIABAD,11885-03-PLPO-0924-447,09-11-2024,Submitted,STD,HHML Parts,12211AAW000S,HOLDER CAM SHAFT,1,362.8,11315,0-00-00,,,,0-00-00
11885 - AMAN AUTOMOTIVES,11885,GHAZIABAD,11885-03-PLPO-0924-447,09-11-2024,Submitted,STD,HHML Parts,31120AAEB01S,STATOR COMP,1,783.87,11315,0-00-00,,,,0-00-00
11885 - AMAN AUTOMOTIVES,11885,GHAZIABAD,11885-03-PLPO-0924-448,09-11-2024,SO Generated,VOR,HHML Parts,32100ACKB10S,WIRE HARNESS,1,2095.36,30008,09-12-2024,1,1905.4,11885-03-PGRN-0924-549,9/14/2024
11885 - AMAN AUTOMOTIVES,11885,GHAZIABAD,11885-03-PLPO-0924-449,09-11-2024,SO Generated,VOR,HHML Parts,K44446AAED230S,KIT WHEEL COMP FRONT,1,3964.48,30008,9/21/2024,1,3576.77,11885-03-PGRN-0924-598,9/27/2024
11885 - AMAN AUTOMOTIVES,11885,GHAZIABAD,11885-03-PLPO-0924-450,09-11-2024,SO Generated,VOR,HHML Parts,16400ACL010S,THROTTLE BODY ASSEMBLY,1,6238.11,30008,9/16/2024,1,5628.04,11885-03-PGRN-0924-565,9/19/2024
11885 - AMAN AUTOMOTIVES,11885,GHAZIABAD,11885-03-PLPO-0924-451,09-11-2024,SO Generated,VOR,HHML Parts,37100ACK01099S,METER ASSY COMB,1,1095.77,30008,09-12-2024,1,988.61,11885-03-PGRN-0924-535,09-12-2024
11885 - AMAN AUTOMOTIVES,11885,GHAZIABAD,11885-03-PLPO-0924-451,09-11-2024,SO Generated,VOR,HHML Parts,83400ACK011TS,FRONT VISOR (BLACK NH-1) TYPE-3,1,623.81,30008,09-12-2024,1,562.8,11885-03-PGRN-0924-535,09-12-2024
11885 - AMAN AUTOMOTIVES,11885,GHAZIABAD,11885-03-PLPO-0924-451,09-11-2024,SO Generated,VOR,HHML Parts,K44446AAED230S,KIT WHEEL COMP FRONT,1,3964.48,30008,9/21/2024,1,3576.77,11885-03-PGRN-0924-599,9/27/2024
11885 - AMAN AUTOMOTIVES,11885,GHAZIABAD,11885-03-PLPO-0924-452,09-12-2024,SO Generated,STD,HHML Parts,12101AAE300S,CYLINDER,2,2404.96,30008,0-00-00,,,,0-00-00
11885 - AMAN AUTOMOTIVES,11885,GHAZIABAD,11885-03-PLPO-0924-452,09-12-2024,SO Generated,STD,HHML Parts,12391ABW800S,GASKET HEAD COVER,5,271.3,30008,0-00-00,,,,0-00-00
11885 - AMAN AUTOMOTIVES,11885,GHAZIABAD,11885-03-PLPO-0924-452,09-12-2024,SO Generated,STD,HHML Parts,13101AAF00099S,PISTON,5,1518.5,30008,0-00-00,,,,0-00-00
11885 - AMAN AUTOMOTIVES,11885,GHAZIABAD,11885-03-PLPO-0924-452,09-12-2024,SO Generated,STD,HHML Parts,13101AANB0099S,PISTON,5,1292.75,30008,09-12-2024,5,1166.35,11885-03-PGRN-0924-538,9/14/2024
11885 - AMAN AUTOMOTIVES,11885,GHAZIABAD,11885-03-PLPO-0924-452,09-12-2024,SO Generated,STD,HHML Parts,14401AAD00099S,CAM CHAIN,10,1127,30008,09-12-2024,10,1024.8,11885-03-PGRN-0924-538,9/14/2024
11885 - AMAN AUTOMOTIVES,11885,GHAZIABAD,11885-03-PLPO-0924-452,09-12-2024,SO Generated,STD,HHML Parts,1450AACK000S,ARM ASSY CAM CHAIN TENSIONER,10,960.3,30008,09-12-2024,10,866.4,11885-03-PGRN-0924-538,9/14/2024
11885 - AMAN AUTOMOTIVES,11885,GHAZIABAD,11885-03-PLPO-0924-452,09-12-2024,SO Generated,STD,HHML Parts,14670ACK000S,SPRKT.COMP.CAM CHAIN GUIDE,10,344.7,30008,09-12-2024,10,311,11885-03-PGRN-0924-538,9/14/2024
11885 - AMAN AUTOMOTIVES,11885,GHAZIABAD,11885-03-PLPO-0924-452,09-12-2024,SO Generated,STD,HHML Parts,16400AACD10S,THROTTLE BODY ASSY,1,6156.03,30008,09-12-2024,1,5553.99,11885-03-PGRN-0924-538,9/14/2024
11885 - AMAN AUTOMOTIVES,11885,GHAZIABAD,11885-03-PLPO-0924-452,09-12-2024,SO Generated,STD,HHML Parts,16400ACK421S,THROTTLE BODY ASSEMBLY,1,5556.84,30008,09-12-2024,1,4872.7,11885-03-PGRN-0924-538,9/14/2024
11885 - AMAN AUTOMOTIVES,11885,GHAZIABAD,11885-03-PLPO-0924-452,09-12-2024,SO Generated,STD,HHML Parts,16450ACK000S,INJECTOR ASSY. FUEL,3,2954.88,30008,09-12-2024,3,2665.92,11885-03-PGRN-0924-538,9/14/2024
11885 - AMAN AUTOMOTIVES,11885,GHAZIABAD,11885-03-PLPO-0924-452,09-12-2024,SO Generated,STD,HHML Parts,16700AAE300S,UNIT ASSY FUEL PUMP,1,2195.65,30008,09-12-2024,1,1980.92,11885-03-PGRN-0924-538,9/14/2024
11885 - AMAN AUTOMOTIVES,11885,GHAZIABAD,11885-03-PLPO-0924-452,09-12-2024,SO Generated,STD,HHML Parts,16700AAF400S,UNIT ASSY FUEL PUMP,2,4466.2,30008,09-12-2024,2,4061.32,11885-03-PGRN-0924-538,9/14/2024
11885 - AMAN AUTOMOTIVES,11885,GHAZIABAD,11885-03-PLPO-0924-452,09-12-2024,SO Generated,STD,HHML Parts,16700AANB02S,UNIT ASSY FUEL PUMP (JH),1,3242.17,30008,09-12-2024,1,2925.1,11885-03-PGRN-0924-538,9/14/2024
11885 - AMAN AUTOMOTIVES,11885,GHAZIABAD,11885-03-PLPO-0924-452,09-12-2024,SO Generated,STD,HHML Parts,17208AABA00S,ELEMENT COMP AIR/C,20,2421,30008,09-12-2024,20,2201.4,11885-03-PGRN-0924-538,9/14/2024
11885 - AMAN AUTOMOTIVES,11885,GHAZIABAD,11885-03-PLPO-0924-452,09-12-2024,SO Generated,STD,HHML Parts,17208AAW301S,HOLDER COMP ELEMENT,20,5008.8,30008,0-00-00,,,,0-00-00
11885 - AMAN AUTOMOTIVES,11885,GHAZIABAD,11885-03-PLPO-0924-452,09-12-2024,SO Generated,STD,HHML Parts,17910ABH00099S,CABLE COMP THROTTLE,5,841.3,30008,0-00-00,,,,0-00-00
11885 - AMAN AUTOMOTIVES,11885,GHAZIABAD,11885-03-PLPO-0924-452,09-12-2024,SO Generated,STD,HHML Parts,17910ABS00099S,CABLE COMP. THROTTLE,5,1169.65,30008,0-00-00,,,,0-00-00
11885 - AMAN AUTOMOTIVES,11885,GHAZIABAD,11885-03-PLPO-0924-452,09-12-2024,SO Generated,STD,HHML Parts,17910ACL000S,CABLE COMPLETE THROTTLE,2,229.82,30008,0-00-00,,,,0-00-00
11885 - AMAN AUTOMOTIVES,11885,GHAZIABAD,11885-03-PLPO-0924-452,09-12-2024,SO Generated,STD,HHML Parts,2287AACL000S,CLUTCH CABLE ASSEMBLY,5,595.1,30008,09-12-2024,5,536.9,11885-03-PGRN-0924-538,9/14/2024
11885 - AMAN AUTOMOTIVES,11885,GHAZIABAD,11885-03-PLPO-0924-452,09-12-2024,SO Generated,STD,HHML Parts,22K130LS,CAM.CHAIN KIT,5,1878.3,30008,09-12-2024,5,1708.05,11885-03-PGRN-0924-538,9/14/2024
11885 - AMAN AUTOMOTIVES,11885,GHAZIABAD,11885-03-PLPO-0924-452,09-12-2024,SO Generated,STD,HHML Parts,29K210S,SPEEDOMETER DRIVE KIT,50,2379,30008,09-12-2024,50,2163.5,11885-03-PGRN-0924-538,9/14/2024
11885 - AMAN AUTOMOTIVES,11885,GHAZIABAD,11885-03-PLPO-0924-452,09-12-2024,SO Generated,STD,HHML Parts,31120AAEB01S,STATOR COMP,3,2351.61,30008,09-12-2024,3,2121.63,11885-03-PGRN-0924-538,9/14/2024
11885 - AMAN AUTOMOTIVES,11885,GHAZIABAD,11885-03-PLPO-0924-452,09-12-2024,SO Generated,STD,HHML Parts,31120AAEB02S,STATOR COMP,1,990.71,30008,09-12-2024,1,893.82,11885-03-PGRN-0924-538,9/14/2024
11885 - AMAN AUTOMOTIVES,11885,GHAZIABAD,11885-03-PLPO-0924-452,09-12-2024,SO Generated,STD,HHML Parts,31916ACL001S,SPARK PLUG,10,1190.2,30008,09-12-2024,10,1073.8,11885-03-PGRN-0924-538,9/14/2024
11885 - AMAN AUTOMOTIVES,11885,GHAZIABAD,11885-03-PLPO-0924-452,09-12-2024,SO Generated,STD,HHML Parts,31918ACA001S,SPARK PLUG,5,1723.7,30008,09-12-2024,5,1555.1,11885-03-PGRN-0924-538,9/14/2024
11885 - AMAN AUTOMOTIVES,11885,GHAZIABAD,11885-03-PLPO-0924-452,09-12-2024,SO Generated,STD,HHML Parts,32100ADH210S,WIRE HARNESS,1,2391.71,30008,09-12-2024,1,2174.89,11885-03-PGRN-0924-538,9/14/2024
11885 - AMAN AUTOMOTIVES,11885,GHAZIABAD,11885-03-PLPO-0924-452,09-12-2024,SO Generated,STD,HHML Parts,33100ACLD01S,LIGHT ASSY HEAD,2,5142.38,30008,09-12-2024,2,4676.2,11885-03-PGRN-0924-538,9/14/2024
11885 - AMAN AUTOMOTIVES,11885,GHAZIABAD,11885-03-PLPO-0924-452,09-12-2024,SO Generated,STD,HHML Parts,3360BAAF40099S,WINKERS RR R(W/O BULB),3,345.6,30008,09-12-2024,3,314.28,11885-03-PGRN-0924-538,9/14/2024
11885 - AMAN AUTOMOTIVES,11885,GHAZIABAD,11885-03-PLPO-0924-452,09-12-2024,SO Generated,STD,HHML Parts,3360BAAJ101S,WINKER ASSY R RR(W/O BULB),5,730.45,30008,09-12-2024,5,664.25,11885-03-PGRN-0924-538,9/14/2024
11885 - AMAN AUTOMOTIVES,11885,GHAZIABAD,11885-03-PLPO-0924-452,09-12-2024,SO Generated,STD,HHML Parts,3365BAAF40099S,WINKERS RR L(W/O BULB),3,345.6,30008,09-12-2024,3,314.28,11885-03-PGRN-0924-538,9/14/2024
11885 - AMAN AUTOMOTIVES,11885,GHAZIABAD,11885-03-PLPO-0924-452,09-12-2024,SO Generated,STD,HHML Parts,3365BAAJ101S,WINKER ASSY L RR(W/O BULB),5,730.45,30008,09-12-2024,5,664.25,11885-03-PGRN-0924-538,9/14/2024
11885 - AMAN AUTOMOTIVES,11885,GHAZIABAD,11885-03-PLPO-0924-452,09-12-2024,SO Generated,STD,HHML Parts,35010AAE301S,"""KIT, LOCKS & KEYS""",1,688.71,30008,09-12-2024,1,626.28,11885-03-PGRN-0924-538,9/14/2024
11885 - AMAN AUTOMOTIVES,11885,GHAZIABAD,11885-03-PLPO-0924-452,09-12-2024,SO Generated,STD,HHML Parts,35010AAW000S,"KIT, LOCKS & KEYS",1,1670.07,30008,0-00-00,,,,0-00-00
11885 - AMAN AUTOMOTIVES,11885,GHAZIABAD,11885-03-PLPO-0924-452,09-12-2024,SO Generated,STD,HHML Parts,35330413003S,SWITCH COMPLETE FRONT LEVER,50,1294,30008,0-00-00,,,,0-00-00
11885 - AMAN AUTOMOTIVES,11885,GHAZIABAD,11885-03-PLPO-0924-452,09-12-2024,SO Generated,STD,HHML Parts,35750001000S,CONTACT ASSEMBLY NEUTRAL,3,125.22,30008,09-12-2024,3,113.88,11885-03-PGRN-0924-538,9/14/2024
11885 - AMAN AUTOMOTIVES,11885,GHAZIABAD,11885-03-PLPO-0924-452,09-12-2024,SO Generated,STD,HHML Parts,37100AAE20099S,METER ASSY COMB,1,1046.52,30008,09-12-2024,1,944.18,11885-03-PGRN-0924-538,9/14/2024
11885 - AMAN AUTOMOTIVES,11885,GHAZIABAD,11885-03-PLPO-0924-452,09-12-2024,SO Generated,STD,HHML Parts,37100AAE31099S,METER ASSY COMB,1,1046.52,30008,09-12-2024,1,944.18,11885-03-PGRN-0924-538,9/14/2024
11885 - AMAN AUTOMOTIVES,11885,GHAZIABAD,11885-03-PLPO-0924-452,09-12-2024,SO Generated,STD,HHML Parts,37210AAE30099S,SPEEDOMETER COMB,1,379.84,30008,09-12-2024,1,345.4,11885-03-PGRN-0924-538,9/14/2024
11885 - AMAN AUTOMOTIVES,11885,GHAZIABAD,11885-03-PLPO-0924-452,09-12-2024,SO Generated,STD,HHML Parts,37610AAE102S,CASE UPPER ASSY,10,1378.9,30008,09-12-2024,10,1244.1,11885-03-PGRN-0924-538,9/14/2024
11885 - AMAN AUTOMOTIVES,11885,GHAZIABAD,11885-03-PLPO-0924-452,09-12-2024,SO Generated,STD,HHML Parts,38110AAEH01S,HORN COMP.,5,763.85,30008,0-00-00,,,,0-00-00
11885 - AMAN AUTOMOTIVES,11885,GHAZIABAD,11885-03-PLPO-0924-452,09-12-2024,SO Generated,STD,HHML Parts,38110AAH00099S,HORN COMP,5,805.6,30008,09-12-2024,5,732.55,11885-03-PGRN-0924-538,9/14/2024
11885 - AMAN AUTOMOTIVES,11885,GHAZIABAD,11885-03-PLPO-0924-452,09-12-2024,SO Generated,STD,HHML Parts,38501AAW30099S,RELAY COMP START,10,1293.9,30008,09-12-2024,10,1176.6,11885-03-PGRN-0924-538,9/14/2024
11885 - AMAN AUTOMOTIVES,11885,GHAZIABAD,11885-03-PLPO-0924-452,09-12-2024,SO Generated,STD,HHML Parts,38551AAW501S,RELAY COMP. POWER(MICRO ISO 4P),3,280.5,30008,09-12-2024,3,255.06,11885-03-PGRN-0924-538,9/14/2024
11885 - AMAN AUTOMOTIVES,11885,GHAZIABAD,11885-03-PLPO-0924-452,09-12-2024,SO Generated,STD,HHML Parts,38770AAEC11S,UNIT COMPLETE ECU,1,3840.1,30008,09-12-2024,1,3491.97,11885-03-PGRN-0924-538,9/14/2024
11885 - AMAN AUTOMOTIVES,11885,GHAZIABAD,11885-03-PLPO-0924-452,09-12-2024,SO Generated,STD,HHML Parts,40510AAE200S,CASE UP (HALF) DRIVE CHAIN,2,492.48,30008,0-00-00,,,,0-00-00
11885 - AMAN AUTOMOTIVES,11885,GHAZIABAD,11885-03-PLPO-0924-452,09-12-2024,SO Generated,STD,HHML Parts,40510AAT000S,CHAIN CASE UPPER,1,175.65,30008,09-12-2024,1,158.47,11885-03-PGRN-0924-538,9/14/2024
11885 - AMAN AUTOMOTIVES,11885,GHAZIABAD,11885-03-PLPO-0924-452,09-12-2024,SO Generated,STD,HHML Parts,40510KWA940S,CASE UP (HALF) DRIVE CHAIN,2,482.64,30008,09-12-2024,2,435.44,11885-03-PGRN-0924-538,9/14/2024
11885 - AMAN AUTOMOTIVES,11885,GHAZIABAD,11885-03-PLPO-0924-452,09-12-2024,SO Generated,STD,HHML Parts,40520AAT000S,CHAIN CASE LOWER,1,175.65,30008,09-12-2024,1,158.47,11885-03-PGRN-0924-538,9/14/2024
11885 - AMAN AUTOMOTIVES,11885,GHAZIABAD,11885-03-PLPO-0924-452,09-12-2024,SO Generated,STD,HHML Parts,40520KWA940S,CASE UND (HALF) DRIVE CHAIN,2,459.64,30008,09-12-2024,2,414.7,11885-03-PGRN-0924-538,9/14/2024
11885 - AMAN AUTOMOTIVES,11885,GHAZIABAD,11885-03-PLPO-0924-452,09-12-2024,SO Generated,STD,HHML Parts,4052AAAE200S,CHAIN CASE UND HALF SUB ASSY,2,492.48,30008,09-12-2024,2,444.32,11885-03-PGRN-0924-538,9/14/2024
11885 - AMAN AUTOMOTIVES,11885,GHAZIABAD,11885-03-PLPO-0924-452,09-12-2024,SO Generated,STD,HHML Parts,40530AAGD0099S,DRIVE CHIAN 428 118,3,1001.76,30008,0-00-00,,,,0-00-00
11885 - AMAN AUTOMOTIVES,11885,GHAZIABAD,11885-03-PLPO-0924-452,09-12-2024,SO Generated,STD,HHML Parts,44830KTP900S,CABLE COMP.SPDMT.,2,197,30008,09-12-2024,2,177.72,11885-03-PGRN-0924-538,9/14/2024
11885 - AMAN AUTOMOTIVES,11885,GHAZIABAD,11885-03-PLPO-0924-452,09-12-2024,SO Generated,STD,HHML Parts,44830KWA910S,CABLE COMP. SPDMT,50,4309,30008,09-12-2024,50,3888,11885-03-PGRN-0924-538,9/14/2024
11885 - AMAN AUTOMOTIVES,11885,GHAZIABAD,11885-03-PLPO-0924-452,09-12-2024,SO Generated,STD,HHML Parts,45475AAHF00S,CABLE COMP FR BRAKE,20,3037,30008,0-00-00,,,,0-00-00
11885 - AMAN AUTOMOTIVES,11885,GHAZIABAD,11885-03-PLPO-0924-452,09-12-2024,SO Generated,STD,HHML Parts,45475AAT200S,CABLE COMP FR BRAKE,20,2561,30008,0-00-00,,,,0-00-00
11885 - AMAN AUTOMOTIVES,11885,GHAZIABAD,11885-03-PLPO-0924-452,09-12-2024,SO Generated,STD,HHML Parts,46518AAEB00S,PEDAL BUSH,20,591,30008,09-12-2024,20,533.2,11885-03-PGRN-0924-538,9/14/2024
11885 - AMAN AUTOMOTIVES,11885,GHAZIABAD,11885-03-PLPO-0924-452,09-12-2024,SO Generated,STD,HHML Parts,46544AAEB00S,REAR BRAKE PEDAL & ROD SUB ASSEMBLY,5,3878.3,30008,09-12-2024,5,3499,11885-03-PGRN-0924-538,9/14/2024
11885 - AMAN AUTOMOTIVES,11885,GHAZIABAD,11885-03-PLPO-0924-452,09-12-2024,SO Generated,STD,HHML Parts,50100AAE300S,FRAME BODY COMP,1,8027.46,30008,09-12-2024,1,7242.4,11885-03-PGRN-0924-538,9/14/2024
11885 - AMAN AUTOMOTIVES,11885,GHAZIABAD,11885-03-PLPO-0924-452,09-12-2024,SO Generated,STD,HHML Parts,50400AAH100S,GRIP REAR,2,2216.16,30008,09-12-2024,2,1999.44,11885-03-PGRN-0924-538,9/14/2024
11885 - AMAN AUTOMOTIVES,11885,GHAZIABAD,11885-03-PLPO-0924-452,09-12-2024,SO Generated,STD,HHML Parts,50400AAH700S,GRIP REAR,1,533.52,30008,09-12-2024,1,481.35,11885-03-PGRN-0924-538,9/14/2024
11885 - AMAN AUTOMOTIVES,11885,GHAZIABAD,11885-03-PLPO-0924-452,09-12-2024,SO Generated,STD,HHML Parts,51400KWA941S,FORK ASSY. R FR.,2,4227.14,30008,09-12-2024,2,3813.74,11885-03-PGRN-0924-538,9/14/2024
11885 - AMAN AUTOMOTIVES,11885,GHAZIABAD,11885-03-PLPO-0924-452,09-12-2024,SO Generated,STD,HHML Parts,51500KWA941S,FORK ASSY. L FR,3,6340.71,30008,09-12-2024,3,5720.61,11885-03-PGRN-0924-538,9/14/2024
11885 - AMAN AUTOMOTIVES,11885,GHAZIABAD,11885-03-PLPO-0924-452,09-12-2024,SO Generated,STD,HHML Parts,53100ACL000S,PIPE STEERING HANDLE,2,656.64,30008,0-00-00,,,,0-00-00
11885 - AMAN AUTOMOTIVES,11885,GHAZIABAD,11885-03-PLPO-0924-452,09-12-2024,SO Generated,STD,HHML Parts,53173KTRA20S,BRACKET RIGHT HANDLE LEVER,10,755.1,30008,0-00-00,,,,0-00-00
11885 - AMAN AUTOMOTIVES,11885,GHAZIABAD,11885-03-PLPO-0924-452,09-12-2024,SO Generated,STD,HHML Parts,53178AAFH00S,LEVER COMP.L STRG.HNDL.,10,738.7,30008,0-00-00,,,,0-00-00
11885 - AMAN AUTOMOTIVES,11885,GHAZIABAD,11885-03-PLPO-0924-452,09-12-2024,SO Generated,STD,HHML Parts,53200AAE940S,STEM COMPLETE STEERING,1,763.35,30008,0-00-00,,,,0-00-00
11885 - AMAN AUTOMOTIVES,11885,GHAZIABAD,11885-03-PLPO-0924-452,09-12-2024,SO Generated,STD,HHML Parts,61000ADH700CS,FRONT FENDER MAT AXIS GRAY METALLIC,5,4391.3,30008,0-00-00,,,,0-00-00
11885 - AMAN AUTOMOTIVES,11885,GHAZIABAD,11885-03-PLPO-0924-452,09-12-2024,SO Generated,STD,HHML Parts,61100KST940ZAS,FENDER COMPLETE.FRONT NH-1,3,2117.67,30008,09-12-2024,3,1910.58,11885-03-PGRN-0924-538,9/14/2024
11885 - AMAN AUTOMOTIVES,11885,GHAZIABAD,11885-03-PLPO-0924-452,09-12-2024,SO Generated,STD,HHML Parts,83410ADH700CS,FRONT VISOR MAT AXIS GRAY METALLIC,4,3283.2,30008,09-12-2024,4,2962.12,11885-03-PGRN-0924-538,9/14/2024
11885 - AMAN AUTOMOTIVES,11885,GHAZIABAD,11885-03-PLPO-0924-452,09-12-2024,SO Generated,STD,HHML Parts,90320GC3000S,NUT SPRING,500,2085,30008,09-12-2024,500,1900,11885-03-PGRN-0924-538,9/14/2024
11885 - AMAN AUTOMOTIVES,11885,GHAZIABAD,11885-03-PLPO-0924-452,09-12-2024,SO Generated,STD,HHML Parts,90505425000S,WASHER,20,167,30008,09-12-2024,20,151.8,11885-03-PGRN-0924-538,9/14/2024
11885 - AMAN AUTOMOTIVES,11885,GHAZIABAD,11885-03-PLPO-0924-452,09-12-2024,SO Generated,STD,HHML Parts,9281110000S,BOLT'A'BRAKE STOPER,100,918,30008,0-00-00,,,,0-00-00
11885 - AMAN AUTOMOTIVES,11885,GHAZIABAD,11885-03-PLPO-0924-452,09-12-2024,SO Generated,STD,HHML Parts,9390335380S,SCREW TAPPING 5 X 16,100,167,30008,0-00-00,,,,0-00-00
11885 - AMAN AUTOMOTIVES,11885,GHAZIABAD,11885-03-PLPO-0924-452,09-12-2024,SO Generated,STD,HHML Parts,9820031000S,BLADE FUSE 10 A,40,200.4,30008,0-00-00,,,,0-00-00
11885 - AMAN AUTOMOTIVES,11885,GHAZIABAD,11885-03-PLPO-0924-452,09-12-2024,SO Generated,STD,HHML Parts,9820031500S,BLADE FUSE 15 A,40,367.2,30008,0-00-00,,,,0-00-00
11885 - AMAN AUTOMOTIVES,11885,GHAZIABAD,11885-03-PLPO-0924-452,09-12-2024,SO Generated,STD,HHML Parts,K12121AAEE300S,"KIT, CYLINDER",1,2043.8,30008,0-00-00,,,,0-00-00
11885 - AMAN AUTOMOTIVES,11885,GHAZIABAD,11885-03-PLPO-0924-452,09-12-2024,SO Generated,STD,HHML Parts,K14144AACK000S,KIT CAM CHAIN,5,1805.75,30008,09-12-2024,5,1629.15,11885-03-PGRN-0924-538,9/14/2024
11885 - AMAN AUTOMOTIVES,11885,GHAZIABAD,11885-03-PLPO-0924-452,09-12-2024,SO Generated,STD,HHML Parts,K22222HF100DS,CLUTCH ASSEMBLY,50,35479,30008,09-12-2024,50,32262.5,11885-03-PGRN-0924-538,9/14/2024
11885 - AMAN AUTOMOTIVES,11885,GHAZIABAD,11885-03-PLPO-0924-452,09-12-2024,SO Generated,STD,HHML Parts,K42426AAED230S,KIT WHEEL COMP REAR,3,13284.69,30008,0-00-00,,,,0-00-00
11885 - AMAN AUTOMOTIVES,11885,GHAZIABAD,11885-03-PLPO-0924-452,09-12-2024,SO Generated,STD,HHML Parts,K42426AAFF400S,"KIT, WHEEL COMP REAR",1,4104.02,30008,0-00-00,,,,0-00-00
11885 - AMAN AUTOMOTIVES,11885,GHAZIABAD,11885-03-PLPO-0924-452,09-12-2024,SO Generated,STD,HHML Parts,K44446AAED230S,KIT WHEEL COMP FRONT,3,11893.44,30008,0-00-00,,,,0-00-00
11885 - AMAN AUTOMOTIVES,11885,GHAZIABAD,11885-03-PLPO-0924-452,09-12-2024,SO Generated,STD,HHML Parts,K44446AAFB000S,"KIT, WHEEL COMP. FRONT",1,3673.1,30008,0-00-00,,,,0-00-00
11885 - AMAN AUTOMOTIVES,11885,GHAZIABAD,11885-03-PLPO-0924-456,09-12-2024,SO Generated,STD,HHML Parts,11393KWK900S,GASKET R COVER,2,133.56,30008,09-12-2024,2,121.46,11885-03-PGRN-0924-559,9/15/2024
11885 - AMAN AUTOMOTIVES,11885,GHAZIABAD,11885-03-PLPO-0924-456,09-12-2024,SO Generated,STD,HHML Parts,11394AAH00099S,GASKET R CRANK CASE COVER,5,292.2,30008,09-12-2024,5,265.7,11885-03-PGRN-0924-559,9/15/2024
11885 - AMAN AUTOMOTIVES,11885,GHAZIABAD,11885-03-PLPO-0924-456,09-12-2024,SO Generated,STD,HHML Parts,11395AAH000S,GASKET L CRANK CASE COVER,3,175.32,30008,09-12-2024,3,159.42,11885-03-PGRN-0924-559,9/15/2024
11885 - AMAN AUTOMOTIVES,11885,GHAZIABAD,11885-03-PLPO-0924-456,09-12-2024,SO Generated,STD,HHML Parts,11395ACK01099S,GASKET L CRANK CASE COVER,15,563.55,30008,09-12-2024,15,512.4,11885-03-PGRN-0924-559,9/15/2024
11885 - AMAN AUTOMOTIVES,11885,GHAZIABAD,11885-03-PLPO-0924-456,09-12-2024,SO Generated,STD,HHML Parts,12100AANB00S,CYLINDER COMP,3,5848.23,30008,09-12-2024,3,5276.28,11885-03-PGRN-0924-559,9/15/2024
11885 - AMAN AUTOMOTIVES,11885,GHAZIABAD,11885-03-PLPO-0924-456,09-12-2024,SO Generated,STD,HHML Parts,12251AANB00S,GASKET CYLINDER HEAD,10,751.3,30008,09-12-2024,10,683.2,11885-03-PGRN-0924-559,9/15/2024
11885 - AMAN AUTOMOTIVES,11885,GHAZIABAD,11885-03-PLPO-0924-456,09-12-2024,SO Generated,STD,HHML Parts,12391AANB00S,GASKET HEAD COVER,10,208.7,30008,09-12-2024,10,189.8,11885-03-PGRN-0924-559,9/15/2024
11885 - AMAN AUTOMOTIVES,11885,GHAZIABAD,11885-03-PLPO-0924-456,09-12-2024,SO Generated,STD,HHML Parts,12391AANB01S,GASKET HEAD COVER,10,369.4,30008,09-12-2024,10,333.2,11885-03-PGRN-0924-559,9/15/2024
11885 - AMAN AUTOMOTIVES,11885,GHAZIABAD,11885-03-PLPO-0924-456,09-12-2024,SO Generated,STD,HHML Parts,12391ABW800S,GASKET HEAD COVER,5,271.3,30008,0-00-00,,,,0-00-00
11885 - AMAN AUTOMOTIVES,11885,GHAZIABAD,11885-03-PLPO-0924-456,09-12-2024,SO Generated,STD,HHML Parts,12395AAH00099S,GASKET CYL HEAD L SIDE COVER,30,375.6,30008,09-12-2024,30,341.7,11885-03-PGRN-0924-559,9/15/2024
11885 - AMAN AUTOMOTIVES,11885,GHAZIABAD,11885-03-PLPO-0924-456,09-12-2024,SO Generated,STD,HHML Parts,13011AAF00099S,"""KIT, RING PISTON STD""",5,1461.05,30008,09-12-2024,5,1318.15,11885-03-PGRN-0924-559,9/15/2024
11885 - AMAN AUTOMOTIVES,11885,GHAZIABAD,11885-03-PLPO-0924-456,09-12-2024,SO Generated,STD,HHML Parts,13101AAF00099S,PISTON,10,3037,30008,09-12-2024,5,1370,11885-03-PGRN-0924-559,9/15/2024
11885 - AMAN AUTOMOTIVES,11885,GHAZIABAD,11885-03-PLPO-0924-456,09-12-2024,SO Generated,STD,HHML Parts,13101AAF00099S,PISTON,10,3037,30008,9/17/2024,5,1370,11885-03-PGRN-0924-583,9/21/2024
11885 - AMAN AUTOMOTIVES,11885,GHAZIABAD,11885-03-PLPO-0924-456,09-12-2024,SO Generated,STD,HHML Parts,13111087000S,PIN PISTON,10,533.5,30008,09-12-2024,10,481.3,11885-03-PGRN-0924-559,9/15/2024
11885 - AMAN AUTOMOTIVES,11885,GHAZIABAD,11885-03-PLPO-0924-456,09-12-2024,SO Generated,STD,HHML Parts,14430AANB00S,ARM COMP IN VALVE ROCKER,1,212.59,30008,09-12-2024,1,191.8,11885-03-PGRN-0924-559,9/15/2024
11885 - AMAN AUTOMOTIVES,11885,GHAZIABAD,11885-03-PLPO-0924-456,09-12-2024,SO Generated,STD,HHML Parts,14430KST940S,ARM COMP VALVE ROCKER,6,1324.8,30008,9/17/2024,6,1195.2,11885-03-PGRN-0924-583,9/21/2024
11885 - AMAN AUTOMOTIVES,11885,GHAZIABAD,11885-03-PLPO-0924-456,09-12-2024,SO Generated,STD,HHML Parts,14610086000RS,ROLLAR COMP CAM CHAIN,10,751.3,30008,09-12-2024,10,683.2,11885-03-PGRN-0924-559,9/15/2024
11885 - AMAN AUTOMOTIVES,11885,GHAZIABAD,11885-03-PLPO-0924-456,09-12-2024,SO Generated,STD,HHML Parts,14711AANB00S,VALVE INLET,5,513,30008,9/17/2024,5,462.85,11885-03-PGRN-0924-583,9/21/2024
11885 - AMAN AUTOMOTIVES,11885,GHAZIABAD,11885-03-PLPO-0924-456,09-12-2024,SO Generated,STD,HHML Parts,15410AAF40099S,ELEMENT OIL FILTER,50,3255.5,30008,09-12-2024,50,2960.5,11885-03-PGRN-0924-559,9/15/2024
11885 - AMAN AUTOMOTIVES,11885,GHAZIABAD,11885-03-PLPO-0924-456,09-12-2024,SO Generated,STD,HHML Parts,15410ACA001S,OIL FILTER CARTRIDGE,10,751.3,30008,0-00-00,,,,0-00-00
11885 - AMAN AUTOMOTIVES,11885,GHAZIABAD,11885-03-PLPO-0924-456,09-12-2024,SO Generated,STD,HHML Parts,16400ACK421S,THROTTLE BODY ASSEMBLY,1,5556.84,30008,09-12-2024,1,5013.4,11885-03-PGRN-0924-559,9/15/2024
11885 - AMAN AUTOMOTIVES,11885,GHAZIABAD,11885-03-PLPO-0924-456,09-12-2024,SO Generated,STD,HHML Parts,16400ACKE10S,THROTTLE BODY ASSEMBLY,2,12443.38,30008,09-12-2024,2,11226.46,11885-03-PGRN-0924-559,9/15/2024
11885 - AMAN AUTOMOTIVES,11885,GHAZIABAD,11885-03-PLPO-0924-456,09-12-2024,SO Generated,STD,HHML Parts,16400ACL010S,THROTTLE BODY ASSEMBLY,1,6238.11,30008,9/18/2024,1,5628.04,11885-03-PGRN-0924-581,9/21/2024
11885 - AMAN AUTOMOTIVES,11885,GHAZIABAD,11885-03-PLPO-0924-456,09-12-2024,SO Generated,STD,HHML Parts,16450ACK000S,INJECTOR ASSY. FUEL,5,4924.8,30008,09-12-2024,5,4443.2,11885-03-PGRN-0924-559,9/15/2024
11885 - AMAN AUTOMOTIVES,11885,GHAZIABAD,11885-03-PLPO-0924-456,09-12-2024,SO Generated,STD,HHML Parts,16700AAF400S,UNIT ASSY FUEL PUMP,3,6699.3,30008,09-12-2024,3,6091.98,11885-03-PGRN-0924-559,9/15/2024
11885 - AMAN AUTOMOTIVES,11885,GHAZIABAD,11885-03-PLPO-0924-456,09-12-2024,SO Generated,STD,HHML Parts,16700AANB02S,UNIT ASSY FUEL PUMP (JH),1,3242.17,30008,09-12-2024,1,2925.1,11885-03-PGRN-0924-559,9/15/2024
11885 - AMAN AUTOMOTIVES,11885,GHAZIABAD,11885-03-PLPO-0924-456,09-12-2024,SO Generated,STD,HHML Parts,17208AABA00S,ELEMENT COMP AIR/C,40,4842,30008,09-12-2024,40,4402.8,11885-03-PGRN-0924-559,9/15/2024
11885 - AMAN AUTOMOTIVES,11885,GHAZIABAD,11885-03-PLPO-0924-456,09-12-2024,SO Generated,STD,HHML Parts,17208AAT00099S,HOLDER COMP ELEMENT,40,8208,30008,09-12-2024,40,7405.2,11885-03-PGRN-0924-559,9/15/2024
11885 - AMAN AUTOMOTIVES,11885,GHAZIABAD,11885-03-PLPO-0924-456,09-12-2024,SO Generated,STD,HHML Parts,17208AAW301S,HOLDER COMP ELEMENT,40,10017.6,30008,0-00-00,,,,0-00-00
11885 - AMAN AUTOMOTIVES,11885,GHAZIABAD,11885-03-PLPO-0924-456,09-12-2024,SO Generated,STD,HHML Parts,17910AAGA00S,CABLE COMP THROTTLE,8,853.6,30008,0-00-00,,,,0-00-00
11885 - AMAN AUTOMOTIVES,11885,GHAZIABAD,11885-03-PLPO-0924-456,09-12-2024,SO Generated,STD,HHML Parts,17910ABH00099S,CABLE COMP THROTTLE,10,1682.6,30008,0-00-00,,,,0-00-00
11885 - AMAN AUTOMOTIVES,11885,GHAZIABAD,11885-03-PLPO-0924-456,09-12-2024,SO Generated,STD,HHML Parts,17910ABS00099S,CABLE COMP. THROTTLE,3,701.79,30008,0-00-00,,,,0-00-00
11885 - AMAN AUTOMOTIVES,11885,GHAZIABAD,11885-03-PLPO-0924-456,09-12-2024,SO Generated,STD,HHML Parts,17910ABZ000S,CABLE COMP THROTTLE,1,94.39,30008,09-12-2024,1,85.16,11885-03-PGRN-0924-559,9/15/2024
11885 - AMAN AUTOMOTIVES,11885,GHAZIABAD,11885-03-PLPO-0924-456,09-12-2024,SO Generated,STD,HHML Parts,17910ABZB00S,CABLE COMP THROTTLE,2,188.78,30008,09-12-2024,2,170.32,11885-03-PGRN-0924-559,9/15/2024
11885 - AMAN AUTOMOTIVES,11885,GHAZIABAD,11885-03-PLPO-0924-456,09-12-2024,SO Generated,STD,HHML Parts,17910KWA940S,CABLE COMP. THROT,5,418.6,30008,09-12-2024,5,377.65,11885-03-PGRN-0924-559,9/15/2024
11885 - AMAN AUTOMOTIVES,11885,GHAZIABAD,11885-03-PLPO-0924-456,09-12-2024,SO Generated,STD,HHML Parts,17910KWH970S,CABLE COMP THROT,10,820.8,30008,9/17/2024,1,74.05,11885-03-PGRN-0924-583,9/21/2024
11885 - AMAN AUTOMOTIVES,11885,GHAZIABAD,11885-03-PLPO-0924-456,09-12-2024,SO Generated,STD,HHML Parts,17910KWH970S,CABLE COMP THROT,10,820.8,30008,9/18/2024,9,666.45,11885-03-PGRN-0924-581,9/21/2024
11885 - AMAN AUTOMOTIVES,11885,GHAZIABAD,11885-03-PLPO-0924-456,09-12-2024,SO Generated,STD,HHML Parts,18291KTC900S,GASKET EXHAUST PIPE,30,250.5,30008,09-12-2024,30,227.7,11885-03-PGRN-0924-559,9/15/2024
11885 - AMAN AUTOMOTIVES,11885,GHAZIABAD,11885-03-PLPO-0924-456,09-12-2024,SO Generated,STD,HHML Parts,18331ACK000S,COVER CAT PROTECTOR,3,364.44,30008,09-12-2024,3,328.8,11885-03-PGRN-0924-559,9/15/2024
11885 - AMAN AUTOMOTIVES,11885,GHAZIABAD,11885-03-PLPO-0924-456,09-12-2024,SO Generated,STD,HHML Parts,18645MT4730S,GASKET AIR FEED PIPE,10,41.7,30008,09-12-2024,10,38,11885-03-PGRN-0924-559,9/15/2024
11885 - AMAN AUTOMOTIVES,11885,GHAZIABAD,11885-03-PLPO-0924-456,09-12-2024,SO Generated,STD,HHML Parts,22870ABWB00S,"CABLE COMP, CLUTCH",2,244.6,30008,09-12-2024,2,220.68,11885-03-PGRN-0924-559,9/15/2024
11885 - AMAN AUTOMOTIVES,11885,GHAZIABAD,11885-03-PLPO-0924-456,09-12-2024,SO Generated,STD,HHML Parts,22870ABZ000S,CABLE COMP CLUTCH,1,105.06,30008,09-12-2024,1,94.79,11885-03-PGRN-0924-559,9/15/2024
11885 - AMAN AUTOMOTIVES,11885,GHAZIABAD,11885-03-PLPO-0924-456,09-12-2024,SO Generated,STD,HHML Parts,22870KTCA00S,CABLE COMP CLUTCH,3,253.62,30008,09-12-2024,3,228.81,11885-03-PGRN-0924-559,9/15/2024
11885 - AMAN AUTOMOTIVES,11885,GHAZIABAD,11885-03-PLPO-0924-456,09-12-2024,SO Generated,STD,HHML Parts,22K130LS,CAM.CHAIN KIT,10,3756.6,30008,09-12-2024,10,3416.1,11885-03-PGRN-0924-559,9/15/2024
11885 - AMAN AUTOMOTIVES,11885,GHAZIABAD,11885-03-PLPO-0924-456,09-12-2024,SO Generated,STD,HHML Parts,28110ACK010S,SPROCKET COMP STARTING,1,426.82,30008,09-12-2024,1,385.08,11885-03-PGRN-0924-559,9/15/2024
11885 - AMAN AUTOMOTIVES,11885,GHAZIABAD,11885-03-PLPO-0924-456,09-12-2024,SO Generated,STD,HHML Parts,28120KTRA00AS,ASSY. ONEWAY CLUTCH,2,1001.76,30008,09-12-2024,2,910.94,11885-03-PGRN-0924-559,9/15/2024
11885 - AMAN AUTOMOTIVES,11885,GHAZIABAD,11885-03-PLPO-0924-456,09-12-2024,SO Generated,STD,HHML Parts,30510AAE30099S,COIL COMP IGNITION,3,738.72,30008,0-00-00,,,,0-00-00
11885 - AMAN AUTOMOTIVES,11885,GHAZIABAD,11885-03-PLPO-0924-456,09-12-2024,SO Generated,STD,HHML Parts,31120AAEB01S,STATOR COMP,2,1567.74,30008,09-12-2024,2,1414.42,11885-03-PGRN-0924-559,9/15/2024
11885 - AMAN AUTOMOTIVES,11885,GHAZIABAD,11885-03-PLPO-0924-456,09-12-2024,SO Generated,STD,HHML Parts,31120AAEB02S,STATOR COMP,2,1981.42,30008,09-12-2024,2,1787.64,11885-03-PGRN-0924-559,9/15/2024
11885 - AMAN AUTOMOTIVES,11885,GHAZIABAD,11885-03-PLPO-0924-456,09-12-2024,SO Generated,STD,HHML Parts,31600AAW00099S,REG RECT ASSY,1,513.4,30008,09-12-2024,1,466.86,11885-03-PGRN-0924-559,9/15/2024
11885 - AMAN AUTOMOTIVES,11885,GHAZIABAD,11885-03-PLPO-0924-456,09-12-2024,SO Generated,STD,HHML Parts,31916ACL001S,SPARK PLUG,10,1190.2,30008,09-12-2024,10,1073.8,11885-03-PGRN-0924-559,9/15/2024
11885 - AMAN AUTOMOTIVES,11885,GHAZIABAD,11885-03-PLPO-0924-456,09-12-2024,SO Generated,STD,HHML Parts,32100AAEC10S,HARNESS WIRE,2,5008.82,30008,09-12-2024,2,4554.74,11885-03-PGRN-0924-559,9/15/2024
11885 - AMAN AUTOMOTIVES,11885,GHAZIABAD,11885-03-PLPO-0924-456,09-12-2024,SO Generated,STD,HHML Parts,32100ADH210S,WIRE HARNESS,1,2391.71,30008,09-12-2024,1,2174.89,11885-03-PGRN-0924-559,9/15/2024
11885 - AMAN AUTOMOTIVES,11885,GHAZIABAD,11885-03-PLPO-0924-456,09-12-2024,SO Generated,STD,HHML Parts,33100ABH501S,LIGHT ASSY HEAD,1,2617.11,30008,09-12-2024,1,2379.85,11885-03-PGRN-0924-559,9/15/2024
11885 - AMAN AUTOMOTIVES,11885,GHAZIABAD,11885-03-PLPO-0924-456,09-12-2024,SO Generated,STD,HHML Parts,3360BAAJ101S,WINKER ASSY R RR(W/O BULB),5,730.45,30008,09-12-2024,5,664.25,11885-03-PGRN-0924-559,9/15/2024
11885 - AMAN AUTOMOTIVES,11885,GHAZIABAD,11885-03-PLPO-0924-456,09-12-2024,SO Generated,STD,HHML Parts,3365BAAJ101S,WINKER ASSY L RR(W/O BULB),5,730.45,30008,09-12-2024,5,664.25,11885-03-PGRN-0924-559,9/15/2024
11885 - AMAN AUTOMOTIVES,11885,GHAZIABAD,11885-03-PLPO-0924-456,09-12-2024,SO Generated,STD,HHML Parts,33701KST930S,UNIT TAIL LIGHT (W/O BULB),1,300.53,30008,09-12-2024,1,273.28,11885-03-PGRN-0924-559,9/15/2024
11885 - AMAN AUTOMOTIVES,11885,GHAZIABAD,11885-03-PLPO-0924-456,09-12-2024,SO Generated,STD,HHML Parts,3370BAAGA0099S,UNIT TAIL LIGHT,2,851.5,30008,09-12-2024,2,774.3,11885-03-PGRN-0924-559,9/15/2024
11885 - AMAN AUTOMOTIVES,11885,GHAZIABAD,11885-03-PLPO-0924-456,09-12-2024,SO Generated,STD,HHML Parts,35010AAW000S,"KIT, LOCKS & KEYS",3,5010.21,30008,0-00-00,,,,0-00-00
11885 - AMAN AUTOMOTIVES,11885,GHAZIABAD,11885-03-PLPO-0924-456,09-12-2024,SO Generated,STD,HHML Parts,35010ABS00099S,"KIT, LOCKS & KEYS",3,1890.84,30008,9/17/2024,3,1719.42,11885-03-PGRN-0924-583,9/21/2024
11885 - AMAN AUTOMOTIVES,11885,GHAZIABAD,11885-03-PLPO-0924-456,09-12-2024,SO Generated,STD,HHML Parts,35130ABH502S,MAGNET HOLDER,5,316,30008,0-00-00,,,,0-00-00
11885 - AMAN AUTOMOTIVES,11885,GHAZIABAD,11885-03-PLPO-0924-456,09-12-2024,SO Generated,STD,HHML Parts,35340KST950S,SW ASSEMBLY FRONT STOP,20,751.4,30008,09-12-2024,20,683.2,11885-03-PGRN-0924-559,9/15/2024
11885 - AMAN AUTOMOTIVES,11885,GHAZIABAD,11885-03-PLPO-0924-456,09-12-2024,SO Generated,STD,HHML Parts,35350KWA940S,SWITCH ASSEMBLY REAR STOP (SELF),5,313.05,30008,0-00-00,,,,0-00-00
11885 - AMAN AUTOMOTIVES,11885,GHAZIABAD,11885-03-PLPO-0924-456,09-12-2024,SO Generated,STD,HHML Parts,35750001000S,CONTACT ASSEMBLY NEUTRAL,3,125.22,30008,09-12-2024,3,113.88,11885-03-PGRN-0924-559,9/15/2024
11885 - AMAN AUTOMOTIVES,11885,GHAZIABAD,11885-03-PLPO-0924-456,09-12-2024,SO Generated,STD,HHML Parts,35753035010S,ROTOR NEUTRAL SWITCH,100,1231,30008,09-12-2024,100,1111,11885-03-PGRN-0924-559,9/15/2024
11885 - AMAN AUTOMOTIVES,11885,GHAZIABAD,11885-03-PLPO-0924-456,09-12-2024,SO Generated,STD,HHML Parts,37100AAE30099S,METER ASSY COMB,1,1046.52,30008,09-12-2024,1,944.18,11885-03-PGRN-0924-559,9/15/2024
11885 - AMAN AUTOMOTIVES,11885,GHAZIABAD,11885-03-PLPO-0924-456,09-12-2024,SO Generated,STD,HHML Parts,37112ACL001S,LOWER CASE ASSEMBLY,1,123.12,30008,9/17/2024,1,111.08,11885-03-PGRN-0924-583,9/21/2024
11885 - AMAN AUTOMOTIVES,11885,GHAZIABAD,11885-03-PLPO-0924-456,09-12-2024,SO Generated,STD,HHML Parts,37210ACK01099S,SPEEDOMETER COMP,2,550.98,30008,09-12-2024,2,501.02,11885-03-PGRN-0924-559,9/15/2024
11885 - AMAN AUTOMOTIVES,11885,GHAZIABAD,11885-03-PLPO-0924-456,09-12-2024,SO Generated,STD,HHML Parts,37610AAE102S,CASE UPPER ASSY,5,689.45,30008,09-12-2024,5,622.05,11885-03-PGRN-0924-559,9/15/2024
11885 - AMAN AUTOMOTIVES,11885,GHAZIABAD,11885-03-PLPO-0924-456,09-12-2024,SO Generated,STD,HHML Parts,37800AAE30099S,UNIT ASSY FUEL,3,939.15,30008,09-12-2024,3,854.01,11885-03-PGRN-0924-559,9/15/2024
11885 - AMAN AUTOMOTIVES,11885,GHAZIABAD,11885-03-PLPO-0924-456,09-12-2024,SO Generated,STD,HHML Parts,37800AAW00099S,UNIT ASSY FUEL,2,442.44,30008,09-12-2024,2,402.34,11885-03-PGRN-0924-559,9/15/2024
11885 - AMAN AUTOMOTIVES,11885,GHAZIABAD,11885-03-PLPO-0924-456,09-12-2024,SO Generated,STD,HHML Parts,37800AAW501S,UNIT ASSY FUEL,1,242.14,30008,9/17/2024,1,218.46,11885-03-PGRN-0924-583,9/21/2024
11885 - AMAN AUTOMOTIVES,11885,GHAZIABAD,11885-03-PLPO-0924-456,09-12-2024,SO Generated,STD,HHML Parts,37800ACK00099S,UNIT ASSY FUEL,1,242.09,30008,09-12-2024,1,220.15,11885-03-PGRN-0924-559,9/15/2024
11885 - AMAN AUTOMOTIVES,11885,GHAZIABAD,11885-03-PLPO-0924-456,09-12-2024,SO Generated,STD,HHML Parts,38110AAE001S,HORN COMP,10,1502.6,30008,09-12-2024,10,1366.4,11885-03-PGRN-0924-559,9/15/2024
11885 - AMAN AUTOMOTIVES,11885,GHAZIABAD,11885-03-PLPO-0924-456,09-12-2024,SO Generated,STD,HHML Parts,38301AAE20099S,RELAY COMP WINKER,10,918.3,30008,0-00-00,,,,0-00-00
11885 - AMAN AUTOMOTIVES,11885,GHAZIABAD,11885-03-PLPO-0924-456,09-12-2024,SO Generated,STD,HHML Parts,38501AAW30099S,RELAY COMP START,5,646.95,30008,09-12-2024,5,588.3,11885-03-PGRN-0924-559,9/15/2024
11885 - AMAN AUTOMOTIVES,11885,GHAZIABAD,11885-03-PLPO-0924-456,09-12-2024,SO Generated,STD,HHML Parts,38551AAW501S,RELAY COMP. POWER(MICRO ISO 4P),5,467.5,30008,09-12-2024,5,425.1,11885-03-PGRN-0924-559,9/15/2024
11885 - AMAN AUTOMOTIVES,11885,GHAZIABAD,11885-03-PLPO-0924-456,09-12-2024,SO Generated,STD,HHML Parts,38770AAEC11S,UNIT COMPLETE ECU,1,3840.1,30008,09-12-2024,1,3491.97,11885-03-PGRN-0924-559,9/15/2024
11885 - AMAN AUTOMOTIVES,11885,GHAZIABAD,11885-03-PLPO-0924-456,09-12-2024,SO Generated,STD,HHML Parts,40545001000S,CAP CHAIN PEEP HOLE,100,751,30008,09-12-2024,100,683,11885-03-PGRN-0924-559,9/15/2024
11885 - AMAN AUTOMOTIVES,11885,GHAZIABAD,11885-03-PLPO-0924-456,09-12-2024,SO Generated,STD,HHML Parts,41241AACB00S,DAMPER REAR WHEEL,12,270.48,30008,09-12-2024,12,246,11885-03-PGRN-0924-559,9/15/2024
11885 - AMAN AUTOMOTIVES,11885,GHAZIABAD,11885-03-PLPO-0924-456,09-12-2024,SO Generated,STD,HHML Parts,41241ABZ000S,DAMPER REAR WHEEL,12,320.52,30008,0-00-00,,,,0-00-00
11885 - AMAN AUTOMOTIVES,11885,GHAZIABAD,11885-03-PLPO-0924-456,09-12-2024,SO Generated,STD,HHML Parts,42303KCC600S,SLEEVE.REAR WHEEL,10,467.5,30008,09-12-2024,10,425.1,11885-03-PGRN-0924-559,9/15/2024
11885 - AMAN AUTOMOTIVES,11885,GHAZIABAD,11885-03-PLPO-0924-456,09-12-2024,SO Generated,STD,HHML Parts,44830AAJ000S,CABLE COMP. SPDMT.,10,829,30008,09-12-2024,10,747.9,11885-03-PGRN-0924-559,9/15/2024
11885 - AMAN AUTOMOTIVES,11885,GHAZIABAD,11885-03-PLPO-0924-456,09-12-2024,SO Generated,STD,HHML Parts,44830KTP900S,CABLE COMP.SPDMT.,5,492.5,30008,09-12-2024,5,444.3,11885-03-PGRN-0924-559,9/15/2024
11885 - AMAN AUTOMOTIVES,11885,GHAZIABAD,11885-03-PLPO-0924-456,09-12-2024,SO Generated,STD,HHML Parts,44830KWA910S,CABLE COMP. SPDMT,50,4309,30008,09-12-2024,50,3888,11885-03-PGRN-0924-559,9/15/2024
11885 - AMAN AUTOMOTIVES,11885,GHAZIABAD,11885-03-PLPO-0924-456,09-12-2024,SO Generated,STD,HHML Parts,45450AAHF00S,CABLE COMP. COMBI BRAKE,2,548.3,30008,09-12-2024,2,494.68,11885-03-PGRN-0924-559,9/15/2024
11885 - AMAN AUTOMOTIVES,11885,GHAZIABAD,11885-03-PLPO-0924-456,09-12-2024,SO Generated,STD,HHML Parts,45475AAHF00S,CABLE COMP FR BRAKE,15,2277.75,30008,9/17/2024,15,2055,11885-03-PGRN-0924-583,9/21/2024
11885 - AMAN AUTOMOTIVES,11885,GHAZIABAD,11885-03-PLPO-0924-456,09-12-2024,SO Generated,STD,HHML Parts,45475AAT200S,CABLE COMP FR BRAKE,15,1920.75,30008,9/17/2024,15,1732.8,11885-03-PGRN-0924-583,9/21/2024
11885 - AMAN AUTOMOTIVES,11885,GHAZIABAD,11885-03-PLPO-0924-456,09-12-2024,SO Generated,STD,HHML Parts,46518AAEB00S,PEDAL BUSH,10,295.5,30008,09-12-2024,10,266.6,11885-03-PGRN-0924-559,9/15/2024
11885 - AMAN AUTOMOTIVES,11885,GHAZIABAD,11885-03-PLPO-0924-456,09-12-2024,SO Generated,STD,HHML Parts,46544AAEB00S,REAR BRAKE PEDAL & ROD SUB ASSEMBLY,4,3102.64,30008,09-12-2024,4,2799.2,11885-03-PGRN-0924-559,9/15/2024
11885 - AMAN AUTOMOTIVES,11885,GHAZIABAD,11885-03-PLPO-0924-456,09-12-2024,SO Generated,STD,HHML Parts,53100ACL000S,PIPE STEERING HANDLE,2,656.64,30008,9/17/2024,2,592.42,11885-03-PGRN-0924-583,9/21/2024
11885 - AMAN AUTOMOTIVES,11885,GHAZIABAD,11885-03-PLPO-0924-456,09-12-2024,SO Generated,STD,HHML Parts,53105KRC900S,END STEERING HANDLE,5,69.75,30008,09-12-2024,5,62.95,11885-03-PGRN-0924-559,9/15/2024
11885 - AMAN AUTOMOTIVES,11885,GHAZIABAD,11885-03-PLPO-0924-456,09-12-2024,SO Generated,STD,HHML Parts,53155AAW000S,END STEERING HANDLE,30,344.7,30008,9/17/2024,30,311.1,11885-03-PGRN-0924-583,9/21/2024
11885 - AMAN AUTOMOTIVES,11885,GHAZIABAD,11885-03-PLPO-0924-456,09-12-2024,SO Generated,STD,HHML Parts,53168AAW000S,HOUSING UND.THROTTLE,5,656.65,30008,09-12-2024,5,592.45,11885-03-PGRN-0924-559,9/15/2024
11885 - AMAN AUTOMOTIVES,11885,GHAZIABAD,11885-03-PLPO-0924-456,09-12-2024,SO Generated,STD,HHML Parts,53171KCC900S,COVER R.HANDLE LEVER,20,279,30008,09-12-2024,20,251.8,11885-03-PGRN-0924-559,9/15/2024
11885 - AMAN AUTOMOTIVES,11885,GHAZIABAD,11885-03-PLPO-0924-456,09-12-2024,SO Generated,STD,HHML Parts,53173KTRA20S,BRACKET RIGHT HANDLE LEVER,10,755.1,30008,0-00-00,,,,0-00-00
11885 - AMAN AUTOMOTIVES,11885,GHAZIABAD,11885-03-PLPO-0924-456,09-12-2024,SO Generated,STD,HHML Parts,53175KSP900S,LEVER R STRG.HNDL.,10,1026,30008,9/17/2024,10,925.7,11885-03-PGRN-0924-583,9/21/2024
11885 - AMAN AUTOMOTIVES,11885,GHAZIABAD,11885-03-PLPO-0924-456,09-12-2024,SO Generated,STD,HHML Parts,53178AAFH00S,LEVER COMP.L STRG.HNDL.,50,3693.5,30008,0-00-00,,,,0-00-00
11885 - AMAN AUTOMOTIVES,11885,GHAZIABAD,11885-03-PLPO-0924-456,09-12-2024,SO Generated,STD,HHML Parts,53178KFN850S,LEVER COMP. L. HANDLE,5,439.15,30008,0-00-00,,,,0-00-00
11885 - AMAN AUTOMOTIVES,11885,GHAZIABAD,11885-03-PLPO-0924-456,09-12-2024,SO Generated,STD,HHML Parts,53179KTC900S,COVER L HANDLE LEVER,20,394,30008,09-12-2024,20,355.4,11885-03-PGRN-0924-559,9/15/2024
11885 - AMAN AUTOMOTIVES,11885,GHAZIABAD,11885-03-PLPO-0924-456,09-12-2024,SO Generated,STD,HHML Parts,53200AAE300S,STEM COMP STRG,3,2265.42,30008,09-12-2024,3,2043.87,11885-03-PGRN-0924-559,9/15/2024
11885 - AMAN AUTOMOTIVES,11885,GHAZIABAD,11885-03-PLPO-0924-456,09-12-2024,SO Generated,STD,HHML Parts,53200AAE940S,STEM COMPLETE STEERING,1,763.35,30008,9/17/2024,1,688.69,11885-03-PGRN-0924-583,9/21/2024
11885 - AMAN AUTOMOTIVES,11885,GHAZIABAD,11885-03-PLPO-0924-456,09-12-2024,SO Generated,STD,HHML Parts,61000ADH700CS,FRONT FENDER MAT AXIS GRAY METALLIC,5,4391.3,30008,9/17/2024,5,3961.85,11885-03-PGRN-0924-583,9/21/2024
11885 - AMAN AUTOMOTIVES,11885,GHAZIABAD,11885-03-PLPO-0924-456,09-12-2024,SO Generated,STD,HHML Parts,61322AAC800YS,SIDE COVER R FR COWL BLACK NH 1,2,500.7,30008,09-12-2024,2,451.72,11885-03-PGRN-0924-559,9/15/2024
11885 - AMAN AUTOMOTIVES,11885,GHAZIABAD,11885-03-PLPO-0924-456,09-12-2024,SO Generated,STD,HHML Parts,61323AAC800YS,SIDE COVER L FR COWL BLACK NH 1,2,500.7,30008,09-12-2024,2,451.72,11885-03-PGRN-0924-559,9/15/2024
11885 - AMAN AUTOMOTIVES,11885,GHAZIABAD,11885-03-PLPO-0924-456,09-12-2024,SO Generated,STD,HHML Parts,64305ABS000RS,COVER FR UPPER PBM (NH-B08M),1,1272.25,30008,09-12-2024,1,1147.82,11885-03-PGRN-0924-559,9/15/2024
11885 - AMAN AUTOMOTIVES,11885,GHAZIABAD,11885-03-PLPO-0924-456,09-12-2024,SO Generated,STD,HHML Parts,80100AAE300S,FENDER COMPLETE REAR,5,4186.1,30008,09-12-2024,5,3776.7,11885-03-PGRN-0924-559,9/15/2024
11885 - AMAN AUTOMOTIVES,11885,GHAZIABAD,11885-03-PLPO-0924-456,09-12-2024,SO Generated,STD,HHML Parts,83400ACK001RS,FRONT VISOR (BLACK NH-1) TYPE-1,3,1760.61,30008,09-12-2024,3,1588.44,11885-03-PGRN-0924-559,9/15/2024
11885 - AMAN AUTOMOTIVES,11885,GHAZIABAD,11885-03-PLPO-0924-456,09-12-2024,SO Generated,STD,HHML Parts,83400ACK410TS,FRONT VISOR NH-1(T3),2,1247.62,30008,09-12-2024,2,1125.6,11885-03-PGRN-0924-559,9/15/2024
11885 - AMAN AUTOMOTIVES,11885,GHAZIABAD,11885-03-PLPO-0924-456,09-12-2024,SO Generated,STD,HHML Parts,83402AAE710S,PANEL INNER,5,1243.5,30008,09-12-2024,5,1121.9,11885-03-PGRN-0924-559,9/15/2024
11885 - AMAN AUTOMOTIVES,11885,GHAZIABAD,11885-03-PLPO-0924-456,09-12-2024,SO Generated,STD,HHML Parts,83403KCC830S,CUSHION SEAL VISOR FRONT,100,2170,30008,09-12-2024,100,1974,11885-03-PGRN-0924-559,9/15/2024
11885 - AMAN AUTOMOTIVES,11885,GHAZIABAD,11885-03-PLPO-0924-456,09-12-2024,SO Generated,STD,HHML Parts,91202302010S,OIL SEAL13.8X24X5,30,450.9,30008,09-12-2024,30,409.8,11885-03-PGRN-0924-559,9/15/2024
11885 - AMAN AUTOMOTIVES,11885,GHAZIABAD,11885-03-PLPO-0924-456,09-12-2024,SO Generated,STD,HHML Parts,91202KTP900S,OIL SEAL 20.8X52X6,10,350.6,30008,09-12-2024,10,318.8,11885-03-PGRN-0924-559,9/15/2024
11885 - AMAN AUTOMOTIVES,11885,GHAZIABAD,11885-03-PLPO-0924-456,09-12-2024,SO Generated,STD,HHML Parts,91443AAF400S,"SEAL,COVER OIL FILTER",60,601.2,30008,9/17/2024,10,91.1,11885-03-PGRN-0924-583,9/21/2024
11885 - AMAN AUTOMOTIVES,11885,GHAZIABAD,11885-03-PLPO-0924-456,09-12-2024,SO Generated,STD,HHML Parts,961006203010S,BARING BALL RADIAL 6203,2,163.62,30008,09-12-2024,2,148.78,11885-03-PGRN-0924-559,9/15/2024
11885 - AMAN AUTOMOTIVES,11885,GHAZIABAD,11885-03-PLPO-0924-456,09-12-2024,SO Generated,STD,HHML Parts,9820031000S,BLADE FUSE 10 A,40,200.4,30008,0-00-00,,,,0-00-00
11885 - AMAN AUTOMOTIVES,11885,GHAZIABAD,11885-03-PLPO-0924-456,09-12-2024,SO Generated,STD,HHML Parts,9820031500S,BLADE FUSE 15 A,30,275.4,30008,0-00-00,,,,0-00-00
11885 - AMAN AUTOMOTIVES,11885,GHAZIABAD,11885-03-PLPO-0924-456,09-12-2024,SO Generated,STD,HHML Parts,K14144AACK000S,KIT CAM CHAIN,10,3611.5,30008,09-12-2024,10,3258.3,11885-03-PGRN-0924-559,9/15/2024
11885 - AMAN AUTOMOTIVES,11885,GHAZIABAD,11885-03-PLPO-0924-456,09-12-2024,SO Generated,STD,HHML Parts,K14144AANNB00S,CAM CHAIN KIT,2,960.34,30008,09-12-2024,1,433.21,11885-03-PGRN-0924-559,9/15/2024
11885 - AMAN AUTOMOTIVES,11885,GHAZIABAD,11885-03-PLPO-0924-456,09-12-2024,SO Generated,STD,HHML Parts,K14144AANNB00S,CAM CHAIN KIT,2,960.34,30008,9/17/2024,1,433.21,11885-03-PGRN-0924-583,9/21/2024
11885 - AMAN AUTOMOTIVES,11885,GHAZIABAD,11885-03-PLPO-0924-456,09-12-2024,SO Generated,STD,HHML Parts,K41412ABZA000S,CHAIN SPROCKET KIT,2,2930.26,30008,0-00-00,,,,0-00-00
11885 - AMAN AUTOMOTIVES,11885,GHAZIABAD,11885-03-PLPO-0924-456,09-12-2024,SO Generated,STD,HHML Parts,K42426AAED230S,KIT WHEEL COMP REAR,2,8856.46,30008,0-00-00,,,,0-00-00
11885 - AMAN AUTOMOTIVES,11885,GHAZIABAD,11885-03-PLPO-0924-456,09-12-2024,SO Generated,STD,HHML Parts,K44446AAED230S,KIT WHEEL COMP FRONT,3,11893.44,30008,0-00-00,,,,0-00-00
11885 - AMAN AUTOMOTIVES,11885,GHAZIABAD,11885-03-PLPO-0924-457,09-12-2024,SO Generated,STD,HHML Parts,31120AAEB01S,STATOR COMP,1,783.87,23061,09-12-2024,1,783.87,11885-03-PGRN-0924-536,09-12-2024
11885 - AMAN AUTOMOTIVES,11885,GHAZIABAD,11885-03-PLPO-0924-457,09-12-2024,SO Generated,STD,HHML Parts,46544AAEB00S,REAR BRAKE PEDAL & ROD SUB ASSEMBLY,1,775.66,23061,0-00-00,,,,0-00-00
11885 - AMAN AUTOMOTIVES,11885,GHAZIABAD,11885-03-PLPO-0924-457,09-12-2024,SO Generated,STD,HHML Parts,53175KSP900S,LEVER R STRG.HNDL.,1,102.6,23061,09-12-2024,1,102.6,11885-03-PGRN-0924-536,09-12-2024
11885 - AMAN AUTOMOTIVES,11885,GHAZIABAD,11885-03-PLPO-0924-458,09-12-2024,SO Generated,VOR,HHML Parts,12101AAWB00S,CYLINDER BLOCK,1,1391.26,30008,9/13/2024,1,1255.2,11885-03-PGRN-0924-561,9/15/2024
11885 - AMAN AUTOMOTIVES,11885,GHAZIABAD,11885-03-PLPO-0924-459,9/13/2024,SO Generated,STD,HHML Parts,61323AAC800YS,SIDE COVER L FR COWL BLACK NH 1,1,250.35,11315,9/13/2024,1,250.35,11885-03-PGRN-0924-537,9/13/2024
11885 - AMAN AUTOMOTIVES,11885,GHAZIABAD,11885-03-PLPO-0924-461,9/14/2024,SO Generated,VOR,HHML Parts,23220AABA00S,SHAFT COMPLETE COUNTER,1,537.63,30008,9/18/2024,1,485.05,11885-03-PGRN-0924-574,9/19/2024
11885 - AMAN AUTOMOTIVES,11885,GHAZIABAD,11885-03-PLPO-0924-461,9/14/2024,SO Generated,VOR,HHML Parts,3365BABW001S,WINKER ASSY L RR,1,118.54,30008,9/18/2024,1,107.8,11885-03-PGRN-0924-574,9/19/2024
11885 - AMAN AUTOMOTIVES,11885,GHAZIABAD,11885-03-PLPO-0924-461,9/14/2024,SO Generated,VOR,HHML Parts,50530ABW110S,BAR COMP SIDE STAND,1,180.58,30008,9/18/2024,1,162.92,11885-03-PGRN-0924-574,9/19/2024
11885 - AMAN AUTOMOTIVES,11885,GHAZIABAD,11885-03-PLPO-0924-461,9/14/2024,SO Generated,VOR,HHML Parts,50600ABWL00S,HOLDER RIGHT RIDER STEP,1,392.34,30008,9/18/2024,1,353.97,11885-03-PGRN-0924-578,9/21/2024
11885 - AMAN AUTOMOTIVES,11885,GHAZIABAD,11885-03-PLPO-0924-461,9/14/2024,SO Generated,VOR,HHML Parts,5061AABWL00S,FOOTPEG ASSEMBLY RIGHT,1,90.29,30008,9/16/2024,1,81.46,11885-03-PGRN-0924-564,9/19/2024
11885 - AMAN AUTOMOTIVES,11885,GHAZIABAD,11885-03-PLPO-0924-461,9/14/2024,SO Generated,VOR,HHML Parts,50639ABW000S,"""PIN, FOOTPEG""",1,9.18,30008,9/16/2024,1,8.35,11885-03-PGRN-0924-564,9/19/2024
11885 - AMAN AUTOMOTIVES,11885,GHAZIABAD,11885-03-PLPO-0924-461,9/14/2024,SO Generated,VOR,HHML Parts,50647ABW900S,FOOT PEG RUBBER RH ASSY,1,55.1,30008,9/16/2024,1,50.1,11885-03-PGRN-0924-564,9/19/2024
11885 - AMAN AUTOMOTIVES,11885,GHAZIABAD,11885-03-PLPO-0924-461,9/14/2024,SO Generated,VOR,HHML Parts,53205AAW000VS,COV. HANDLE FR(CBR(R-195C),1,669.78,30008,9/16/2024,1,604.27,11885-03-PGRN-0924-564,9/19/2024
11885 - AMAN AUTOMOTIVES,11885,GHAZIABAD,11885-03-PLPO-0924-461,9/14/2024,SO Generated,VOR,HHML Parts,53205KZN900ZCS,COVER HANDLE FR(PBM NH-B),1,691.12,30008,9/19/2024,1,623.53,11885-03-PGRN-0924-591,9/22/2024
11885 - AMAN AUTOMOTIVES,11885,GHAZIABAD,11885-03-PLPO-0924-461,9/14/2024,SO Generated,VOR,HHML Parts,61000ADH700CS,FRONT FENDER MAT AXIS GRAY METALLIC,1,878.26,30008,9/18/2024,1,792.37,11885-03-PGRN-0924-574,9/19/2024
11885 - AMAN AUTOMOTIVES,11885,GHAZIABAD,11885-03-PLPO-0924-461,9/14/2024,SO Generated,VOR,HHML Parts,80100ABZH00ZS,REAR FENDER B(NH-105),1,221.62,30008,9/16/2024,1,199.94,11885-03-PGRN-0924-564,9/19/2024
11885 - AMAN AUTOMOTIVES,11885,GHAZIABAD,11885-03-PLPO-0924-461,9/14/2024,SO Generated,VOR,HHML Parts,83600AAH100SS,L SIDE COVER(BLACK NH-1(TYPE-2),1,480.17,30008,9/16/2024,1,433.21,11885-03-PGRN-0924-564,9/19/2024
11885 - AMAN AUTOMOTIVES,11885,GHAZIABAD,11885-03-PLPO-0924-462,9/14/2024,SO Generated,STD,HHML Parts,31120ABS201S,STATOR COMP,1,886.47,11864,0-00-00,,,,0-00-00
11885 - AMAN AUTOMOTIVES,11885,GHAZIABAD,11885-03-PLPO-0924-462,9/14/2024,SO Generated,STD,HHML Parts,35330413003S,SWITCH COMPLETE FRONT LEVER,5,129.4,11864,0-00-00,,,,0-00-00
11885 - AMAN AUTOMOTIVES,11885,GHAZIABAD,11885-03-PLPO-0924-462,9/14/2024,SO Generated,STD,HHML Parts,61000AAGA00TS,FRONT FENDER NH-194M-U,1,968.55,11864,0-00-00,,,,0-00-00
11885 - AMAN AUTOMOTIVES,11885,GHAZIABAD,11885-03-PLPO-0924-462,9/14/2024,SO Generated,STD,HHML Parts,64320AALD20TS,COVER R FLOOR SIDE MAT BLACK NH 105,1,295.49,11864,0-00-00,,,,0-00-00
11885 - AMAN AUTOMOTIVES,11885,GHAZIABAD,11885-03-PLPO-0924-462,9/14/2024,SO Generated,STD,HHML Parts,64330AALD20TS,COVER L FLOOR SIDE MAT BLACK NH 105,1,295.49,11864,0-00-00,,,,0-00-00
11885 - AMAN AUTOMOTIVES,11885,GHAZIABAD,11885-03-PLPO-0924-465,9/14/2024,Submitted,STD,HHML Parts,21K180S,CYLINDER STD KIT ( X-TREME/HUNK),1,2462.41,23061,0-00-00,,,,0-00-00
11885 - AMAN AUTOMOTIVES,11885,GHAZIABAD,11885-03-PLPO-0924-466,9/14/2024,SO Generated,STD,HHML Parts,21K180S,CYLINDER STD KIT ( X-TREME/HUNK),1,2462.41,10765,9/14/2024,1,2462.41,11885-03-PGRN-0924-553,9/14/2024
11885 - AMAN AUTOMOTIVES,11885,GHAZIABAD,11885-03-PLPO-0924-467,9/15/2024,SO Generated,VOR,HHML Parts,61000ABS000TS,FRONT FENDER RD-021M,1,1272.25,30008,9/17/2024,1,1147.82,11885-03-PGRN-0924-579,9/21/2024
11885 - AMAN AUTOMOTIVES,11885,GHAZIABAD,11885-03-PLPO-0924-467,9/15/2024,SO Generated,VOR,HHML Parts,64305ABS300TS,SET COVER FR. UPPER (NOBLE RED),1,1272.25,30008,9/17/2024,1,1147.82,11885-03-PGRN-0924-579,9/21/2024
11885 - AMAN AUTOMOTIVES,11885,GHAZIABAD,11885-03-PLPO-0924-467,9/15/2024,SO Generated,VOR,HHML Parts,6433AABS200TS,COVER L FLOOE SIDE SA N RED RD 021M,1,664.85,30008,9/17/2024,1,599.83,11885-03-PGRN-0924-579,9/21/2024
11885 - AMAN AUTOMOTIVES,11885,GHAZIABAD,11885-03-PLPO-0924-468,9/16/2024,SO Generated,VOR,HHML Parts,35010ACL50099S,KEY SET,1,876.54,30008,9/20/2024,1,797.08,11885-03-PGRN-0924-589,9/22/2024
11885 - AMAN AUTOMOTIVES,11885,GHAZIABAD,11885-03-PLPO-0924-468,9/16/2024,SO Generated,VOR,HHML Transmission Oil,SPDCLNT01SS,HERO COOL PLUS (1000ML),2,374.68,30008,10-05-2024,2,360.34,,0-00-00
11885 - AMAN AUTOMOTIVES,11885,GHAZIABAD,11885-03-PLPO-0924-470,9/16/2024,SO Generated,VOR,HDX Parts,HDH88120RAA001S,MIRROR ASSEMBLY LEFT BACK,1,187.83,30008,9/24/2024,1,173.4,11885-03-PGRN-0924-605,9/27/2024
11885 - AMAN AUTOMOTIVES,11885,GHAZIABAD,11885-03-PLPO-0924-470,9/16/2024,SO Generated,VOR,HHML Parts,19510KTP900S,FAN COMP.COOLING,1,110.81,30008,9/17/2024,1,99.97,11885-03-PGRN-0924-580,9/21/2024
11885 - AMAN AUTOMOTIVES,11885,GHAZIABAD,11885-03-PLPO-0924-470,9/16/2024,SO Generated,VOR,HHML Parts,32100AAE950S,HARNESS WIRE,1,2587.89,30008,9/17/2024,1,2353.28,11885-03-PGRN-0924-580,9/21/2024
11885 - AMAN AUTOMOTIVES,11885,GHAZIABAD,11885-03-PLPO-0924-470,9/16/2024,SO Generated,VOR,HHML Parts,37100AAE94099S,METER ASSEMBLY COMBINATION,1,3078.01,30008,9/17/2024,1,2776.99,11885-03-PGRN-0924-580,9/21/2024
11885 - AMAN AUTOMOTIVES,11885,GHAZIABAD,11885-03-PLPO-0924-470,9/16/2024,SO Generated,VOR,HHML Parts,53205ABS200VS,COVER HANDLE FR,1,599.19,30008,9/18/2024,1,540.59,11885-03-PGRN-0924-577,9/21/2024
11885 - AMAN AUTOMOTIVES,11885,GHAZIABAD,11885-03-PLPO-0924-470,9/16/2024,SO Generated,VOR,VIDA Parts,VD33650ACD001S,WINKER ASSEMBLY LEFT REAR,1,288.01,30008,9/20/2024,1,261.9,11885-03-PGRN-0924-590,9/22/2024
11885 - AMAN AUTOMOTIVES,11885,GHAZIABAD,11885-03-PLPO-0924-471,9/19/2024,Submitted,STD,HHML Parts,32100AAE840S,HARNESS WIRE,1,2391.71,23061,0-00-00,,,,0-00-00
11885 - AMAN AUTOMOTIVES,11885,GHAZIABAD,11885-03-PLPO-0924-471,9/19/2024,Submitted,STD,HHML Parts,35330413003S,SWITCH COMPLETE FRONT LEVER,5,129.4,23061,0-00-00,,,,0-00-00
11885 - AMAN AUTOMOTIVES,11885,GHAZIABAD,11885-03-PLPO-0924-471,9/19/2024,Submitted,STD,HHML Parts,53175KSP900S,LEVER R STRG.HNDL.,5,513,23061,0-00-00,,,,0-00-00
11885 - AMAN AUTOMOTIVES,11885,GHAZIABAD,11885-03-PLPO-0924-472,9/19/2024,SO Generated,STD,HHML Parts,12100AAWB01S,CYLINDER,1,1411.78,30008,9/20/2024,1,1273.71,11885-03-PGRN-0924-587,9/22/2024
11885 - AMAN AUTOMOTIVES,11885,GHAZIABAD,11885-03-PLPO-0924-472,9/19/2024,SO Generated,STD,HHML Parts,12100ABW200S,CYLINDER COMP,1,2179.23,30008,0-00-00,,,,0-00-00
11885 - AMAN AUTOMOTIVES,11885,GHAZIABAD,11885-03-PLPO-0924-472,9/19/2024,SO Generated,STD,HHML Parts,12101AAWB00S,CYLINDER BLOCK,1,1391.26,30008,9/20/2024,1,1255.2,11885-03-PGRN-0924-587,9/22/2024
11885 - AMAN AUTOMOTIVES,11885,GHAZIABAD,11885-03-PLPO-0924-472,9/19/2024,SO Generated,STD,HHML Parts,12191ACA000S,GASKET CYLINDER,3,125.22,30008,9/20/2024,3,113.88,11885-03-PGRN-0924-587,9/22/2024
11885 - AMAN AUTOMOTIVES,11885,GHAZIABAD,11885-03-PLPO-0924-472,9/19/2024,SO Generated,STD,HHML Parts,12200ACA000S,HEAD COMPLETE CYLINDER,1,6812.67,30008,0-00-00,,,,0-00-00
11885 - AMAN AUTOMOTIVES,11885,GHAZIABAD,11885-03-PLPO-0924-472,9/19/2024,SO Generated,STD,HHML Parts,12208ACA000S,SEAL VALVE GUIDE,12,300.48,30008,9/20/2024,12,273.24,11885-03-PGRN-0924-587,9/22/2024
11885 - AMAN AUTOMOTIVES,11885,GHAZIABAD,11885-03-PLPO-0924-472,9/19/2024,SO Generated,STD,HHML Parts,12251ACA000S,GASKET CYLINDER HEAD,3,901.59,30008,9/20/2024,3,819.84,11885-03-PGRN-0924-587,9/22/2024
11885 - AMAN AUTOMOTIVES,11885,GHAZIABAD,11885-03-PLPO-0924-472,9/19/2024,SO Generated,STD,HHML Parts,13101ABS201S,PISTON,5,1313.3,30008,9/20/2024,5,1184.85,11885-03-PGRN-0924-587,9/22/2024
11885 - AMAN AUTOMOTIVES,11885,GHAZIABAD,11885-03-PLPO-0924-472,9/19/2024,SO Generated,STD,HHML Parts,13411AABA00S,GEAR BALANCER DRIVE,1,279.66,30008,9/20/2024,1,254.31,11885-03-PGRN-0924-587,9/22/2024
11885 - AMAN AUTOMOTIVES,11885,GHAZIABAD,11885-03-PLPO-0924-472,9/19/2024,SO Generated,STD,HHML Parts,13411ABZ000S,GEAR BALANCER DRIVE,1,429.92,30008,9/20/2024,1,383.36,11885-03-PGRN-0924-587,9/22/2024
11885 - AMAN AUTOMOTIVES,11885,GHAZIABAD,11885-03-PLPO-0924-472,9/19/2024,SO Generated,STD,HHML Parts,13420ABW800S,GEAR ASSEMBLY BALANCER DRIVEN,1,484.27,30008,0-00-00,,,,0-00-00
11885 - AMAN AUTOMOTIVES,11885,GHAZIABAD,11885-03-PLPO-0924-472,9/19/2024,SO Generated,STD,HHML Parts,13420ABZ000S,GEAR ASSEMBLY BALANCER DRIVEN,1,570.46,30008,9/20/2024,1,514.67,11885-03-PGRN-0924-587,9/22/2024
11885 - AMAN AUTOMOTIVES,11885,GHAZIABAD,11885-03-PLPO-0924-472,9/19/2024,SO Generated,STD,HHML Parts,14711ABG000S,VALVE INLET,5,574.55,30008,9/20/2024,5,518.35,11885-03-PGRN-0924-587,9/22/2024
11885 - AMAN AUTOMOTIVES,11885,GHAZIABAD,11885-03-PLPO-0924-472,9/19/2024,SO Generated,STD,HHML Parts,14711ABW800S,VALVE INLET,4,902.88,30008,0-00-00,,,,0-00-00
11885 - AMAN AUTOMOTIVES,11885,GHAZIABAD,11885-03-PLPO-0924-472,9/19/2024,SO Generated,STD,HHML Parts,14711ACA000S,"VALVE,INLET",4,820.8,30008,0-00-00,,,,0-00-00
11885 - AMAN AUTOMOTIVES,11885,GHAZIABAD,11885-03-PLPO-0924-472,9/19/2024,SO Generated,STD,HHML Parts,14721ABG000S,VALVE EXHAUST,5,1440.5,30008,0-00-00,,,,0-00-00
11885 - AMAN AUTOMOTIVES,11885,GHAZIABAD,11885-03-PLPO-0924-472,9/19/2024,SO Generated,STD,HHML Parts,14721ABW800S,VALVE EXHAUST,4,1684.28,30008,9/20/2024,4,1519.56,11885-03-PGRN-0924-587,9/22/2024
11885 - AMAN AUTOMOTIVES,11885,GHAZIABAD,11885-03-PLPO-0924-472,9/19/2024,SO Generated,STD,HHML Parts,14721ACA000S,"VALVE,EXHAUST",4,1214.8,30008,0-00-00,,,,0-00-00
11885 - AMAN AUTOMOTIVES,11885,GHAZIABAD,11885-03-PLPO-0924-472,9/19/2024,SO Generated,STD,HHML Parts,15100AAF4099S,OIL PUMP ASSY,1,242.14,30008,9/20/2024,1,218.46,11885-03-PGRN-0924-587,9/22/2024
11885 - AMAN AUTOMOTIVES,11885,GHAZIABAD,11885-03-PLPO-0924-472,9/19/2024,SO Generated,STD,HHML Parts,15100ACK001S,PUMP ASSY.OIL,1,352.95,30008,9/20/2024,1,318.43,11885-03-PGRN-0924-587,9/22/2024
11885 - AMAN AUTOMOTIVES,11885,GHAZIABAD,11885-03-PLPO-0924-472,9/19/2024,SO Generated,STD,HHML Parts,15410ACA001S,OIL FILTER CARTRIDGE,5,375.65,30008,0-00-00,,,,0-00-00
11885 - AMAN AUTOMOTIVES,11885,GHAZIABAD,11885-03-PLPO-0924-472,9/19/2024,SO Generated,STD,HHML Parts,16400ACK000S,THROTTLE BODY ASSY,1,5663.54,30008,9/20/2024,1,5109.67,11885-03-PGRN-0924-587,9/22/2024
11885 - AMAN AUTOMOTIVES,11885,GHAZIABAD,11885-03-PLPO-0924-472,9/19/2024,SO Generated,STD,HHML Parts,17208AAW301S,HOLDER COMP ELEMENT,20,5008.8,30008,0-00-00,,,,0-00-00
11885 - AMAN AUTOMOTIVES,11885,GHAZIABAD,11885-03-PLPO-0924-472,9/19/2024,SO Generated,STD,HHML Parts,17500AAHF00RS,FUEL TANK BLACK NH-1(T1),1,6127.3,30008,9/20/2024,1,5528.07,11885-03-PGRN-0924-587,9/22/2024
11885 - AMAN AUTOMOTIVES,11885,GHAZIABAD,11885-03-PLPO-0924-472,9/19/2024,SO Generated,STD,HHML Parts,17520AAEA00RS,FUEL TANK (BLACK NH-1),1,4514.42,30008,9/20/2024,1,4072.93,11885-03-PGRN-0924-587,9/22/2024
11885 - AMAN AUTOMOTIVES,11885,GHAZIABAD,11885-03-PLPO-0924-472,9/19/2024,SO Generated,STD,HHML Parts,17520AAEC00XS,FUEL TANK(BLACK (TYPE-6)NH-1(T6)(X),1,4186.1,30008,9/20/2024,1,3776.71,11885-03-PGRN-0924-587,9/22/2024
11885 - AMAN AUTOMOTIVES,11885,GHAZIABAD,11885-03-PLPO-0924-472,9/19/2024,SO Generated,STD,HHML Parts,17570AAE30099S,HOSE COMP FUEL FEED,2,677.86,30008,9/20/2024,2,616.4,11885-03-PGRN-0924-587,9/22/2024
11885 - AMAN AUTOMOTIVES,11885,GHAZIABAD,11885-03-PLPO-0924-472,9/19/2024,SO Generated,STD,HHML Parts,17570ACK00099S,HOSE COMP. FUEL FEED,1,338.93,30008,9/20/2024,1,308.2,11885-03-PGRN-0924-587,9/22/2024
11885 - AMAN AUTOMOTIVES,11885,GHAZIABAD,11885-03-PLPO-0924-472,9/19/2024,SO Generated,STD,HHML Parts,17620AAY300S,CAP COMP.FUEL FILLER,3,1720.53,30008,0-00-00,,,,0-00-00
11885 - AMAN AUTOMOTIVES,11885,GHAZIABAD,11885-03-PLPO-0924-472,9/19/2024,SO Generated,STD,HHML Parts,17910AAGA00S,CABLE COMP THROTTLE,15,1600.5,30008,0-00-00,,,,0-00-00
11885 - AMAN AUTOMOTIVES,11885,GHAZIABAD,11885-03-PLPO-0924-472,9/19/2024,SO Generated,STD,HHML Parts,17910AAGJ00S,CABLE COMPLETE THROTTLE,3,320.1,30008,0-00-00,,,,0-00-00
11885 - AMAN AUTOMOTIVES,11885,GHAZIABAD,11885-03-PLPO-0924-472,9/19/2024,SO Generated,STD,HHML Parts,17910KVE860S,CABLE COMP THROT,5,570.45,30008,9/20/2024,5,514.65,11885-03-PGRN-0924-587,9/22/2024
11885 - AMAN AUTOMOTIVES,11885,GHAZIABAD,11885-03-PLPO-0924-472,9/19/2024,SO Generated,STD,HHML Parts,22120KRM840S,CENTER CLUTCH,3,701.79,30008,0-00-00,,,,0-00-00
11885 - AMAN AUTOMOTIVES,11885,GHAZIABAD,11885-03-PLPO-0924-472,9/19/2024,SO Generated,STD,HHML Parts,22120KTC900S,CENTER COMP.CLUTCH,1,316.01,30008,9/20/2024,1,285.1,11885-03-PGRN-0924-587,9/22/2024
11885 - AMAN AUTOMOTIVES,11885,GHAZIABAD,11885-03-PLPO-0924-472,9/19/2024,SO Generated,STD,HHML Parts,22121AANB01S,CENTER CLUTCH,3,751.32,30008,9/20/2024,3,683.22,11885-03-PGRN-0924-587,9/22/2024
11885 - AMAN AUTOMOTIVES,11885,GHAZIABAD,11885-03-PLPO-0924-472,9/19/2024,SO Generated,STD,HHML Parts,22201AANB01S,DISK CLUTCHFRICTION,20,2337.4,30008,9/20/2024,20,2125.6,11885-03-PGRN-0924-587,9/22/2024
11885 - AMAN AUTOMOTIVES,11885,GHAZIABAD,11885-03-PLPO-0924-472,9/19/2024,SO Generated,STD,HHML Parts,22321AAG501S,PLATE CLUTCH,60,2379,30008,9/20/2024,60,2163.6,11885-03-PGRN-0924-587,9/22/2024
11885 - AMAN AUTOMOTIVES,11885,GHAZIABAD,11885-03-PLPO-0924-472,9/19/2024,SO Generated,STD,HHML Parts,22321KWB601S,PLATE CLUTCH,6,246.24,30008,9/20/2024,6,222.18,11885-03-PGRN-0924-587,9/22/2024
11885 - AMAN AUTOMOTIVES,11885,GHAZIABAD,11885-03-PLPO-0924-472,9/19/2024,SO Generated,STD,HHML Parts,22350AAF400S,PLATE CLUTCH PRESSURE,7,976.78,30008,9/20/2024,7,881.23,11885-03-PGRN-0924-587,9/22/2024
11885 - AMAN AUTOMOTIVES,11885,GHAZIABAD,11885-03-PLPO-0924-472,9/19/2024,SO Generated,STD,HHML Parts,22350AAG501S,PLATE CLUTCH PRESSURE,2,344.74,30008,9/20/2024,2,311.02,11885-03-PGRN-0924-587,9/22/2024
11885 - AMAN AUTOMOTIVES,11885,GHAZIABAD,11885-03-PLPO-0924-472,9/19/2024,SO Generated,STD,HHML Parts,22355KRM840S,PLATE CLUTCH PRESSURE,3,898.77,30008,9/20/2024,3,810.87,11885-03-PGRN-0924-587,9/22/2024
11885 - AMAN AUTOMOTIVES,11885,GHAZIABAD,11885-03-PLPO-0924-472,9/19/2024,SO Generated,STD,HHML Parts,22815166000S,SPRING CULTCH LEVER,30,250.5,30008,9/20/2024,30,227.7,11885-03-PGRN-0924-587,9/22/2024
11885 - AMAN AUTOMOTIVES,11885,GHAZIABAD,11885-03-PLPO-0924-472,9/19/2024,SO Generated,STD,HHML Parts,22815AANB00S,SPRING CLUTCH LEVER,30,250.5,30008,9/20/2024,30,227.7,11885-03-PGRN-0924-587,9/22/2024
11885 - AMAN AUTOMOTIVES,11885,GHAZIABAD,11885-03-PLPO-0924-472,9/19/2024,SO Generated,STD,HHML Parts,22870AAE210S,CABLE COMP CLUTCH,3,300.42,30008,9/20/2024,3,271.02,11885-03-PGRN-0924-587,9/22/2024
11885 - AMAN AUTOMOTIVES,11885,GHAZIABAD,11885-03-PLPO-0924-472,9/19/2024,SO Generated,STD,HHML Parts,22870AAF400S,CABLE COMP CLUTCH,10,1009.6,30008,9/20/2024,10,910.9,11885-03-PGRN-0924-587,9/22/2024
11885 - AMAN AUTOMOTIVES,11885,GHAZIABAD,11885-03-PLPO-0924-472,9/19/2024,SO Generated,STD,HHML Parts,22870KVE860S,CABLE COMP CLUTCH,2,211.76,30008,0-00-00,,,,0-00-00
11885 - AMAN AUTOMOTIVES,11885,GHAZIABAD,11885-03-PLPO-0924-472,9/19/2024,SO Generated,STD,HHML Parts,23123KGH900S,GEAR C PRIMARY DRIVE(YELLOW),2,525.32,30008,9/20/2024,2,473.94,11885-03-PGRN-0924-587,9/22/2024
11885 - AMAN AUTOMOTIVES,11885,GHAZIABAD,11885-03-PLPO-0924-472,9/19/2024,SO Generated,STD,HHML Parts,24701AAE300S,PEDAL GEAR CHANGE,5,755.15,30008,0-00-00,,,,0-00-00
11885 - AMAN AUTOMOTIVES,11885,GHAZIABAD,11885-03-PLPO-0924-472,9/19/2024,SO Generated,STD,HHML Parts,24701ACK000S,PEDAL GEAR CHANGE,2,292.2,30008,0-00-00,,,,0-00-00
11885 - AMAN AUTOMOTIVES,11885,GHAZIABAD,11885-03-PLPO-0924-472,9/19/2024,SO Generated,STD,HHML Parts,25K160S,BALL RACES KIT,2,450.8,30008,9/20/2024,2,409.92,11885-03-PGRN-0924-587,9/22/2024
11885 - AMAN AUTOMOTIVES,11885,GHAZIABAD,11885-03-PLPO-0924-472,9/19/2024,SO Generated,STD,HHML Parts,28120KTRA00AS,ASSY. ONEWAY CLUTCH,2,1001.76,30008,9/20/2024,2,910.94,11885-03-PGRN-0924-587,9/22/2024
11885 - AMAN AUTOMOTIVES,11885,GHAZIABAD,11885-03-PLPO-0924-472,9/19/2024,SO Generated,STD,HHML Parts,31120ACK011S,STATOR COMP,1,833.12,30008,9/20/2024,1,751.64,11885-03-PGRN-0924-587,9/22/2024
11885 - AMAN AUTOMOTIVES,11885,GHAZIABAD,11885-03-PLPO-0924-472,9/19/2024,SO Generated,STD,HHML Parts,32100AAE840S,HARNESS WIRE,1,2391.71,30008,9/20/2024,1,2174.89,11885-03-PGRN-0924-587,9/22/2024
11885 - AMAN AUTOMOTIVES,11885,GHAZIABAD,11885-03-PLPO-0924-472,9/19/2024,SO Generated,STD,HHML Parts,32100AAEC10S,HARNESS WIRE,2,5008.82,30008,9/20/2024,2,4554.74,11885-03-PGRN-0924-587,9/22/2024
11885 - AMAN AUTOMOTIVES,11885,GHAZIABAD,11885-03-PLPO-0924-472,9/19/2024,SO Generated,STD,HHML Parts,32100ACA001S,HARNESS WIRE,1,5467.96,30008,9/20/2024,1,4972.26,11885-03-PGRN-0924-587,9/22/2024
11885 - AMAN AUTOMOTIVES,11885,GHAZIABAD,11885-03-PLPO-0924-472,9/19/2024,SO Generated,STD,HHML Parts,32161404000S,BAND B1 WIRE,10,83.5,30008,0-00-00,,,,0-00-00
11885 - AMAN AUTOMOTIVES,11885,GHAZIABAD,11885-03-PLPO-0924-472,9/19/2024,SO Generated,STD,HHML Parts,33301KVE900S,BULB WEDGE BASE T10 12V-5W,10,292.2,30008,9/20/2024,10,265.7,11885-03-PGRN-0924-587,9/22/2024
11885 - AMAN AUTOMOTIVES,11885,GHAZIABAD,11885-03-PLPO-0924-472,9/19/2024,SO Generated,STD,HHML Parts,33301KVN901S,LENS WINKER A,20,567.6,30008,9/20/2024,2,36.44,11885-03-PGRN-0924-587,9/22/2024
11885 - AMAN AUTOMOTIVES,11885,GHAZIABAD,11885-03-PLPO-0924-472,9/19/2024,SO Generated,STD,HHML Parts,33452KCC710S,LENS WINKER LEFT FRONT,2,66.78,30008,0-00-00,,,,0-00-00
11885 - AMAN AUTOMOTIVES,11885,GHAZIABAD,11885-03-PLPO-0924-472,9/19/2024,SO Generated,STD,HHML Parts,3345BAAEB0099S,WINKER ASSY L FR,3,445.8,30008,9/20/2024,3,405.36,11885-03-PGRN-0924-587,9/22/2024
11885 - AMAN AUTOMOTIVES,11885,GHAZIABAD,11885-03-PLPO-0924-472,9/19/2024,SO Generated,STD,HHML Parts,3370BABS001S,LIGHT ASSY REAR COMB,2,1704.66,30008,9/20/2024,2,1550.14,11885-03-PGRN-0924-587,9/22/2024
11885 - AMAN AUTOMOTIVES,11885,GHAZIABAD,11885-03-PLPO-0924-472,9/19/2024,SO Generated,STD,HHML Parts,34905271000HS,BULB WINKER 12V-10W,40,668,30008,9/20/2024,40,607.2,11885-03-PGRN-0924-587,9/22/2024
11885 - AMAN AUTOMOTIVES,11885,GHAZIABAD,11885-03-PLPO-0924-472,9/19/2024,SO Generated,STD,HHML Parts,34930AAC700S,BULB 12V RY10W AMBER,100,2922,30008,9/20/2024,100,2657,11885-03-PGRN-0924-587,9/22/2024
11885 - AMAN AUTOMOTIVES,11885,GHAZIABAD,11885-03-PLPO-0924-472,9/19/2024,SO Generated,STD,HHML Parts,35010AAC200S,"KIT, LOCKS & KEYS",1,864.02,30008,0-00-00,,,,0-00-00
11885 - AMAN AUTOMOTIVES,11885,GHAZIABAD,11885-03-PLPO-0924-472,9/19/2024,SO Generated,STD,HHML Parts,35010AACH00S,"KIT, LOCKS & KEYS",1,809.76,30008,9/20/2024,1,736.35,11885-03-PGRN-0924-587,9/22/2024
11885 - AMAN AUTOMOTIVES,11885,GHAZIABAD,11885-03-PLPO-0924-472,9/19/2024,SO Generated,STD,HHML Parts,35010AAW301S,"KIT, LOCKS & KEYS",1,617.75,30008,9/20/2024,1,561.75,11885-03-PGRN-0924-587,9/22/2024
11885 - AMAN AUTOMOTIVES,11885,GHAZIABAD,11885-03-PLPO-0924-472,9/19/2024,SO Generated,STD,HHML Parts,35010AAY301S,"KIT, LOCKS & KEYS",2,1168.72,30008,0-00-00,,,,0-00-00
11885 - AMAN AUTOMOTIVES,11885,GHAZIABAD,11885-03-PLPO-0924-472,9/19/2024,SO Generated,STD,HHML Parts,35010ABS00099S,"KIT, LOCKS & KEYS",3,1890.84,30008,9/20/2024,3,1719.42,11885-03-PGRN-0924-587,9/22/2024
11885 - AMAN AUTOMOTIVES,11885,GHAZIABAD,11885-03-PLPO-0924-472,9/19/2024,SO Generated,STD,HHML Parts,35010ABT001S,"KIT, LOCKS & KEYS",1,584.36,30008,9/20/2024,1,531.39,11885-03-PGRN-0924-587,9/22/2024
11885 - AMAN AUTOMOTIVES,11885,GHAZIABAD,11885-03-PLPO-0924-472,9/19/2024,SO Generated,STD,HHML Parts,35130ABH501S,MAGNET HOLDER ASSEMBLY,5,258.55,30008,9/20/2024,5,233.25,11885-03-PGRN-0924-587,9/22/2024
11885 - AMAN AUTOMOTIVES,11885,GHAZIABAD,11885-03-PLPO-0924-472,9/19/2024,SO Generated,STD,HHML Parts,35130ABH502S,MAGNET HOLDER,5,316,30008,9/20/2024,1,57.02,11885-03-PGRN-0924-587,9/22/2024
11885 - AMAN AUTOMOTIVES,11885,GHAZIABAD,11885-03-PLPO-0924-472,9/19/2024,SO Generated,STD,HHML Parts,35150AAF00099S,SWITCH ASSEMBLY START I3S,10,2087,30008,9/20/2024,10,1897.8,11885-03-PGRN-0924-587,9/22/2024
11885 - AMAN AUTOMOTIVES,11885,GHAZIABAD,11885-03-PLPO-0924-472,9/19/2024,SO Generated,STD,HHML Parts,35160AAW001S,SWITCH UNIT START,1,50.09,30008,9/20/2024,1,45.55,11885-03-PGRN-0924-587,9/22/2024
11885 - AMAN AUTOMOTIVES,11885,GHAZIABAD,11885-03-PLPO-0924-472,9/19/2024,SO Generated,STD,HHML Parts,35200AAW001S,SWITCH UNIT WINKER,5,250.45,30008,9/20/2024,1,45.55,11885-03-PGRN-0924-587,9/22/2024
11885 - AMAN AUTOMOTIVES,11885,GHAZIABAD,11885-03-PLPO-0924-472,9/19/2024,SO Generated,STD,HHML Parts,35330413003S,SWITCH COMPLETE FRONT LEVER,5,129.4,30008,0-00-00,,,,0-00-00
11885 - AMAN AUTOMOTIVES,11885,GHAZIABAD,11885-03-PLPO-0924-472,9/19/2024,SO Generated,STD,HHML Parts,35330ACA001S,SWITCH COMPLETE FRONT LEVER,5,960,30008,9/20/2024,2,349.2,11885-03-PGRN-0924-587,9/22/2024
11885 - AMAN AUTOMOTIVES,11885,GHAZIABAD,11885-03-PLPO-0924-472,9/19/2024,SO Generated,STD,HHML Parts,35759AANB0099S,CONTACT ASSEMBLY CHANGE SWITCH,2,83.48,30008,9/20/2024,2,75.92,11885-03-PGRN-0924-587,9/22/2024
11885 - AMAN AUTOMOTIVES,11885,GHAZIABAD,11885-03-PLPO-0924-472,9/19/2024,SO Generated,STD,HHML Parts,37100AAE31099S,METER ASSY COMB,2,2093.04,30008,9/20/2024,2,1888.36,11885-03-PGRN-0924-587,9/22/2024
11885 - AMAN AUTOMOTIVES,11885,GHAZIABAD,11885-03-PLPO-0924-472,9/19/2024,SO Generated,STD,HHML Parts,37100ACK01099S,METER ASSY COMB,2,2191.54,30008,9/20/2024,2,1977.22,11885-03-PGRN-0924-587,9/22/2024
11885 - AMAN AUTOMOTIVES,11885,GHAZIABAD,11885-03-PLPO-0924-472,9/19/2024,SO Generated,STD,HHML Parts,37800AACK01S,UNIT ASSEMBLY FUEL,2,542.62,30008,9/20/2024,2,493.44,11885-03-PGRN-0924-587,9/22/2024
11885 - AMAN AUTOMOTIVES,11885,GHAZIABAD,11885-03-PLPO-0924-472,9/19/2024,SO Generated,STD,HHML Parts,37800AAE30099S,UNIT ASSY FUEL,3,939.15,30008,9/20/2024,3,854.01,11885-03-PGRN-0924-587,9/22/2024
11885 - AMAN AUTOMOTIVES,11885,GHAZIABAD,11885-03-PLPO-0924-472,9/19/2024,SO Generated,STD,HHML Parts,37800ACL001S,UNIT ASSEMBLY FUEL,1,288.01,30008,9/20/2024,1,261.9,11885-03-PGRN-0924-587,9/22/2024
11885 - AMAN AUTOMOTIVES,11885,GHAZIABAD,11885-03-PLPO-0924-472,9/19/2024,SO Generated,STD,HHML Parts,38301AAE20099S,RELAY COMP WINKER,20,1836.6,30008,0-00-00,,,,0-00-00
11885 - AMAN AUTOMOTIVES,11885,GHAZIABAD,11885-03-PLPO-0924-472,9/19/2024,SO Generated,STD,HHML Parts,38501ABH001S,RELAY COMP START,5,530.1,30008,9/20/2024,5,482.05,11885-03-PGRN-0924-587,9/22/2024
11885 - AMAN AUTOMOTIVES,11885,GHAZIABAD,11885-03-PLPO-0924-472,9/19/2024,SO Generated,STD,HHML Parts,40510AAE200S,CASE UP (HALF) DRIVE CHAIN,3,738.72,30008,0-00-00,,,,0-00-00
11885 - AMAN AUTOMOTIVES,11885,GHAZIABAD,11885-03-PLPO-0924-472,9/19/2024,SO Generated,STD,HHML Parts,41241AACB00S,DAMPER REAR WHEEL,4,90.16,30008,9/20/2024,4,82,11885-03-PGRN-0924-587,9/22/2024
11885 - AMAN AUTOMOTIVES,11885,GHAZIABAD,11885-03-PLPO-0924-472,9/19/2024,SO Generated,STD,HHML Parts,41241AAN410S,DAMPER REAR WHEEL,200,5844,30008,9/20/2024,200,5314,11885-03-PGRN-0924-587,9/22/2024
11885 - AMAN AUTOMOTIVES,11885,GHAZIABAD,11885-03-PLPO-0924-472,9/19/2024,SO Generated,STD,HHML Parts,42313ACK001S,COLLAR BRAKE PANEL SIDE,3,127.71,30008,9/20/2024,3,116.16,11885-03-PGRN-0924-587,9/22/2024
11885 - AMAN AUTOMOTIVES,11885,GHAZIABAD,11885-03-PLPO-0924-472,9/19/2024,SO Generated,STD,HHML Parts,43450AAW000S,CABLE COMP RR BRAKE,5,1005.5,30008,9/20/2024,5,907.15,11885-03-PGRN-0924-587,9/22/2024
11885 - AMAN AUTOMOTIVES,11885,GHAZIABAD,11885-03-PLPO-0924-472,9/19/2024,SO Generated,STD,HHML Parts,43450AAY000S,CABLE COMP. RR BRK,5,980.85,30008,9/20/2024,4,707.96,11885-03-PGRN-0924-587,9/22/2024
11885 - AMAN AUTOMOTIVES,11885,GHAZIABAD,11885-03-PLPO-0924-472,9/19/2024,SO Generated,STD,HHML Parts,45440AAL100S,CABLE COMP LH FR BRK,5,718.2,30008,0-00-00,,,,0-00-00
11885 - AMAN AUTOMOTIVES,11885,GHAZIABAD,11885-03-PLPO-0924-472,9/19/2024,SO Generated,STD,HHML Parts,45440AAW000S,CABLE COMP LH FR BRAKE,5,792.1,30008,0-00-00,,,,0-00-00
11885 - AMAN AUTOMOTIVES,11885,GHAZIABAD,11885-03-PLPO-0924-472,9/19/2024,SO Generated,STD,HHML Parts,45450AAD000S,CABLE COMP FR BRAKE,5,615.6,30008,9/20/2024,5,555.4,11885-03-PGRN-0924-587,9/22/2024
11885 - AMAN AUTOMOTIVES,11885,GHAZIABAD,11885-03-PLPO-0924-472,9/19/2024,SO Generated,STD,HHML Parts,45450AAG900S,CABLE COMP COMBI BRAKE,3,849.54,30008,9/20/2024,3,766.44,11885-03-PGRN-0924-587,9/22/2024
11885 - AMAN AUTOMOTIVES,11885,GHAZIABAD,11885-03-PLPO-0924-472,9/19/2024,SO Generated,STD,HHML Parts,45450AAHF00S,CABLE COMP. COMBI BRAKE,3,822.45,30008,9/20/2024,3,742.02,11885-03-PGRN-0924-587,9/22/2024
11885 - AMAN AUTOMOTIVES,11885,GHAZIABAD,11885-03-PLPO-0924-472,9/19/2024,SO Generated,STD,HHML Parts,45450AAW000S,CABLE COMP FR BRAKE,5,771.55,30008,0-00-00,,,,0-00-00
11885 - AMAN AUTOMOTIVES,11885,GHAZIABAD,11885-03-PLPO-0924-472,9/19/2024,SO Generated,STD,HHML Parts,45450AAY000S,CABLE COMP RH FR BRK,5,771.55,30008,9/20/2024,5,696.1,11885-03-PGRN-0924-587,9/22/2024
11885 - AMAN AUTOMOTIVES,11885,GHAZIABAD,11885-03-PLPO-0924-472,9/19/2024,SO Generated,STD,HHML Parts,45450ACK000S,CABLE COMP. COMBI BRAKE,7,2102.87,30008,9/20/2024,7,1897.21,11885-03-PGRN-0924-587,9/22/2024
11885 - AMAN AUTOMOTIVES,11885,GHAZIABAD,11885-03-PLPO-0924-472,9/19/2024,SO Generated,STD,HHML Parts,45450KCC900S,CABLE COMP.FR.BRAKE,1,110.81,30008,9/20/2024,1,99.97,11885-03-PGRN-0924-587,9/22/2024
11885 - AMAN AUTOMOTIVES,11885,GHAZIABAD,11885-03-PLPO-0924-472,9/19/2024,SO Generated,STD,HHML Parts,45475AAHF00S,CABLE COMP FR BRAKE,20,3037,30008,9/20/2024,20,2740,11885-03-PGRN-0924-587,9/22/2024
11885 - AMAN AUTOMOTIVES,11885,GHAZIABAD,11885-03-PLPO-0924-472,9/19/2024,SO Generated,STD,HHML Parts,45475AAT200S,CABLE COMP FR BRAKE,20,2561,30008,0-00-00,,,,0-00-00
11885 - AMAN AUTOMOTIVES,11885,GHAZIABAD,11885-03-PLPO-0924-472,9/19/2024,SO Generated,STD,HHML Parts,45475ABA200S,CABLE COMP FR BRAKE,10,1362.5,30008,9/20/2024,10,1229.3,11885-03-PGRN-0924-587,9/22/2024
11885 - AMAN AUTOMOTIVES,11885,GHAZIABAD,11885-03-PLPO-0924-472,9/19/2024,SO Generated,STD,HHML Parts,50512AAEB00S,PIPE REAR BRAKE PIVOT,1,100.14,30008,0-00-00,,,,0-00-00
11885 - AMAN AUTOMOTIVES,11885,GHAZIABAD,11885-03-PLPO-0924-472,9/19/2024,SO Generated,STD,HHML Parts,51104AAEH00S,STEP PILLION,5,586.85,30008,9/20/2024,5,529.5,11885-03-PGRN-0924-587,9/22/2024
11885 - AMAN AUTOMOTIVES,11885,GHAZIABAD,11885-03-PLPO-0924-472,9/19/2024,SO Generated,STD,HHML Parts,51104AAH030S,STEP WOMEN,2,254.44,30008,9/20/2024,2,229.56,11885-03-PGRN-0924-587,9/22/2024
11885 - AMAN AUTOMOTIVES,11885,GHAZIABAD,11885-03-PLPO-0924-472,9/19/2024,SO Generated,STD,HHML Parts,53100ACL000S,PIPE STEERING HANDLE,3,984.96,30008,9/20/2024,3,888.63,11885-03-PGRN-0924-587,9/22/2024
11885 - AMAN AUTOMOTIVES,11885,GHAZIABAD,11885-03-PLPO-0924-472,9/19/2024,SO Generated,STD,HHML Parts,53140KST940S,GRIP COMP.THROTTLE,7,333.27,30008,0-00-00,,,,0-00-00
11885 - AMAN AUTOMOTIVES,11885,GHAZIABAD,11885-03-PLPO-0924-472,9/19/2024,SO Generated,STD,HHML Parts,53166KTC900S,GRIP L HANDLE,10,410.4,30008,9/20/2024,10,370.3,11885-03-PGRN-0924-587,9/22/2024
11885 - AMAN AUTOMOTIVES,11885,GHAZIABAD,11885-03-PLPO-0924-472,9/19/2024,SO Generated,STD,HHML Parts,53172KTC920S,BRKT.L HANDLE LEVER,1,83.72,30008,0-00-00,,,,0-00-00
11885 - AMAN AUTOMOTIVES,11885,GHAZIABAD,11885-03-PLPO-0924-472,9/19/2024,SO Generated,STD,HHML Parts,53178AAFH00S,LEVER COMP.L STRG.HNDL.,1,73.87,30008,0-00-00,,,,0-00-00
11885 - AMAN AUTOMOTIVES,11885,GHAZIABAD,11885-03-PLPO-0924-472,9/19/2024,SO Generated,STD,HHML Parts,53178KFN850S,LEVER COMP. L. HANDLE,5,439.15,30008,0-00-00,,,,0-00-00
11885 - AMAN AUTOMOTIVES,11885,GHAZIABAD,11885-03-PLPO-0924-472,9/19/2024,SO Generated,STD,HHML Parts,53205AAW000RS,COV. HANDLE FR(PSWM(WH-004P),1,652.54,30008,9/20/2024,1,588.72,11885-03-PGRN-0924-587,9/22/2024
11885 - AMAN AUTOMOTIVES,11885,GHAZIABAD,11885-03-PLPO-0924-472,9/19/2024,SO Generated,STD,HHML Parts,53205ABS000US,COVER HANDLE FR CH BRONZE (RD-022M),1,656.64,30008,9/20/2024,1,592.43,11885-03-PGRN-0924-587,9/22/2024
11885 - AMAN AUTOMOTIVES,11885,GHAZIABAD,11885-03-PLPO-0924-472,9/19/2024,SO Generated,STD,HHML Parts,53230ACK000S,BRIDGE COMP. FORK TOP,1,219.15,30008,9/20/2024,1,197.72,11885-03-PGRN-0924-587,9/22/2024
11885 - AMAN AUTOMOTIVES,11885,GHAZIABAD,11885-03-PLPO-0924-472,9/19/2024,SO Generated,STD,HHML Parts,53230KCC900S,BRIDGE COMP.FORK TOP,4,830.64,30008,9/20/2024,1,187.35,11885-03-PGRN-0924-587,9/22/2024
11885 - AMAN AUTOMOTIVES,11885,GHAZIABAD,11885-03-PLPO-0924-472,9/19/2024,SO Generated,STD,HHML Parts,64100AAC200S,WIND SCREEN,2,423.54,30008,9/20/2024,2,382.12,11885-03-PGRN-0924-587,9/22/2024
11885 - AMAN AUTOMOTIVES,11885,GHAZIABAD,11885-03-PLPO-0924-472,9/19/2024,SO Generated,STD,HHML Parts,64305ABS000RS,COVER FR UPPER PBM (NH-B08M),1,1272.25,30008,9/20/2024,1,1147.82,11885-03-PGRN-0924-587,9/22/2024
11885 - AMAN AUTOMOTIVES,11885,GHAZIABAD,11885-03-PLPO-0924-472,9/19/2024,SO Generated,STD,HHML Parts,64309ABS000RS,FRONT COVER LOWER,1,923.4,30008,9/20/2024,1,833.1,11885-03-PGRN-0924-587,9/22/2024
11885 - AMAN AUTOMOTIVES,11885,GHAZIABAD,11885-03-PLPO-0924-472,9/19/2024,SO Generated,STD,HHML Parts,83402AAE710S,PANEL INNER,5,1243.5,30008,0-00-00,,,,0-00-00
11885 - AMAN AUTOMOTIVES,11885,GHAZIABAD,11885-03-PLPO-0924-472,9/19/2024,SO Generated,STD,HHML Parts,83402AAEB00S,PANEL INNER,3,876.63,30008,9/20/2024,3,790.89,11885-03-PGRN-0924-587,9/22/2024
11885 - AMAN AUTOMOTIVES,11885,GHAZIABAD,11885-03-PLPO-0924-472,9/19/2024,SO Generated,STD,HHML Parts,86838AAE300RS,MARK HERO FR VISOR BLACK NH 1 TYPE 1,10,509.2,30008,9/20/2024,10,463.1,11885-03-PGRN-0924-587,9/22/2024
11885 - AMAN AUTOMOTIVES,11885,GHAZIABAD,11885-03-PLPO-0924-472,9/19/2024,SO Generated,STD,HHML Parts,88110AAEH31S,MIRROR ASSEMBLY RIGHT BACK,5,584.35,30008,9/20/2024,5,531.4,11885-03-PGRN-0924-587,9/22/2024
11885 - AMAN AUTOMOTIVES,11885,GHAZIABAD,11885-03-PLPO-0924-472,9/19/2024,SO Generated,STD,HHML Parts,88110AAHH00S,MIRROR ASSEMBLY RIGHT BACK,5,542.6,30008,9/20/2024,5,493.45,11885-03-PGRN-0924-587,9/22/2024
11885 - AMAN AUTOMOTIVES,11885,GHAZIABAD,11885-03-PLPO-0924-472,9/19/2024,SO Generated,STD,HHML Parts,88120AAEH31S,MIRROR ASSEMBLY LEFT BACK,5,584.35,30008,9/20/2024,5,531.4,11885-03-PGRN-0924-587,9/22/2024
11885 - AMAN AUTOMOTIVES,11885,GHAZIABAD,11885-03-PLPO-0924-472,9/19/2024,SO Generated,STD,HHML Parts,88120AAHH00S,MIRROR ASSEMBLY LEFT BACK,5,542.6,30008,9/20/2024,5,493.45,11885-03-PGRN-0924-587,9/22/2024
11885 - AMAN AUTOMOTIVES,11885,GHAZIABAD,11885-03-PLPO-0924-472,9/19/2024,SO Generated,STD,HHML Parts,90084KWH960S,CAP,3,113.28,30008,9/20/2024,3,102.18,11885-03-PGRN-0924-587,9/22/2024
11885 - AMAN AUTOMOTIVES,11885,GHAZIABAD,11885-03-PLPO-0924-472,9/19/2024,SO Generated,STD,HHML Parts,91201ABH002S,OIL SEAL 19X28X7,3,55.11,30008,9/20/2024,3,50.1,11885-03-PGRN-0924-587,9/22/2024
11885 - AMAN AUTOMOTIVES,11885,GHAZIABAD,11885-03-PLPO-0924-472,9/19/2024,SO Generated,STD,HHML Parts,91201GBG900S,OIL SEAL30X42X4.5DLX,20,834.8,30008,9/20/2024,20,759.2,11885-03-PGRN-0924-587,9/22/2024
11885 - AMAN AUTOMOTIVES,11885,GHAZIABAD,11885-03-PLPO-0924-472,9/19/2024,SO Generated,STD,HHML Parts,91204GBG850S,OIL SEAL18.9X28X5DLX,5,133.55,30008,9/20/2024,5,121.45,11885-03-PGRN-0924-587,9/22/2024
11885 - AMAN AUTOMOTIVES,11885,GHAZIABAD,11885-03-PLPO-0924-472,9/19/2024,SO Generated,STD,HHML Parts,961406301010S,BRG.BALL RADIAL6301,10,834.8,30008,9/20/2024,10,759.1,11885-03-PGRN-0924-587,9/22/2024
11885 - AMAN AUTOMOTIVES,11885,GHAZIABAD,11885-03-PLPO-0924-472,9/19/2024,SO Generated,STD,HHML Parts,ACAAA7R000000GS,SUB CORD HEADLIGHT,1,500.88,30008,0-00-00,,,,0-00-00
11885 - AMAN AUTOMOTIVES,11885,GHAZIABAD,11885-03-PLPO-0924-472,9/19/2024,SO Generated,STD,HHML Parts,K12121AAFF400S,"""KIT, CYLINDER""",3,6931.68,30008,0-00-00,,,,0-00-00
11885 - AMAN AUTOMOTIVES,11885,GHAZIABAD,11885-03-PLPO-0924-472,9/19/2024,SO Generated,STD,HHML Parts,K12121ACKA000S,"KIT, CYLINDER",3,5909.79,30008,9/20/2024,3,5331.84,11885-03-PGRN-0924-587,9/22/2024
11885 - AMAN AUTOMOTIVES,11885,GHAZIABAD,11885-03-PLPO-0924-472,9/19/2024,SO Generated,STD,HHML Parts,K22222AAGG501S,DISC CLUTCH FRICTION KIT,10,7674.5,30008,9/20/2024,10,6924,11885-03-PGRN-0924-587,9/22/2024
11885 - AMAN AUTOMOTIVES,11885,GHAZIABAD,11885-03-PLPO-0924-472,9/19/2024,SO Generated,STD,HHML Parts,K22222KTCE900S,KIT DISC CLUTCH FRICTION,3,1748.31,30008,9/20/2024,3,1577.34,11885-03-PGRN-0924-587,9/22/2024
11885 - AMAN AUTOMOTIVES,11885,GHAZIABAD,11885-03-PLPO-0924-472,9/19/2024,SO Generated,STD,HHML Parts,K22222KTNA900S,KIT DISC CLUTCH FRICTION,5,6073.95,30008,9/20/2024,5,5479.95,11885-03-PGRN-0924-587,9/22/2024
11885 - AMAN AUTOMOTIVES,11885,GHAZIABAD,11885-03-PLPO-0924-472,9/19/2024,SO Generated,STD,HHML Parts,K28110ACAA000S,KIT Gear Comp Starter Driven & One Way C,1,2954.89,30008,9/20/2024,1,2665.91,11885-03-PGRN-0924-587,9/22/2024
11885 - AMAN AUTOMOTIVES,11885,GHAZIABAD,11885-03-PLPO-0924-472,9/19/2024,SO Generated,STD,HHML Parts,K31913HF100DS,KIT O-RING,10,467.5,30008,9/20/2024,10,425.1,11885-03-PGRN-0924-587,9/22/2024
11885 - AMAN AUTOMOTIVES,11885,GHAZIABAD,11885-03-PLPO-0924-472,9/19/2024,SO Generated,STD,HHML Parts,K41412ABAA001S,"KIT, CHAIN SPROCKET",3,1969.92,30008,9/20/2024,3,1777.29,11885-03-PGRN-0924-587,9/22/2024
11885 - AMAN AUTOMOTIVES,11885,GHAZIABAD,11885-03-PLPO-0924-472,9/19/2024,SO Generated,STD,HHML Parts,K41412ABWK900S,KIT CHAIN SPROCKET,1,1777.04,30008,9/20/2024,1,1603.25,11885-03-PGRN-0924-587,9/22/2024
11885 - AMAN AUTOMOTIVES,11885,GHAZIABAD,11885-03-PLPO-0924-472,9/19/2024,SO Generated,STD,HHML Parts,K41412ABZA000S,CHAIN SPROCKET KIT,1,1465.13,30008,0-00-00,,,,0-00-00
11885 - AMAN AUTOMOTIVES,11885,GHAZIABAD,11885-03-PLPO-0924-472,9/19/2024,SO Generated,STD,HHML Parts,K42426AAED230S,KIT WHEEL COMP REAR,2,8856.46,30008,0-00-00,,,,0-00-00
11885 - AMAN AUTOMOTIVES,11885,GHAZIABAD,11885-03-PLPO-0924-472,9/19/2024,SO Generated,STD,HHML Parts,K42426AAFF400S,"KIT, WHEEL COMP REAR",2,8208.04,30008,0-00-00,,,,0-00-00
11885 - AMAN AUTOMOTIVES,11885,GHAZIABAD,11885-03-PLPO-0924-472,9/19/2024,SO Generated,STD,HHML Parts,K53531HF100DS,"KIT, HANDLE RUBBER",25,1147.75,30008,9/20/2024,25,1043.75,11885-03-PGRN-0924-587,9/22/2024
11885 - AMAN AUTOMOTIVES,11885,GHAZIABAD,11885-03-PLPO-0924-473,9/19/2024,SO Generated,STD,HHML Parts,06435AABA00S,"KIT, PAD RR",1,1165.54,30008,9/20/2024,1,1051.56,11885-03-PGRN-0924-588,9/22/2024
11885 - AMAN AUTOMOTIVES,11885,GHAZIABAD,11885-03-PLPO-0924-473,9/19/2024,SO Generated,STD,HHML Parts,06435ACA000S,BRAKE PAD,3,738.72,30008,9/29/2024,3,666.48,11885-03-PGRN-1024-632,10-05-2024
11885 - AMAN AUTOMOTIVES,11885,GHAZIABAD,11885-03-PLPO-0924-473,9/19/2024,SO Generated,STD,HHML Parts,06455AAN211S,"KIT, PAD FR",5,1231.2,30008,9/20/2024,5,1110.8,11885-03-PGRN-0924-588,9/22/2024
11885 - AMAN AUTOMOTIVES,11885,GHAZIABAD,11885-03-PLPO-0924-473,9/19/2024,SO Generated,STD,HHML Parts,06455AANE00S,"KIT, PAD FR",5,1436.4,30008,9/20/2024,5,1295.95,11885-03-PGRN-0924-588,9/22/2024
11885 - AMAN AUTOMOTIVES,11885,GHAZIABAD,11885-03-PLPO-0924-473,9/19/2024,SO Generated,STD,HHML Parts,06455ABG010S,"KIT, PAD FR",2,541.74,30008,9/20/2024,2,488.76,11885-03-PGRN-0924-588,9/22/2024
11885 - AMAN AUTOMOTIVES,11885,GHAZIABAD,11885-03-PLPO-0924-473,9/19/2024,SO Generated,STD,HHML Parts,06455ACA000S,BRAKE PAD,3,763.35,30008,9/20/2024,2,459.12,11885-03-PGRN-0924-588,9/22/2024
11885 - AMAN AUTOMOTIVES,11885,GHAZIABAD,11885-03-PLPO-0924-473,9/19/2024,SO Generated,STD,HHML Parts,06455KVE861S,"KIT, PAD FR",5,2749.7,30008,9/20/2024,5,2480.8,11885-03-PGRN-0924-588,9/22/2024
11885 - AMAN AUTOMOTIVES,11885,GHAZIABAD,11885-03-PLPO-0924-473,9/19/2024,SO Generated,STD,HHML Parts,12100AAN410S,CYLINDER COMP.,1,1969.93,30008,9/20/2024,1,1777.28,11885-03-PGRN-0924-588,9/22/2024
11885 - AMAN AUTOMOTIVES,11885,GHAZIABAD,11885-03-PLPO-0924-473,9/19/2024,SO Generated,STD,HHML Parts,12100ABS200S,CYLINDER,2,2872.82,30008,9/20/2024,2,2591.86,11885-03-PGRN-0924-588,9/22/2024
11885 - AMAN AUTOMOTIVES,11885,GHAZIABAD,11885-03-PLPO-0924-473,9/19/2024,SO Generated,STD,HHML Parts,12251AAN410S,GASKET CYLINDER HEAD,2,150.26,30008,9/20/2024,2,136.64,11885-03-PGRN-0924-588,9/22/2024
11885 - AMAN AUTOMOTIVES,11885,GHAZIABAD,11885-03-PLPO-0924-473,9/19/2024,SO Generated,STD,HHML Parts,12251ACK002S,GASKET CYLINDER HEAD,2,267.14,30008,9/20/2024,2,242.92,11885-03-PGRN-0924-588,9/22/2024
11885 - AMAN AUTOMOTIVES,11885,GHAZIABAD,11885-03-PLPO-0924-473,9/19/2024,SO Generated,STD,HHML Parts,12391AANB00S,GASKET HEAD COVER,5,104.35,30008,9/20/2024,5,94.9,11885-03-PGRN-0924-588,9/22/2024
11885 - AMAN AUTOMOTIVES,11885,GHAZIABAD,11885-03-PLPO-0924-473,9/19/2024,SO Generated,STD,HHML Parts,12391ABW800S,GASKET HEAD COVER,3,162.78,30008,0-00-00,,,,0-00-00
11885 - AMAN AUTOMOTIVES,11885,GHAZIABAD,11885-03-PLPO-0924-473,9/19/2024,SO Generated,STD,HHML Parts,13115001000S,PISTON PIN CLIP,40,334,30008,9/20/2024,40,303.6,11885-03-PGRN-0924-588,9/22/2024
11885 - AMAN AUTOMOTIVES,11885,GHAZIABAD,11885-03-PLPO-0924-473,9/19/2024,SO Generated,STD,HHML Parts,16400ACK000S,THROTTLE BODY ASSY,1,5663.54,30008,9/20/2024,1,5109.67,11885-03-PGRN-0924-588,9/22/2024
11885 - AMAN AUTOMOTIVES,11885,GHAZIABAD,11885-03-PLPO-0924-473,9/19/2024,SO Generated,STD,HHML Parts,16400ACK002S,THROTTLE BODY ASSY,1,5663.54,30008,9/20/2024,1,5109.67,11885-03-PGRN-0924-588,9/22/2024
11885 - AMAN AUTOMOTIVES,11885,GHAZIABAD,11885-03-PLPO-0924-473,9/19/2024,SO Generated,STD,HHML Parts,16450AANB01S,INJECTOR ASSY FUEL,1,1288.66,30008,9/20/2024,1,1162.63,11885-03-PGRN-0924-588,9/22/2024
11885 - AMAN AUTOMOTIVES,11885,GHAZIABAD,11885-03-PLPO-0924-473,9/19/2024,SO Generated,STD,HHML Parts,16700AAE300S,UNIT ASSY FUEL PUMP,1,2195.65,30008,9/20/2024,1,1980.92,11885-03-PGRN-0924-588,9/22/2024
11885 - AMAN AUTOMOTIVES,11885,GHAZIABAD,11885-03-PLPO-0924-473,9/19/2024,SO Generated,STD,HHML Parts,16700AAF400S,UNIT ASSY FUEL PUMP,2,4466.2,30008,9/20/2024,2,4061.32,11885-03-PGRN-0924-588,9/22/2024
11885 - AMAN AUTOMOTIVES,11885,GHAZIABAD,11885-03-PLPO-0924-473,9/19/2024,SO Generated,STD,HHML Parts,17520AAE300RS,FUEL TANK BLACK NH 1 TYPE 1,1,4514.42,30008,9/20/2024,1,4072.93,11885-03-PGRN-0924-588,9/22/2024
11885 - AMAN AUTOMOTIVES,11885,GHAZIABAD,11885-03-PLPO-0924-473,9/19/2024,SO Generated,STD,HHML Parts,17620AAE101S,CAP COMP. FUEL FILLER,3,160.05,30008,9/20/2024,3,144.39,11885-03-PGRN-0924-588,9/22/2024
11885 - AMAN AUTOMOTIVES,11885,GHAZIABAD,11885-03-PLPO-0924-473,9/19/2024,SO Generated,STD,HHML Parts,22120AAF400S,CENTER CLUTCH,5,1292.75,30008,9/20/2024,5,1166.35,11885-03-PGRN-0924-588,9/22/2024
11885 - AMAN AUTOMOTIVES,11885,GHAZIABAD,11885-03-PLPO-0924-473,9/19/2024,SO Generated,STD,HHML Parts,22201AANB01S,DISK CLUTCHFRICTION,40,4674.8,30008,9/20/2024,40,4251.2,11885-03-PGRN-0924-588,9/22/2024
11885 - AMAN AUTOMOTIVES,11885,GHAZIABAD,11885-03-PLPO-0924-473,9/19/2024,SO Generated,STD,HHML Parts,24211GF6000RS,FORK GEAR SHIFT,10,2420.9,30008,9/20/2024,10,2201.5,11885-03-PGRN-0924-588,9/22/2024
11885 - AMAN AUTOMOTIVES,11885,GHAZIABAD,11885-03-PLPO-0924-473,9/19/2024,SO Generated,STD,HHML Parts,32100AAEC10S,HARNESS WIRE,1,2504.41,30008,9/20/2024,1,2277.37,11885-03-PGRN-0924-588,9/22/2024
11885 - AMAN AUTOMOTIVES,11885,GHAZIABAD,11885-03-PLPO-0924-473,9/19/2024,SO Generated,STD,HHML Parts,32100AAEC40S,HARNESS WIRE,1,2504.41,30008,9/20/2024,1,2277.37,11885-03-PGRN-0924-588,9/22/2024
11885 - AMAN AUTOMOTIVES,11885,GHAZIABAD,11885-03-PLPO-0924-473,9/19/2024,SO Generated,STD,HHML Parts,33650KCC710S,WINKER ASSY L RR,20,3673.2,30008,9/20/2024,20,3340.2,11885-03-PGRN-0924-588,9/22/2024
11885 - AMAN AUTOMOTIVES,11885,GHAZIABAD,11885-03-PLPO-0924-473,9/19/2024,SO Generated,STD,HHML Parts,3370BABS001S,LIGHT ASSY REAR COMB,2,1704.66,30008,9/20/2024,2,1550.14,11885-03-PGRN-0924-588,9/22/2024
11885 - AMAN AUTOMOTIVES,11885,GHAZIABAD,11885-03-PLPO-0924-473,9/19/2024,SO Generated,STD,HHML Parts,35150AAC811S,SWITCH ASSEMBLY START,5,626.1,30008,9/20/2024,5,569.35,11885-03-PGRN-0924-588,9/22/2024
11885 - AMAN AUTOMOTIVES,11885,GHAZIABAD,11885-03-PLPO-0924-473,9/19/2024,SO Generated,STD,HHML Parts,35200AAG301S,SWITCH ASSEMBLY WINKER,1,358.97,30008,9/20/2024,1,326.42,11885-03-PGRN-0924-588,9/22/2024
11885 - AMAN AUTOMOTIVES,11885,GHAZIABAD,11885-03-PLPO-0924-473,9/19/2024,SO Generated,STD,HHML Parts,35330413003S,SWITCH COMPLETE FRONT LEVER,2,51.76,30008,0-00-00,,,,0-00-00
11885 - AMAN AUTOMOTIVES,11885,GHAZIABAD,11885-03-PLPO-0924-473,9/19/2024,SO Generated,STD,HHML Parts,41241AAN410S,DAMPER REAR WHEEL,200,5844,30008,9/20/2024,200,5314,11885-03-PGRN-0924-588,9/22/2024
11885 - AMAN AUTOMOTIVES,11885,GHAZIABAD,11885-03-PLPO-0924-473,9/19/2024,SO Generated,STD,HHML Parts,45475AAG900S,CABLE COMP FR BRAKE,3,384.15,30008,9/20/2024,3,346.56,11885-03-PGRN-0924-588,9/22/2024
11885 - AMAN AUTOMOTIVES,11885,GHAZIABAD,11885-03-PLPO-0924-473,9/19/2024,SO Generated,STD,HHML Parts,45475AAHF00S,CABLE COMP FR BRAKE,5,759.25,30008,9/20/2024,5,685,11885-03-PGRN-0924-588,9/22/2024
11885 - AMAN AUTOMOTIVES,11885,GHAZIABAD,11885-03-PLPO-0924-473,9/19/2024,SO Generated,STD,HHML Parts,45475AAT200S,CABLE COMP FR BRAKE,5,640.25,30008,9/29/2024,5,577.6,11885-03-PGRN-1024-632,10-05-2024
11885 - AMAN AUTOMOTIVES,11885,GHAZIABAD,11885-03-PLPO-0924-473,9/19/2024,SO Generated,STD,HHML Parts,45475ABA200S,CABLE COMP FR BRAKE,5,681.25,30008,9/20/2024,5,614.65,11885-03-PGRN-0924-588,9/22/2024
11885 - AMAN AUTOMOTIVES,11885,GHAZIABAD,11885-03-PLPO-0924-473,9/19/2024,SO Generated,STD,HHML Parts,50500AAHH40S,STAND COMP.MAIN,5,2010.95,30008,9/20/2024,5,1814.3,11885-03-PGRN-0924-588,9/22/2024
11885 - AMAN AUTOMOTIVES,11885,GHAZIABAD,11885-03-PLPO-0924-473,9/19/2024,SO Generated,STD,HHML Parts,50621ABS000S,COVER UNDER,1,216.69,30008,9/20/2024,1,195.5,11885-03-PGRN-0924-588,9/22/2024
11885 - AMAN AUTOMOTIVES,11885,GHAZIABAD,11885-03-PLPO-0924-473,9/19/2024,SO Generated,STD,HHML Parts,50803KST940S,GUARD LEG,20,10916.6,30008,9/20/2024,20,9849,11885-03-PGRN-0924-588,9/22/2024
11885 - AMAN AUTOMOTIVES,11885,GHAZIABAD,11885-03-PLPO-0924-473,9/19/2024,SO Generated,STD,HHML Parts,51334KPL900S,COLLAR ARM PIVOT,10,217,30008,9/20/2024,10,197.4,11885-03-PGRN-0924-588,9/22/2024
11885 - AMAN AUTOMOTIVES,11885,GHAZIABAD,11885-03-PLPO-0924-473,9/19/2024,SO Generated,STD,HHML Parts,52147KTC900S,RUBBER BUSH RR.FORK PIVOT,10,375.7,30008,9/20/2024,10,341.6,11885-03-PGRN-0924-588,9/22/2024
11885 - AMAN AUTOMOTIVES,11885,GHAZIABAD,11885-03-PLPO-0924-473,9/19/2024,SO Generated,STD,HHML Parts,53200AAE300S,STEM COMP STRG,2,1510.28,30008,9/20/2024,2,1362.58,11885-03-PGRN-0924-588,9/22/2024
11885 - AMAN AUTOMOTIVES,11885,GHAZIABAD,11885-03-PLPO-0924-473,9/19/2024,SO Generated,STD,HHML Parts,53205ABS000RS,COVER HANDLE FR PBM (NH-B08M),2,1313.28,30008,9/20/2024,2,1184.86,11885-03-PGRN-0924-588,9/22/2024
11885 - AMAN AUTOMOTIVES,11885,GHAZIABAD,11885-03-PLPO-0924-473,9/19/2024,SO Generated,STD,HHML Parts,61000ABS000TS,FRONT FENDER RD-021M,1,1272.25,30008,9/20/2024,1,1147.82,11885-03-PGRN-0924-588,9/22/2024
11885 - AMAN AUTOMOTIVES,11885,GHAZIABAD,11885-03-PLPO-0924-473,9/19/2024,SO Generated,STD,HHML Parts,61300AAGD00RS,FRONT VISOR NH-1 TYPE-1,1,1013.69,30008,9/20/2024,1,914.56,11885-03-PGRN-0924-588,9/22/2024
11885 - AMAN AUTOMOTIVES,11885,GHAZIABAD,11885-03-PLPO-0924-473,9/19/2024,SO Generated,STD,HHML Parts,61300AAGD00TS,FRONT VISOR NH-194M-U,1,1013.69,30008,9/20/2024,1,914.56,11885-03-PGRN-0924-588,9/22/2024
11885 - AMAN AUTOMOTIVES,11885,GHAZIABAD,11885-03-PLPO-0924-473,9/19/2024,SO Generated,STD,HHML Parts,64305ABS000TS,COVER FR UPPER NOBLE RED (RD-021M),2,2544.5,30008,9/20/2024,2,2295.64,11885-03-PGRN-0924-588,9/22/2024
11885 - AMAN AUTOMOTIVES,11885,GHAZIABAD,11885-03-PLPO-0924-473,9/19/2024,SO Generated,STD,HHML Parts,6432AABS200TS,COVER R FLOOR SIDE SA N RED RD 021M,1,664.85,30008,9/20/2024,1,599.83,11885-03-PGRN-0924-588,9/22/2024
11885 - AMAN AUTOMOTIVES,11885,GHAZIABAD,11885-03-PLPO-0924-473,9/19/2024,SO Generated,STD,HHML Parts,77300AAE300RS,R SIDE COWL BLACK NH 1 TYPE 1,3,1231.2,30008,9/20/2024,3,1110.81,11885-03-PGRN-0924-588,9/22/2024
11885 - AMAN AUTOMOTIVES,11885,GHAZIABAD,11885-03-PLPO-0924-473,9/19/2024,SO Generated,STD,HHML Parts,77400AAE300RS,L SIDE COWL BLACK NH 1 TYPE 1,3,1231.2,30008,9/20/2024,3,1110.81,11885-03-PGRN-0924-588,9/22/2024
11885 - AMAN AUTOMOTIVES,11885,GHAZIABAD,11885-03-PLPO-0924-473,9/19/2024,SO Generated,STD,HHML Parts,83500ACK000TS,R. SIDE COVER (BLACK-3) (W/O I3S),3,1551.33,30008,0-00-00,,,,0-00-00
11885 - AMAN AUTOMOTIVES,11885,GHAZIABAD,11885-03-PLPO-0924-473,9/19/2024,SO Generated,STD,HHML Parts,83600ACK000TS,L. SIDE COVER (BLACK-3) (W/O I3S),2,1034.22,30008,9/20/2024,2,933.08,11885-03-PGRN-0924-588,9/22/2024
11885 - AMAN AUTOMOTIVES,11885,GHAZIABAD,11885-03-PLPO-0924-473,9/19/2024,SO Generated,STD,HHML Parts,90012333000RS,SCREW TAPPET ADJUSTING,40,467.6,30008,0-00-00,,,,0-00-00
11885 - AMAN AUTOMOTIVES,11885,GHAZIABAD,11885-03-PLPO-0924-473,9/19/2024,SO Generated,STD,HHML Parts,90206001000S,NUT TAPPET ADJUSTING,40,567.6,30008,0-00-00,,,,0-00-00
11885 - AMAN AUTOMOTIVES,11885,GHAZIABAD,11885-03-PLPO-0924-473,9/19/2024,SO Generated,STD,HHML Parts,90304KCS920S,NUT U,10,141.9,30008,9/20/2024,10,129.1,11885-03-PGRN-0924-588,9/22/2024
11885 - AMAN AUTOMOTIVES,11885,GHAZIABAD,11885-03-PLPO-0924-473,9/19/2024,SO Generated,STD,HHML Parts,90505425000S,WASHER,20,167,30008,9/20/2024,20,151.8,11885-03-PGRN-0924-588,9/22/2024
11885 - AMAN AUTOMOTIVES,11885,GHAZIABAD,11885-03-PLPO-0924-473,9/19/2024,SO Generated,STD,HHML Parts,9410210000S,WASHER PLAIN,10,41.7,30008,9/20/2024,10,38,11885-03-PGRN-0924-588,9/22/2024
11885 - AMAN AUTOMOTIVES,11885,GHAZIABAD,11885-03-PLPO-0924-473,9/19/2024,SO Generated,STD,HHML Parts,K12121AANNB00S,CYLINDER KIT,2,4924.82,30008,9/20/2024,2,4443.2,11885-03-PGRN-0924-588,9/22/2024
11885 - AMAN AUTOMOTIVES,11885,GHAZIABAD,11885-03-PLPO-0924-473,9/19/2024,SO Generated,STD,HHML Parts,K14147AATA000S,"""KIT, VALVE""",1,389.88,30008,0-00-00,,,,0-00-00
11885 - AMAN AUTOMOTIVES,11885,GHAZIABAD,11885-03-PLPO-0924-473,9/19/2024,SO Generated,STD,HHML Parts,K14147ABGA000S,"KIT, VALVE",2,902.88,30008,0-00-00,,,,0-00-00
11885 - AMAN AUTOMOTIVES,11885,GHAZIABAD,11885-03-PLPO-0924-473,9/19/2024,SO Generated,STD,HHML Parts,K22222AAGG501S,DISC CLUTCH FRICTION KIT,5,3837.25,30008,9/20/2024,5,3462,11885-03-PGRN-0924-588,9/22/2024
11885 - AMAN AUTOMOTIVES,11885,GHAZIABAD,11885-03-PLPO-0924-473,9/19/2024,SO Generated,STD,HHML Parts,K22222HF100DS,CLUTCH ASSEMBLY,50,35479,30008,9/20/2024,50,32262.5,11885-03-PGRN-0924-588,9/22/2024
11885 - AMAN AUTOMOTIVES,11885,GHAZIABAD,11885-03-PLPO-0924-473,9/19/2024,SO Generated,STD,HHML Parts,K42426AAED230S,KIT WHEEL COMP REAR,1,4428.23,30008,0-00-00,,,,0-00-00
11885 - AMAN AUTOMOTIVES,11885,GHAZIABAD,11885-03-PLPO-0924-473,9/19/2024,SO Generated,STD,HHML Parts,K42426AAEF400S,"KIT, WHEEL COMP REAR",1,4276.39,30008,0-00-00,,,,0-00-00
11885 - AMAN AUTOMOTIVES,11885,GHAZIABAD,11885-03-PLPO-0924-473,9/19/2024,SO Generated,STD,HHML Parts,K42426AAFF400S,"KIT, WHEEL COMP REAR",1,4104.02,30008,0-00-00,,,,0-00-00
11885 - AMAN AUTOMOTIVES,11885,GHAZIABAD,11885-03-PLPO-0924-473,9/19/2024,SO Generated,STD,HHML Parts,K44446AAED230S,KIT WHEEL COMP FRONT,2,7928.96,30008,0-00-00,,,,0-00-00
11885 - AMAN AUTOMOTIVES,11885,GHAZIABAD,11885-03-PLPO-0924-473,9/19/2024,SO Generated,STD,HHML Parts,K44446AAFB000S,"KIT, WHEEL COMP. FRONT",1,3673.1,30008,0-00-00,,,,0-00-00
11885 - AMAN AUTOMOTIVES,11885,GHAZIABAD,11885-03-PLPO-0924-476,9/20/2024,SO Generated,STD,HHML Parts,22121AANB01S,CENTER CLUTCH,1,250.44,23061,9/20/2024,1,250.44,11885-03-PGRN-0924-575,9/20/2024
11885 - AMAN AUTOMOTIVES,11885,GHAZIABAD,11885-03-PLPO-0924-476,9/20/2024,SO Generated,STD,HHML Parts,35160AAW001S,SWITCH UNIT START,1,50.09,23061,9/20/2024,1,50.09,11885-03-PGRN-0924-575,9/20/2024
11885 - AMAN AUTOMOTIVES,11885,GHAZIABAD,11885-03-PLPO-0924-476,9/20/2024,SO Generated,STD,HHML Parts,35330413003S,SWITCH COMPLETE FRONT LEVER,10,258.8,23061,9/20/2024,2,51.76,11885-03-PGRN-0924-575,9/20/2024
11885 - AMAN AUTOMOTIVES,11885,GHAZIABAD,11885-03-PLPO-0924-476,9/20/2024,SO Generated,STD,HHML Parts,45475AAHF00S,CABLE COMP FR BRAKE,2,303.7,23061,9/20/2024,2,303.7,11885-03-PGRN-0924-575,9/20/2024
11885 - AMAN AUTOMOTIVES,11885,GHAZIABAD,11885-03-PLPO-0924-476,9/20/2024,SO Generated,STD,HHML Parts,53175KSP900S,LEVER R STRG.HNDL.,2,205.2,23061,9/20/2024,2,205.2,11885-03-PGRN-0924-575,9/20/2024
11885 - AMAN AUTOMOTIVES,11885,GHAZIABAD,11885-03-PLPO-0924-477,9/21/2024,SO Generated,VOR,HHML Parts,61100AAE500SS,FENDER COMPLETE FRONT,1,816.7,30008,9/22/2024,1,736.83,11885-03-PGRN-0924-596,9/27/2024
11885 - AMAN AUTOMOTIVES,11885,GHAZIABAD,11885-03-PLPO-0924-477,9/21/2024,SO Generated,VOR,HHML Parts,61140ABS200S,WIND SCREEN,1,180.58,30008,9/22/2024,1,162.92,11885-03-PGRN-0924-596,9/27/2024
11885 - AMAN AUTOMOTIVES,11885,GHAZIABAD,11885-03-PLPO-0924-477,9/21/2024,SO Generated,VOR,HHML Parts,83410AAE500SS,FRONT VISOR NH-411M,1,1067.04,30008,9/22/2024,1,962.69,11885-03-PGRN-0924-596,9/27/2024
11885 - AMAN AUTOMOTIVES,11885,GHAZIABAD,11885-03-PLPO-0924-478,9/21/2024,Submitted,STD,HHML Parts,52147KTC900S,RUBBER BUSH RR.FORK PIVOT,2,75.14,23061,0-00-00,,,,0-00-00
11885 - AMAN AUTOMOTIVES,11885,GHAZIABAD,11885-03-PLPO-0924-478,9/21/2024,Submitted,STD,HHML Parts,64100AAC800S,WIND SCREEN,1,284,23061,0-00-00,,,,0-00-00
11885 - AMAN AUTOMOTIVES,11885,GHAZIABAD,11885-03-PLPO-0924-478,9/21/2024,Submitted,STD,HHML Parts,64311AAF400S,BRACKET FRONT COWL SUB ASSEMBLY,1,54.17,23061,0-00-00,,,,0-00-00
11885 - AMAN AUTOMOTIVES,11885,GHAZIABAD,11885-03-PLPO-0924-479,9/21/2024,SO Generated,STD,HHML Parts,64100AAC800S,WIND SCREEN,1,284,11864,9/21/2024,1,284,11885-03-PGRN-0924-586,9/21/2024
11885 - AMAN AUTOMOTIVES,11885,GHAZIABAD,11885-03-PLPO-0924-479,9/21/2024,SO Generated,STD,HHML Parts,64311AAF400S,BRACKET FRONT COWL SUB ASSEMBLY,1,54.17,11864,9/21/2024,1,54.17,11885-03-PGRN-0924-586,9/21/2024
11885 - AMAN AUTOMOTIVES,11885,GHAZIABAD,11885-03-PLPO-0924-480,9/22/2024,SO Generated,VOR,HHML Parts,22121AANB01S,CENTER CLUTCH,1,250.44,30008,9/23/2024,1,227.74,11885-03-PGRN-0924-600,9/27/2024
11885 - AMAN AUTOMOTIVES,11885,GHAZIABAD,11885-03-PLPO-0924-480,9/22/2024,SO Generated,VOR,HHML Parts,35010AAGA0099S,"KIT, LOCKS & KEYS",1,955.85,30008,9/23/2024,1,869.2,11885-03-PGRN-0924-600,9/27/2024
11885 - AMAN AUTOMOTIVES,11885,GHAZIABAD,11885-03-PLPO-0924-480,9/22/2024,SO Generated,VOR,HHML Parts,35010ACL001S,KEY SET,1,1067.86,30008,9/23/2024,1,895.77,11885-03-PGRN-0924-600,9/27/2024
11885 - AMAN AUTOMOTIVES,11885,GHAZIABAD,11885-03-PLPO-0924-480,9/22/2024,SO Generated,VOR,HHML Parts,35200AAC71099S,SWITCH ASSEMBLY WINKER,1,325.57,30008,9/26/2024,1,296.06,11885-03-PGRN-0924-616,9/29/2024
11885 - AMAN AUTOMOTIVES,11885,GHAZIABAD,11885-03-PLPO-0924-480,9/22/2024,SO Generated,VOR,HHML Parts,64309ABS000TS,FRONT COVER LOWER,1,1108.08,30008,9/23/2024,1,999.72,11885-03-PGRN-0924-600,9/27/2024
11885 - AMAN AUTOMOTIVES,11885,GHAZIABAD,11885-03-PLPO-0924-480,9/22/2024,SO Generated,VOR,HHML Parts,6432AABS200TS,COVER R FLOOR SIDE SA N RED RD 021M,1,664.85,30008,9/23/2024,1,599.83,11885-03-PGRN-0924-600,9/27/2024
11885 - AMAN AUTOMOTIVES,11885,GHAZIABAD,11885-03-PLPO-0924-480,9/22/2024,SO Generated,VOR,HHML Parts,K42426AAED230S,KIT WHEEL COMP REAR,1,4428.23,30008,9/26/2024,1,3995.17,11885-03-PGRN-0924-622,9/29/2024
11885 - AMAN AUTOMOTIVES,11885,GHAZIABAD,11885-03-PLPO-0924-480,9/22/2024,SO Generated,VOR,HHML Parts,K53532ABZA000S,KIT BALL RACES,1,438.27,30008,9/26/2024,1,398.54,11885-03-PGRN-0924-623,9/29/2024
11885 - AMAN AUTOMOTIVES,11885,GHAZIABAD,11885-03-PLPO-0924-480,9/22/2024,SO Generated,VOR,VIDA Parts,VD33650ACD001S,WINKER ASSEMBLY LEFT REAR,1,288.01,30008,9/25/2024,1,261.9,11885-03-PGRN-0924-603,9/27/2024
11885 - AMAN AUTOMOTIVES,11885,GHAZIABAD,11885-03-PLPO-0924-480,9/22/2024,SO Generated,VOR,VIDA Parts,VD35150ACP001S,SW ASSEMBLY THROTTLE AND START,1,1673.78,30008,9/29/2024,1,1522.04,11885-03-PGRN-1024-628,10-05-2024
11885 - AMAN AUTOMOTIVES,11885,GHAZIABAD,11885-03-PLPO-0924-483,9/22/2024,SO Generated,VOR,HHML Parts,6110AACL000CS,FRONT FENDER SUB ASSEMBLY COCTAIL BLUE,1,919.3,30008,9/24/2024,1,829.4,11885-03-PGRN-0924-604,9/27/2024
11885 - AMAN AUTOMOTIVES,11885,GHAZIABAD,11885-03-PLPO-0924-483,9/22/2024,SO Generated,VOR,HHML Parts,83547ACL000AS,SIDE SHROUD GARNISH RIGHT NH-1,1,295.49,30008,9/28/2024,1,266.59,11885-03-PGRN-0924-609,9/29/2024
11885 - AMAN AUTOMOTIVES,11885,GHAZIABAD,11885-03-PLPO-0924-483,9/22/2024,SO Generated,VOR,HHML Parts,83549ACL000S,SIDE SHROUD INNER FRONT,1,192.89,30008,9/24/2024,1,174.02,11885-03-PGRN-0924-604,9/27/2024
11885 - AMAN AUTOMOTIVES,11885,GHAZIABAD,11885-03-PLPO-0924-483,9/22/2024,SO Generated,VOR,HHML Parts,83597ACL000S,SIDE COVER LOWER LEFT,1,110.81,30008,9/24/2024,1,99.97,11885-03-PGRN-0924-604,9/27/2024
11885 - AMAN AUTOMOTIVES,11885,GHAZIABAD,11885-03-PLPO-0924-483,9/22/2024,SO Generated,VOR,HHML Parts,83647ACL000AS,SIDE SHROUD GARNISH LEFT NH-1,1,295.49,30008,9/24/2024,1,266.59,11885-03-PGRN-0924-604,9/27/2024
11885 - AMAN AUTOMOTIVES,11885,GHAZIABAD,11885-03-PLPO-0924-484,9/23/2024,SO Generated,VOR,HDX Parts,HDH37100RAA011S,METER ASSEMBLY COMBINATION,1,10752.52,30008,10-05-2024,1,9865.04,,0-00-00
11885 - AMAN AUTOMOTIVES,11885,GHAZIABAD,11885-03-PLPO-0924-484,9/23/2024,SO Generated,VOR,HHML Parts,24701AAE300S,PEDAL GEAR CHANGE,1,151.03,30008,9/28/2024,1,136.26,11885-03-PGRN-0924-621,9/29/2024
11885 - AMAN AUTOMOTIVES,11885,GHAZIABAD,11885-03-PLPO-0924-484,9/23/2024,SO Generated,VOR,HHML Parts,32100AAE310S,HARNESS WIRE,1,2450.15,30008,9/25/2024,1,2228.03,11885-03-PGRN-0924-602,9/27/2024
11885 - AMAN AUTOMOTIVES,11885,GHAZIABAD,11885-03-PLPO-0924-484,9/23/2024,SO Generated,VOR,HHML Parts,37113ACL001S,UPPER CASE ASSEMBLY,1,123.12,30008,9/28/2024,1,111.08,11885-03-PGRN-0924-618,9/29/2024
11885 - AMAN AUTOMOTIVES,11885,GHAZIABAD,11885-03-PLPO-0924-484,9/23/2024,SO Generated,VOR,HHML Parts,37213ABS301S,GLASS ASSY,1,125.22,30008,9/28/2024,1,113.87,11885-03-PGRN-0924-621,9/29/2024
11885 - AMAN AUTOMOTIVES,11885,GHAZIABAD,11885-03-PLPO-0924-484,9/23/2024,SO Generated,VOR,HHML Parts,40510AAE200S,CASE UP (HALF) DRIVE CHAIN,1,246.24,30008,9/30/2024,1,222.16,11885-03-PGRN-1024-627,10-05-2024
11885 - AMAN AUTOMOTIVES,11885,GHAZIABAD,11885-03-PLPO-0924-484,9/23/2024,SO Generated,VOR,HHML Parts,53172AAWD00S,BRACKET LEFT BRAKE LEVER,1,114.91,30008,9/28/2024,1,103.67,11885-03-PGRN-0924-617,9/29/2024
11885 - AMAN AUTOMOTIVES,11885,GHAZIABAD,11885-03-PLPO-0924-484,9/23/2024,SO Generated,VOR,HHML Parts,53173KTRA20S,BRACKET RIGHT HANDLE LEVER,1,75.51,30008,10-05-2024,1,68.13,,0-00-00
11885 - AMAN AUTOMOTIVES,11885,GHAZIABAD,11885-03-PLPO-0924-484,9/23/2024,SO Generated,VOR,HHML Parts,64360AAW400VS,FR COVER CENTER (SRD R-321),1,1863.22,30008,9/25/2024,1,1681.01,11885-03-PGRN-0924-602,9/27/2024
11885 - AMAN AUTOMOTIVES,11885,GHAZIABAD,11885-03-PLPO-0924-484,9/23/2024,SO Generated,VOR,HHML Parts,77243AAWD00S,CABLE SEAT LOCK A,1,106.7,30008,9/25/2024,1,96.27,11885-03-PGRN-0924-602,9/27/2024
11885 - AMAN AUTOMOTIVES,11885,GHAZIABAD,11885-03-PLPO-0924-485,9/23/2024,Submitted,STD,HHML Parts,35330413003S,SWITCH COMPLETE FRONT LEVER,10,258.8,11315,0-00-00,,,,0-00-00
11885 - AMAN AUTOMOTIVES,11885,GHAZIABAD,11885-03-PLPO-0924-485,9/23/2024,Submitted,STD,HHML Parts,53178AAFH00S,LEVER COMP.L STRG.HNDL.,10,738.7,11315,0-00-00,,,,0-00-00
11885 - AMAN AUTOMOTIVES,11885,GHAZIABAD,11885-03-PLPO-0924-486,9/23/2024,SO Generated,STD,HHML Parts,24701AAE300S,PEDAL GEAR CHANGE,1,151.03,23061,0-00-00,,,,0-00-00
11885 - AMAN AUTOMOTIVES,11885,GHAZIABAD,11885-03-PLPO-0924-486,9/23/2024,SO Generated,STD,HHML Parts,35330413003S,SWITCH COMPLETE FRONT LEVER,5,129.4,23061,0-00-00,,,,0-00-00
11885 - AMAN AUTOMOTIVES,11885,GHAZIABAD,11885-03-PLPO-0924-486,9/23/2024,SO Generated,STD,HHML Parts,40510AAE200S,CASE UP (HALF) DRIVE CHAIN,2,492.48,23061,9/23/2024,2,492.48,11885-03-PGRN-0924-593,9/23/2024
11885 - AMAN AUTOMOTIVES,11885,GHAZIABAD,11885-03-PLPO-0924-487,9/25/2024,SO Generated,STD,HHML Parts,06455AAN211S,"KIT, PAD FR",3,738.72,30008,9/26/2024,3,666.48,11885-03-PGRN-0924-619,9/29/2024
11885 - AMAN AUTOMOTIVES,11885,GHAZIABAD,11885-03-PLPO-0924-487,9/25/2024,SO Generated,STD,HHML Parts,06455AANE00S,"KIT, PAD FR",5,1436.4,30008,9/26/2024,5,1295.95,11885-03-PGRN-0924-619,9/29/2024
11885 - AMAN AUTOMOTIVES,11885,GHAZIABAD,11885-03-PLPO-0924-487,9/25/2024,SO Generated,STD,HHML Parts,06455KVE861S,"KIT, PAD FR",5,2749.7,30008,9/26/2024,5,2480.8,11885-03-PGRN-0924-619,9/29/2024
11885 - AMAN AUTOMOTIVES,11885,GHAZIABAD,11885-03-PLPO-0924-487,9/25/2024,SO Generated,STD,HHML Parts,11395AAN410S,GSKT L CRANK CASE COVER,3,75.12,30008,9/26/2024,3,68.31,11885-03-PGRN-0924-619,9/29/2024
11885 - AMAN AUTOMOTIVES,11885,GHAZIABAD,11885-03-PLPO-0924-487,9/25/2024,SO Generated,STD,HHML Parts,11395KWK900S,GASKET L COVER,3,100.17,30008,9/26/2024,3,91.08,11885-03-PGRN-0924-619,9/29/2024
11885 - AMAN AUTOMOTIVES,11885,GHAZIABAD,11885-03-PLPO-0924-487,9/25/2024,SO Generated,STD,HHML Parts,12101AAE300S,CYLINDER,3,3607.44,30008,0-00-00,,,,0-00-00
11885 - AMAN AUTOMOTIVES,11885,GHAZIABAD,11885-03-PLPO-0924-487,9/25/2024,SO Generated,STD,HHML Parts,12251ABG000S,GASKET CYLINDER HEAD,5,292.2,30008,9/26/2024,5,265.7,11885-03-PGRN-0924-619,9/29/2024
11885 - AMAN AUTOMOTIVES,11885,GHAZIABAD,11885-03-PLPO-0924-487,9/25/2024,SO Generated,STD,HHML Parts,12251KPL840S,GASKET CYLINDER HEAD,5,271.3,30008,0-00-00,,,,0-00-00
11885 - AMAN AUTOMOTIVES,11885,GHAZIABAD,11885-03-PLPO-0924-487,9/25/2024,SO Generated,STD,HHML Parts,12391ABW800S,GASKET HEAD COVER,3,162.78,30008,0-00-00,,,,0-00-00
11885 - AMAN AUTOMOTIVES,11885,GHAZIABAD,11885-03-PLPO-0924-487,9/25/2024,SO Generated,STD,HHML Parts,13000KTC902S,CRANK SHAFT COMP.,1,2733.98,30008,9/26/2024,1,2486.13,11885-03-PGRN-0924-619,9/29/2024
11885 - AMAN AUTOMOTIVES,11885,GHAZIABAD,11885-03-PLPO-0924-487,9/25/2024,SO Generated,STD,HHML Parts,14100ABZ000S,SHAFT COMP CAM,1,730.45,30008,9/26/2024,1,664.23,11885-03-PGRN-0924-619,9/29/2024
11885 - AMAN AUTOMOTIVES,11885,GHAZIABAD,11885-03-PLPO-0924-487,9/25/2024,SO Generated,STD,HHML Parts,14401AABA00S,CHAIN CAM,1,325.57,30008,9/26/2024,1,296.06,11885-03-PGRN-0924-619,9/29/2024
11885 - AMAN AUTOMOTIVES,11885,GHAZIABAD,11885-03-PLPO-0924-487,9/25/2024,SO Generated,STD,HHML Parts,14401AAD00099S,CAM CHAIN,20,2254,30008,9/26/2024,20,2049.6,11885-03-PGRN-0924-619,9/29/2024
11885 - AMAN AUTOMOTIVES,11885,GHAZIABAD,11885-03-PLPO-0924-487,9/25/2024,SO Generated,STD,HHML Parts,14711AANB00S,VALVE INLET,5,513,30008,9/26/2024,5,462.85,11885-03-PGRN-0924-619,9/29/2024
11885 - AMAN AUTOMOTIVES,11885,GHAZIABAD,11885-03-PLPO-0924-487,9/25/2024,SO Generated,STD,HHML Parts,14721AANB00S,VALVE EXHAUST,5,1021.9,30008,9/26/2024,5,921.95,11885-03-PGRN-0924-619,9/29/2024
11885 - AMAN AUTOMOTIVES,11885,GHAZIABAD,11885-03-PLPO-0924-487,9/25/2024,SO Generated,STD,HHML Parts,16400AACD10S,THROTTLE BODY ASSY,1,6156.03,30008,9/26/2024,1,5553.99,11885-03-PGRN-0924-619,9/29/2024
11885 - AMAN AUTOMOTIVES,11885,GHAZIABAD,11885-03-PLPO-0924-487,9/25/2024,SO Generated,STD,HHML Parts,17208AABA00S,ELEMENT COMP AIR/C,20,2421,30008,9/26/2024,20,2201.4,11885-03-PGRN-0924-619,9/29/2024
11885 - AMAN AUTOMOTIVES,11885,GHAZIABAD,11885-03-PLPO-0924-487,9/25/2024,SO Generated,STD,HHML Parts,17208AAT00099S,HOLDER COMP ELEMENT,80,16416,30008,9/26/2024,80,14810.4,11885-03-PGRN-0924-619,9/29/2024
11885 - AMAN AUTOMOTIVES,11885,GHAZIABAD,11885-03-PLPO-0924-487,9/25/2024,SO Generated,STD,HHML Parts,17520AAEC00XS,FUEL TANK(BLACK (TYPE-6)NH-1(T6)(X),1,4186.1,30008,9/26/2024,1,3776.71,11885-03-PGRN-0924-619,9/29/2024
11885 - AMAN AUTOMOTIVES,11885,GHAZIABAD,11885-03-PLPO-0924-487,9/25/2024,SO Generated,STD,HHML Parts,17910AAGA00S,CABLE COMP THROTTLE,10,1067,30008,9/26/2024,10,962.7,11885-03-PGRN-0924-619,9/29/2024
11885 - AMAN AUTOMOTIVES,11885,GHAZIABAD,11885-03-PLPO-0924-487,9/25/2024,SO Generated,STD,HHML Parts,17910AAGJ00S,CABLE COMPLETE THROTTLE,3,320.1,30008,0-00-00,,,,0-00-00
11885 - AMAN AUTOMOTIVES,11885,GHAZIABAD,11885-03-PLPO-0924-487,9/25/2024,SO Generated,STD,HHML Parts,17910ABH00099S,CABLE COMP THROTTLE,3,504.78,30008,9/26/2024,3,455.43,11885-03-PGRN-0924-619,9/29/2024
11885 - AMAN AUTOMOTIVES,11885,GHAZIABAD,11885-03-PLPO-0924-487,9/25/2024,SO Generated,STD,HHML Parts,17910ABSB0099S,CABLE COMPLETE THROTTLE,3,504.78,30008,9/29/2024,3,455.43,11885-03-PGRN-1024-631,10-05-2024
11885 - AMAN AUTOMOTIVES,11885,GHAZIABAD,11885-03-PLPO-0924-487,9/25/2024,SO Generated,STD,HHML Parts,17910ACK000S,CABLE COMP. THROT,5,513,30008,9/26/2024,5,462.85,11885-03-PGRN-0924-619,9/29/2024
11885 - AMAN AUTOMOTIVES,11885,GHAZIABAD,11885-03-PLPO-0924-487,9/25/2024,SO Generated,STD,HHML Parts,18312KVE860S,COVER  MUFFLER,1,172.37,30008,9/26/2024,1,155.51,11885-03-PGRN-0924-619,9/29/2024
11885 - AMAN AUTOMOTIVES,11885,GHAZIABAD,11885-03-PLPO-0924-487,9/25/2024,SO Generated,STD,HHML Parts,20K1110S,CHAIN SPROCKET KIT,15,10588.35,30008,9/26/2024,15,9552.9,11885-03-PGRN-0924-619,9/29/2024
11885 - AMAN AUTOMOTIVES,11885,GHAZIABAD,11885-03-PLPO-0924-487,9/25/2024,SO Generated,STD,HHML Parts,21K201S,CYLINDER KIT (GLAMOUR NEW,1,2462.41,30008,9/26/2024,1,2221.6,11885-03-PGRN-0924-619,9/29/2024
11885 - AMAN AUTOMOTIVES,11885,GHAZIABAD,11885-03-PLPO-0924-487,9/25/2024,SO Generated,STD,HHML Parts,22120AAF401S,CENTER CLUTCH,3,763.86,30008,9/26/2024,3,694.59,11885-03-PGRN-0924-619,9/29/2024
11885 - AMAN AUTOMOTIVES,11885,GHAZIABAD,11885-03-PLPO-0924-487,9/25/2024,SO Generated,STD,HHML Parts,22120KRM840S,CENTER CLUTCH,3,701.79,30008,9/29/2024,3,633.15,11885-03-PGRN-1024-631,10-05-2024
11885 - AMAN AUTOMOTIVES,11885,GHAZIABAD,11885-03-PLPO-0924-487,9/25/2024,SO Generated,STD,HHML Parts,22121AANB00S,CENTER CLUTCH,5,1518.5,30008,9/26/2024,5,1370,11885-03-PGRN-0924-619,9/29/2024
11885 - AMAN AUTOMOTIVES,11885,GHAZIABAD,11885-03-PLPO-0924-487,9/25/2024,SO Generated,STD,HHML Parts,22121AANB01S,CENTER CLUTCH,3,751.32,30008,9/26/2024,3,683.22,11885-03-PGRN-0924-619,9/29/2024
11885 - AMAN AUTOMOTIVES,11885,GHAZIABAD,11885-03-PLPO-0924-487,9/25/2024,SO Generated,STD,HHML Parts,22350AAF400S,PLATE CLUTCH PRESSURE,10,1395.4,30008,9/26/2024,10,1258.9,11885-03-PGRN-0924-619,9/29/2024
11885 - AMAN AUTOMOTIVES,11885,GHAZIABAD,11885-03-PLPO-0924-487,9/25/2024,SO Generated,STD,HHML Parts,22355KRM840S,PLATE CLUTCH PRESSURE,3,898.77,30008,9/26/2024,3,810.87,11885-03-PGRN-0924-619,9/29/2024
11885 - AMAN AUTOMOTIVES,11885,GHAZIABAD,11885-03-PLPO-0924-487,9/25/2024,SO Generated,STD,HHML Parts,22870ABZ000S,CABLE COMP CLUTCH,5,525.3,30008,9/26/2024,5,473.95,11885-03-PGRN-0924-619,9/29/2024
11885 - AMAN AUTOMOTIVES,11885,GHAZIABAD,11885-03-PLPO-0924-487,9/25/2024,SO Generated,STD,HHML Parts,31120ACK011S,STATOR COMP,3,2499.36,30008,9/26/2024,3,2254.92,11885-03-PGRN-0924-619,9/29/2024
11885 - AMAN AUTOMOTIVES,11885,GHAZIABAD,11885-03-PLPO-0924-487,9/25/2024,SO Generated,STD,HHML Parts,32100AAE310S,HARNESS WIRE,1,2450.15,30008,9/26/2024,1,2228.03,11885-03-PGRN-0924-619,9/29/2024
11885 - AMAN AUTOMOTIVES,11885,GHAZIABAD,11885-03-PLPO-0924-487,9/25/2024,SO Generated,STD,HHML Parts,33100AACB01S,LIGHT ASSY HEAD,1,2951.03,30008,9/26/2024,1,2683.5,11885-03-PGRN-0924-619,9/29/2024
11885 - AMAN AUTOMOTIVES,11885,GHAZIABAD,11885-03-PLPO-0924-487,9/25/2024,SO Generated,STD,HHML Parts,33100AAE941S,LIGHT ASSEMBLY HEAD LAMP,1,2504.41,30008,9/26/2024,1,2277.37,11885-03-PGRN-0924-619,9/29/2024
11885 - AMAN AUTOMOTIVES,11885,GHAZIABAD,11885-03-PLPO-0924-487,9/25/2024,SO Generated,STD,HHML Parts,3310BAAH10099S,LIGHT ASSY. HEAD,1,425.75,30008,9/26/2024,1,387.15,11885-03-PGRN-0924-619,9/29/2024
11885 - AMAN AUTOMOTIVES,11885,GHAZIABAD,11885-03-PLPO-0924-487,9/25/2024,SO Generated,STD,HHML Parts,3310BAAL501S,LIGHT ASSY HEAD,1,472.5,30008,9/26/2024,1,429.66,11885-03-PGRN-0924-619,9/29/2024
11885 - AMAN AUTOMOTIVES,11885,GHAZIABAD,11885-03-PLPO-0924-487,9/25/2024,SO Generated,STD,HHML Parts,3310BAAW00099S,LIGHT ASSY HEAD(W/O BULB),2,1001.76,30008,9/26/2024,2,910.94,11885-03-PGRN-0924-619,9/29/2024
11885 - AMAN AUTOMOTIVES,11885,GHAZIABAD,11885-03-PLPO-0924-487,9/25/2024,SO Generated,STD,HHML Parts,3360BAAF40099S,WINKERS RR R(W/O BULB),3,345.6,30008,9/26/2024,3,314.28,11885-03-PGRN-0924-619,9/29/2024
11885 - AMAN AUTOMOTIVES,11885,GHAZIABAD,11885-03-PLPO-0924-487,9/25/2024,SO Generated,STD,HHML Parts,33650KCC710S,WINKER ASSY L RR,20,3673.2,30008,9/26/2024,20,3340.2,11885-03-PGRN-0924-619,9/29/2024
11885 - AMAN AUTOMOTIVES,11885,GHAZIABAD,11885-03-PLPO-0924-487,9/25/2024,SO Generated,STD,HHML Parts,3365BAAF40099S,WINKERS RR L(W/O BULB),3,345.6,30008,9/26/2024,3,314.28,11885-03-PGRN-0924-619,9/29/2024
11885 - AMAN AUTOMOTIVES,11885,GHAZIABAD,11885-03-PLPO-0924-487,9/25/2024,SO Generated,STD,HHML Parts,35010AAE201S,"KIT, LOCKS & KEYS",2,1377.42,30008,9/26/2024,2,1252.56,11885-03-PGRN-0924-619,9/29/2024
11885 - AMAN AUTOMOTIVES,11885,GHAZIABAD,11885-03-PLPO-0924-487,9/25/2024,SO Generated,STD,HHML Parts,35010AAE301S,"""KIT, LOCKS & KEYS""",3,2066.13,30008,9/26/2024,3,1878.84,11885-03-PGRN-0924-619,9/29/2024
11885 - AMAN AUTOMOTIVES,11885,GHAZIABAD,11885-03-PLPO-0924-487,9/25/2024,SO Generated,STD,HHML Parts,35010AAGA0099S,"KIT, LOCKS & KEYS",2,1911.7,30008,9/26/2024,2,1738.4,11885-03-PGRN-0924-619,9/29/2024
11885 - AMAN AUTOMOTIVES,11885,GHAZIABAD,11885-03-PLPO-0924-487,9/25/2024,SO Generated,STD,HHML Parts,35010AAL000S,"KIT, LOCKS & KEYS",1,680.36,30008,0-00-00,,,,0-00-00
11885 - AMAN AUTOMOTIVES,11885,GHAZIABAD,11885-03-PLPO-0924-487,9/25/2024,SO Generated,STD,HHML Parts,35010AAL601S,"KIT, LOCKS & KEYS",1,496.71,30008,9/26/2024,1,451.68,11885-03-PGRN-0924-619,9/29/2024
11885 - AMAN AUTOMOTIVES,11885,GHAZIABAD,11885-03-PLPO-0924-487,9/25/2024,SO Generated,STD,HHML Parts,35010AAW000S,"KIT, LOCKS & KEYS",5,8350.35,30008,9/29/2024,1,1670.07,11885-03-PGRN-1024-631,10-05-2024
11885 - AMAN AUTOMOTIVES,11885,GHAZIABAD,11885-03-PLPO-0924-487,9/25/2024,SO Generated,STD,HHML Parts,35010AAW301S,"KIT, LOCKS & KEYS",1,617.75,30008,9/26/2024,1,561.75,11885-03-PGRN-0924-619,9/29/2024
11885 - AMAN AUTOMOTIVES,11885,GHAZIABAD,11885-03-PLPO-0924-487,9/25/2024,SO Generated,STD,HHML Parts,35140ACD001S,SENSOR ASSEMBLY SIDE STAND,1,262.96,30008,9/26/2024,1,239.12,11885-03-PGRN-0924-619,9/29/2024
11885 - AMAN AUTOMOTIVES,11885,GHAZIABAD,11885-03-PLPO-0924-487,9/25/2024,SO Generated,STD,HHML Parts,35150ABZ001S,SWITCH ASSEMBLY ENGINE STOP & START,2,550.98,30008,0-00-00,,,,0-00-00
11885 - AMAN AUTOMOTIVES,11885,GHAZIABAD,11885-03-PLPO-0924-487,9/25/2024,SO Generated,STD,HHML Parts,35150ACL001S,SWITCH ASSEMBLY I3S ENG STOP AND START,1,709.58,30008,9/26/2024,1,645.25,11885-03-PGRN-0924-619,9/29/2024
11885 - AMAN AUTOMOTIVES,11885,GHAZIABAD,11885-03-PLPO-0924-487,9/25/2024,SO Generated,STD,HHML Parts,35150ACL011S,SWITCH ASSEMBLY ENG STOP AND START,2,1043.5,30008,9/26/2024,2,948.9,11885-03-PGRN-0924-619,9/29/2024
11885 - AMAN AUTOMOTIVES,11885,GHAZIABAD,11885-03-PLPO-0924-487,9/25/2024,SO Generated,STD,HHML Parts,35150ACL021S,SWITCH ENG STOP AND START WITH PANIC,1,626.1,30008,9/26/2024,1,569.34,11885-03-PGRN-0924-619,9/29/2024
11885 - AMAN AUTOMOTIVES,11885,GHAZIABAD,11885-03-PLPO-0924-487,9/25/2024,SO Generated,STD,HHML Parts,35200ABZ001S,SWITCH ASSEMBLY WINKER,1,521.75,30008,0-00-00,,,,0-00-00
11885 - AMAN AUTOMOTIVES,11885,GHAZIABAD,11885-03-PLPO-0924-487,9/25/2024,SO Generated,STD,HHML Parts,35200ACL011S,SWITCH ASSEMBLY WINKER WITH HAZARD,2,1193.76,30008,9/26/2024,2,1085.54,11885-03-PGRN-0924-619,9/29/2024
11885 - AMAN AUTOMOTIVES,11885,GHAZIABAD,11885-03-PLPO-0924-487,9/25/2024,SO Generated,STD,HHML Parts,37213ABS301S,GLASS ASSY,2,250.44,30008,0-00-00,,,,0-00-00
11885 - AMAN AUTOMOTIVES,11885,GHAZIABAD,11885-03-PLPO-0924-487,9/25/2024,SO Generated,STD,HHML Parts,37700AAC811S,SPEED SENSOR ASSY,3,801.42,30008,9/26/2024,3,728.76,11885-03-PGRN-0924-619,9/29/2024
11885 - AMAN AUTOMOTIVES,11885,GHAZIABAD,11885-03-PLPO-0924-487,9/25/2024,SO Generated,STD,HHML Parts,37750ACK001S,SENSOR ASSY. T-OIL,3,535.95,30008,9/26/2024,3,487.35,11885-03-PGRN-0924-619,9/29/2024
11885 - AMAN AUTOMOTIVES,11885,GHAZIABAD,11885-03-PLPO-0924-487,9/25/2024,SO Generated,STD,HHML Parts,38301AAE20099S,RELAY COMP WINKER,10,918.3,30008,0-00-00,,,,0-00-00
11885 - AMAN AUTOMOTIVES,11885,GHAZIABAD,11885-03-PLPO-0924-487,9/25/2024,SO Generated,STD,HHML Parts,40510AAE200S,CASE UP (HALF) DRIVE CHAIN,3,738.72,30008,0-00-00,,,,0-00-00
11885 - AMAN AUTOMOTIVES,11885,GHAZIABAD,11885-03-PLPO-0924-487,9/25/2024,SO Generated,STD,HHML Parts,4052AAAE200S,CHAIN CASE UND HALF SUB ASSY,2,492.48,30008,0-00-00,,,,0-00-00
11885 - AMAN AUTOMOTIVES,11885,GHAZIABAD,11885-03-PLPO-0924-487,9/25/2024,SO Generated,STD,HHML Parts,43410AAHF00S,ARM REAR BRAKE,2,100.14,30008,0-00-00,,,,0-00-00
11885 - AMAN AUTOMOTIVES,11885,GHAZIABAD,11885-03-PLPO-0924-487,9/25/2024,SO Generated,STD,HHML Parts,45251KSP861S,DISC FR. BRAKE,3,3444.9,30008,9/26/2024,3,3108,11885-03-PGRN-0924-619,9/29/2024
11885 - AMAN AUTOMOTIVES,11885,GHAZIABAD,11885-03-PLPO-0924-487,9/25/2024,SO Generated,STD,HHML Parts,46544AAEB00S,REAR BRAKE PEDAL & ROD SUB ASSEMBLY,5,3878.3,30008,9/26/2024,5,3499,11885-03-PGRN-0924-619,9/29/2024
11885 - AMAN AUTOMOTIVES,11885,GHAZIABAD,11885-03-PLPO-0924-487,9/25/2024,SO Generated,STD,HHML Parts,50100AAE300S,FRAME BODY COMP,2,16054.92,30008,9/26/2024,2,14484.8,11885-03-PGRN-0924-619,9/29/2024
11885 - AMAN AUTOMOTIVES,11885,GHAZIABAD,11885-03-PLPO-0924-487,9/25/2024,SO Generated,STD,HHML Parts,50500AAHH40S,STAND COMP.MAIN,5,2010.95,30008,9/26/2024,5,1814.3,11885-03-PGRN-0924-619,9/29/2024
11885 - AMAN AUTOMOTIVES,11885,GHAZIABAD,11885-03-PLPO-0924-487,9/25/2024,SO Generated,STD,HHML Parts,52110AAE200S,SWINGARM COMP,1,824.91,30008,9/26/2024,1,744.23,11885-03-PGRN-0924-619,9/29/2024
11885 - AMAN AUTOMOTIVES,11885,GHAZIABAD,11885-03-PLPO-0924-487,9/25/2024,SO Generated,STD,HHML Parts,52110AAE300S,SWINGARM COMP  REAR,5,4083.5,30008,9/26/2024,5,3684.15,11885-03-PGRN-0924-619,9/29/2024
11885 - AMAN AUTOMOTIVES,11885,GHAZIABAD,11885-03-PLPO-0924-487,9/25/2024,SO Generated,STD,HHML Parts,52110AAF400S,SWINGARM COMP RR,1,1095.77,30008,9/26/2024,1,988.61,11885-03-PGRN-0924-619,9/29/2024
11885 - AMAN AUTOMOTIVES,11885,GHAZIABAD,11885-03-PLPO-0924-487,9/25/2024,SO Generated,STD,HHML Parts,52147AAF400S,RUBBER BUSH SWINGARM PIVOT,4,136.92,30008,9/26/2024,4,124.48,11885-03-PGRN-0924-619,9/29/2024
11885 - AMAN AUTOMOTIVES,11885,GHAZIABAD,11885-03-PLPO-0924-487,9/25/2024,SO Generated,STD,HHML Parts,52147KTC900S,RUBBER BUSH RR.FORK PIVOT,10,375.7,30008,9/26/2024,10,341.6,11885-03-PGRN-0924-619,9/29/2024
11885 - AMAN AUTOMOTIVES,11885,GHAZIABAD,11885-03-PLPO-0924-487,9/25/2024,SO Generated,STD,HHML Parts,53100AAH810S,PIPE STRG. HANDLE,2,771.56,30008,9/26/2024,2,696.1,11885-03-PGRN-0924-619,9/29/2024
11885 - AMAN AUTOMOTIVES,11885,GHAZIABAD,11885-03-PLPO-0924-487,9/25/2024,SO Generated,STD,HHML Parts,53173KTRA20S,BRACKET RIGHT HANDLE LEVER,5,377.55,30008,0-00-00,,,,0-00-00
11885 - AMAN AUTOMOTIVES,11885,GHAZIABAD,11885-03-PLPO-0924-487,9/25/2024,SO Generated,STD,HHML Parts,53175KFN850LS,LEVER R STRG. HANDLE,5,398.1,30008,0-00-00,,,,0-00-00
11885 - AMAN AUTOMOTIVES,11885,GHAZIABAD,11885-03-PLPO-0924-487,9/25/2024,SO Generated,STD,HHML Parts,53230KCC900S,BRIDGE COMP.FORK TOP,5,1038.3,30008,0-00-00,,,,0-00-00
11885 - AMAN AUTOMOTIVES,11885,GHAZIABAD,11885-03-PLPO-0924-487,9/25/2024,SO Generated,STD,HHML Parts,61311KCC840S,STAY HEAD LIGHT BRACKET,3,418.62,30008,9/26/2024,3,377.67,11885-03-PGRN-0924-619,9/29/2024
11885 - AMAN AUTOMOTIVES,11885,GHAZIABAD,11885-03-PLPO-0924-487,9/25/2024,SO Generated,STD,HHML Parts,61312AAE330S,STAY METER MOUNTING,10,919.3,30008,0-00-00,,,,0-00-00
11885 - AMAN AUTOMOTIVES,11885,GHAZIABAD,11885-03-PLPO-0924-487,9/25/2024,SO Generated,STD,HHML Parts,61313KCC900S,STAY RIGHT HEADLIGHT,10,369.4,30008,9/26/2024,10,333.2,11885-03-PGRN-0924-619,9/29/2024
11885 - AMAN AUTOMOTIVES,11885,GHAZIABAD,11885-03-PLPO-0924-487,9/25/2024,SO Generated,STD,HHML Parts,61314AAE710S,STAY LEFT HEADLIGHT,15,1046.55,30008,0-00-00,,,,0-00-00
11885 - AMAN AUTOMOTIVES,11885,GHAZIABAD,11885-03-PLPO-0924-487,9/25/2024,SO Generated,STD,HHML Parts,77240AAC800YS,REAR COWL RH BLACK NH 1,1,554.04,30008,0-00-00,,,,0-00-00
11885 - AMAN AUTOMOTIVES,11885,GHAZIABAD,11885-03-PLPO-0924-487,9/25/2024,SO Generated,STD,HHML Parts,77240AAY301S,FUEL CAP OPENING CABLE,10,1149.1,30008,9/26/2024,10,1036.7,11885-03-PGRN-0924-619,9/29/2024
11885 - AMAN AUTOMOTIVES,11885,GHAZIABAD,11885-03-PLPO-0924-487,9/25/2024,SO Generated,STD,HHML Parts,77250AAC800YS,REAR COWL LH BLACK NH 1,1,554.04,30008,9/26/2024,1,499.86,11885-03-PGRN-0924-619,9/29/2024
11885 - AMAN AUTOMOTIVES,11885,GHAZIABAD,11885-03-PLPO-0924-487,9/25/2024,SO Generated,STD,HHML Parts,83402AAE710S,PANEL INNER,5,1243.5,30008,0-00-00,,,,0-00-00
11885 - AMAN AUTOMOTIVES,11885,GHAZIABAD,11885-03-PLPO-0924-487,9/25/2024,SO Generated,STD,HHML Parts,83500ACK000TS,R. SIDE COVER (BLACK-3) (W/O I3S),1,517.11,30008,0-00-00,,,,0-00-00
11885 - AMAN AUTOMOTIVES,11885,GHAZIABAD,11885-03-PLPO-0924-487,9/25/2024,SO Generated,STD,HHML Parts,83620ACK510BS,SIDE COVER LEFT ASSEMBLY NH-1,1,656.64,30008,9/26/2024,1,592.43,11885-03-PGRN-0924-619,9/29/2024
11885 - AMAN AUTOMOTIVES,11885,GHAZIABAD,11885-03-PLPO-0924-487,9/25/2024,SO Generated,STD,HHML Parts,90107KAN900S,BOLT BODY COVER,10,58.4,30008,9/26/2024,10,53.1,11885-03-PGRN-0924-619,9/29/2024
11885 - AMAN AUTOMOTIVES,11885,GHAZIABAD,11885-03-PLPO-0924-487,9/25/2024,SO Generated,STD,HHML Parts,9281110000S,BOLT'A'BRAKE STOPER,30,275.4,30008,0-00-00,,,,0-00-00
11885 - AMAN AUTOMOTIVES,11885,GHAZIABAD,11885-03-PLPO-0924-487,9/25/2024,SO Generated,STD,HHML Parts,9501472302S,SPRING C SIDE STAND,10,192,30008,0-00-00,,,,0-00-00
11885 - AMAN AUTOMOTIVES,11885,GHAZIABAD,11885-03-PLPO-0924-487,9/25/2024,SO Generated,STD,HHML Parts,9820031000S,BLADE FUSE 10 A,30,150.3,30008,9/26/2024,30,136.5,11885-03-PGRN-0924-619,9/29/2024
11885 - AMAN AUTOMOTIVES,11885,GHAZIABAD,11885-03-PLPO-0924-487,9/25/2024,SO Generated,STD,HHML Parts,9820031500S,BLADE FUSE 15 A,30,275.4,30008,9/26/2024,30,250.5,11885-03-PGRN-0924-619,9/29/2024
11885 - AMAN AUTOMOTIVES,11885,GHAZIABAD,11885-03-PLPO-0924-487,9/25/2024,SO Generated,STD,HHML Parts,98210HMC000S,MINI FUSE 10A,10,41.7,30008,9/26/2024,10,38,11885-03-PGRN-0924-619,9/29/2024
11885 - AMAN AUTOMOTIVES,11885,GHAZIABAD,11885-03-PLPO-0924-487,9/25/2024,SO Generated,STD,HHML Parts,98215HMC000S,MINI FUSE 15A,10,41.7,30008,9/26/2024,10,38,11885-03-PGRN-0924-619,9/29/2024
11885 - AMAN AUTOMOTIVES,11885,GHAZIABAD,11885-03-PLPO-0924-487,9/25/2024,SO Generated,STD,HHML Parts,ADGAA7Y00100099GS,METER ASSEMBLY COMBINATION,1,3036.97,30008,0-00-00,,,,0-00-00
11885 - AMAN AUTOMOTIVES,11885,GHAZIABAD,11885-03-PLPO-0924-487,9/25/2024,SO Generated,STD,HHML Parts,K11113ABZA000S,SCHEDULED MAINTENANCE KIT-160CC,5,438.25,30008,9/26/2024,5,398.55,11885-03-PGRN-0924-619,9/29/2024
11885 - AMAN AUTOMOTIVES,11885,GHAZIABAD,11885-03-PLPO-0924-487,9/25/2024,SO Generated,STD,HHML Parts,K22222KTNA900S,KIT DISC CLUTCH FRICTION,2,2429.58,30008,9/26/2024,2,2191.98,11885-03-PGRN-0924-619,9/29/2024
11885 - AMAN AUTOMOTIVES,11885,GHAZIABAD,11885-03-PLPO-0924-487,9/25/2024,SO Generated,STD,HHML Parts,K41412AANNB00S,CHAIN SPROCKET KIT,5,3365.3,30008,9/26/2024,5,3036.2,11885-03-PGRN-0924-619,9/29/2024
11885 - AMAN AUTOMOTIVES,11885,GHAZIABAD,11885-03-PLPO-0924-487,9/25/2024,SO Generated,STD,HHML Parts,K42426AAED230S,KIT WHEEL COMP REAR,5,22141.15,30008,0-00-00,,,,0-00-00
11885 - AMAN AUTOMOTIVES,11885,GHAZIABAD,11885-03-PLPO-0924-487,9/25/2024,SO Generated,STD,HHML Parts,K44446AAED230S,KIT WHEEL COMP FRONT,2,7928.96,30008,0-00-00,,,,0-00-00
11885 - AMAN AUTOMOTIVES,11885,GHAZIABAD,11885-03-PLPO-0924-487,9/25/2024,SO Generated,STD,HHML Parts,K50506KCCA900LS,KIT STEP,20,3841.4,30008,9/26/2024,20,3465.6,11885-03-PGRN-0924-619,9/29/2024
11885 - AMAN AUTOMOTIVES,11885,GHAZIABAD,11885-03-PLPO-0924-487,9/25/2024,SO Generated,STD,HHML Parts,K50506KCCA900RS,KIT STEP,20,3841.4,30008,9/26/2024,20,3465.6,11885-03-PGRN-0924-619,9/29/2024
11885 - AMAN AUTOMOTIVES,11885,GHAZIABAD,11885-03-PLPO-0924-487,9/25/2024,SO Generated,STD,HHML Parts,K53532ABZA000S,KIT BALL RACES,3,1314.81,30008,0-00-00,,,,0-00-00
11885 - AMAN AUTOMOTIVES,11885,GHAZIABAD,11885-03-PLPO-0924-490,9/25/2024,SO Generated,VOR,HHML Parts,37100ABW001S,METER ASSY COMB,1,5143.97,30008,9/30/2024,1,4640.91,11885-03-PGRN-1024-626,10-05-2024
11885 - AMAN AUTOMOTIVES,11885,GHAZIABAD,11885-03-PLPO-0924-490,9/25/2024,SO Generated,VOR,HHML Parts,77266AAN410S,COWL REAR UNDER,1,255.27,30008,9/27/2024,1,230.31,11885-03-PGRN-0924-614,9/29/2024
11885 - AMAN AUTOMOTIVES,11885,GHAZIABAD,11885-03-PLPO-0924-491,9/25/2024,SO Generated,VOR,HHML Parts,16400ACL500S,THROTTLE BODY ASSEMBLY,1,6082.15,30008,9/27/2024,1,5487.34,11885-03-PGRN-0924-613,9/29/2024
11885 - AMAN AUTOMOTIVES,11885,GHAZIABAD,11885-03-PLPO-0924-495,9/26/2024,SO Generated,STD,HHML Parts,13420AABA00S,GEAR ASSEMBLY BALANCER DRIVEN,1,541.73,11864,9/26/2024,1,541.73,11885-03-PGRN-0924-594,9/26/2024
11885 - AMAN AUTOMOTIVES,11885,GHAZIABAD,11885-03-PLPO-0924-495,9/26/2024,SO Generated,STD,HHML Parts,3340BABW001S,WINKER ASSY R FR,1,123.55,11864,0-00-00,,,,0-00-00
11885 - AMAN AUTOMOTIVES,11885,GHAZIABAD,11885-03-PLPO-0924-495,9/26/2024,SO Generated,STD,HHML Parts,33650ABZ001S,WINKER ASSY L RR,1,279.66,11864,9/26/2024,1,279.66,11885-03-PGRN-0924-594,9/26/2024
11885 - AMAN AUTOMOTIVES,11885,GHAZIABAD,11885-03-PLPO-0924-495,9/26/2024,SO Generated,STD,HHML Parts,50600ABZ010S,HOLDER RIGHT STEP (DISK),1,320.11,11864,9/26/2024,1,320.11,11885-03-PGRN-0924-594,9/26/2024
11885 - AMAN AUTOMOTIVES,11885,GHAZIABAD,11885-03-PLPO-0924-495,9/26/2024,SO Generated,STD,HHML Parts,961406302010S,BEARING BALL RADIAL 6302(U),2,240.42,11864,9/26/2024,2,240.42,11885-03-PGRN-0924-594,9/26/2024
11885 - AMAN AUTOMOTIVES,11885,GHAZIABAD,11885-03-PLPO-0924-496,9/27/2024,SO Generated,VOR,HDX Parts,HDH16700RAA000S,UNIT ASSEMBLY FUEL PUMP,1,4760.66,30008,9/29/2024,1,4367.73,,0-00-00
11885 - AMAN AUTOMOTIVES,11885,GHAZIABAD,11885-03-PLPO-0924-496,9/27/2024,SO Generated,VOR,HDX Parts,HDHRAAAE1F000000GS,GEAR OIL PUMP DRIVEN,1,673.06,30008,9/29/2024,1,617.51,,0-00-00
11885 - AMAN AUTOMOTIVES,11885,GHAZIABAD,11885-03-PLPO-0924-496,9/27/2024,SO Generated,VOR,HDX Parts,KHDH28110ACJA000S,KIT Gear Starter Driven & OUTER COMPLETE,1,4309.22,30008,10-04-2024,1,3953.55,,0-00-00
11885 - AMAN AUTOMOTIVES,11885,GHAZIABAD,11885-03-PLPO-0924-497,9/27/2024,SO Generated,STD,HHML Parts,11393KWK900S,GASKET R COVER,3,200.34,30008,9/28/2024,3,182.19,11885-03-PGRN-1024-633,10-05-2024
11885 - AMAN AUTOMOTIVES,11885,GHAZIABAD,11885-03-PLPO-0924-497,9/27/2024,SO Generated,STD,HHML Parts,11395AAH000S,GASKET L CRANK CASE COVER,5,292.2,30008,9/28/2024,5,265.7,11885-03-PGRN-1024-633,10-05-2024
11885 - AMAN AUTOMOTIVES,11885,GHAZIABAD,11885-03-PLPO-0924-497,9/27/2024,SO Generated,STD,HHML Parts,12101ACK000S,CYLINDER,5,5745.6,30008,9/28/2024,5,5183.7,11885-03-PGRN-1024-633,10-05-2024
11885 - AMAN AUTOMOTIVES,11885,GHAZIABAD,11885-03-PLPO-0924-497,9/27/2024,SO Generated,STD,HHML Parts,14311ACK000S,SPROCKET TIMING,5,212.85,30008,9/28/2024,5,193.6,11885-03-PGRN-1024-633,10-05-2024
11885 - AMAN AUTOMOTIVES,11885,GHAZIABAD,11885-03-PLPO-0924-497,9/27/2024,SO Generated,STD,HHML Parts,14451KST940S,SHAFT ROCKER ARM,4,72.24,30008,9/28/2024,4,65.16,11885-03-PGRN-1024-633,10-05-2024
11885 - AMAN AUTOMOTIVES,11885,GHAZIABAD,11885-03-PLPO-0924-497,9/27/2024,SO Generated,STD,HHML Parts,22120AAF401S,CENTER CLUTCH,3,763.86,30008,9/28/2024,3,694.59,11885-03-PGRN-1024-633,10-05-2024
11885 - AMAN AUTOMOTIVES,11885,GHAZIABAD,11885-03-PLPO-0924-497,9/27/2024,SO Generated,STD,HHML Parts,22121AANB00S,CENTER CLUTCH,3,911.1,30008,9/28/2024,3,822,11885-03-PGRN-1024-633,10-05-2024
11885 - AMAN AUTOMOTIVES,11885,GHAZIABAD,11885-03-PLPO-0924-497,9/27/2024,SO Generated,STD,HHML Parts,22121AANB01S,CENTER CLUTCH,3,751.32,30008,9/28/2024,3,683.22,11885-03-PGRN-1024-633,10-05-2024
11885 - AMAN AUTOMOTIVES,11885,GHAZIABAD,11885-03-PLPO-0924-497,9/27/2024,SO Generated,STD,HHML Parts,22121ACL000S,CENTER CLUTCH,2,590.98,30008,9/28/2024,2,533.18,11885-03-PGRN-1024-633,10-05-2024
11885 - AMAN AUTOMOTIVES,11885,GHAZIABAD,11885-03-PLPO-0924-497,9/27/2024,SO Generated,STD,HHML Parts,22321ACA000S,PLATE CLUTCH,15,1064.4,30008,0-00-00,,,,0-00-00
11885 - AMAN AUTOMOTIVES,11885,GHAZIABAD,11885-03-PLPO-0924-497,9/27/2024,SO Generated,STD,HHML Parts,22350AAF400S,PLATE CLUTCH PRESSURE,5,697.7,30008,9/28/2024,5,629.45,11885-03-PGRN-1024-633,10-05-2024
11885 - AMAN AUTOMOTIVES,11885,GHAZIABAD,11885-03-PLPO-0924-497,9/27/2024,SO Generated,STD,HHML Parts,22350ACL000S,PLATE CLUTCH PRESSURE,2,410.4,30008,9/28/2024,2,370.26,11885-03-PGRN-1024-633,10-05-2024
11885 - AMAN AUTOMOTIVES,11885,GHAZIABAD,11885-03-PLPO-0924-497,9/27/2024,SO Generated,STD,HHML Parts,23121KST901S,GEAR PRIMARY DRIVE 18T,5,1190.15,30008,9/28/2024,5,1073.75,11885-03-PGRN-1024-633,10-05-2024
11885 - AMAN AUTOMOTIVES,11885,GHAZIABAD,11885-03-PLPO-0924-497,9/27/2024,SO Generated,STD,HHML Parts,23216GF6000S,COTTER MAINSHAFT,30,400.8,30008,0-00-00,,,,0-00-00
11885 - AMAN AUTOMOTIVES,11885,GHAZIABAD,11885-03-PLPO-0924-497,9/27/2024,SO Generated,STD,HHML Parts,23451AABA00S,GEAR M-3(23 T),1,316.01,30008,0-00-00,,,,0-00-00
11885 - AMAN AUTOMOTIVES,11885,GHAZIABAD,11885-03-PLPO-0924-497,9/27/2024,SO Generated,STD,HHML Parts,23461AABA00S,GEAR C-3 (30T),1,439.13,30008,0-00-00,,,,0-00-00
11885 - AMAN AUTOMOTIVES,11885,GHAZIABAD,11885-03-PLPO-0924-497,9/27/2024,SO Generated,STD,HHML Parts,23471AABA00S,GEAR M-4 (20T),1,340.63,30008,9/28/2024,1,307.32,11885-03-PGRN-1024-633,10-05-2024
11885 - AMAN AUTOMOTIVES,11885,GHAZIABAD,11885-03-PLPO-0924-497,9/27/2024,SO Generated,STD,HHML Parts,23471GN5910S,GEAR MAINSHAFT 4TH(24T),3,1034.22,30008,9/28/2024,3,933.06,11885-03-PGRN-1024-633,10-05-2024
11885 - AMAN AUTOMOTIVES,11885,GHAZIABAD,11885-03-PLPO-0924-497,9/27/2024,SO Generated,STD,HHML Parts,23481AABA00S,GEAR C-4 (22T),1,262.66,30008,9/28/2024,1,236.97,11885-03-PGRN-1024-633,10-05-2024
11885 - AMAN AUTOMOTIVES,11885,GHAZIABAD,11885-03-PLPO-0924-497,9/27/2024,SO Generated,STD,HHML Parts,33300AAEB0099S,POSITION LIGHT FRONT,1,755.14,30008,9/28/2024,1,681.29,11885-03-PGRN-1024-633,10-05-2024
11885 - AMAN AUTOMOTIVES,11885,GHAZIABAD,11885-03-PLPO-0924-497,9/27/2024,SO Generated,STD,HHML Parts,3340BABW001S,WINKER ASSY R FR,3,370.65,30008,9/28/2024,3,337.05,11885-03-PGRN-1024-633,10-05-2024
11885 - AMAN AUTOMOTIVES,11885,GHAZIABAD,11885-03-PLPO-0924-497,9/27/2024,SO Generated,STD,HHML Parts,3345BABW001S,WINKER ASSY L FR,1,123.55,30008,9/28/2024,1,112.35,11885-03-PGRN-1024-633,10-05-2024
11885 - AMAN AUTOMOTIVES,11885,GHAZIABAD,11885-03-PLPO-0924-497,9/27/2024,SO Generated,STD,HHML Parts,33492AAF401S,LOCATING CAP,20,262.6,30008,9/28/2024,20,237,11885-03-PGRN-1024-633,10-05-2024
11885 - AMAN AUTOMOTIVES,11885,GHAZIABAD,11885-03-PLPO-0924-497,9/27/2024,SO Generated,STD,HHML Parts,3360BABW001S,WINKER ASSY R RR,2,237.08,30008,9/28/2024,2,215.6,11885-03-PGRN-1024-633,10-05-2024
11885 - AMAN AUTOMOTIVES,11885,GHAZIABAD,11885-03-PLPO-0924-497,9/27/2024,SO Generated,STD,HHML Parts,3370BAAC80099S,UNIT TAIL LIGHT,1,485.02,30008,9/28/2024,1,441.05,11885-03-PGRN-1024-633,10-05-2024
11885 - AMAN AUTOMOTIVES,11885,GHAZIABAD,11885-03-PLPO-0924-497,9/27/2024,SO Generated,STD,HHML Parts,3370BAAGA0099S,UNIT TAIL LIGHT,1,425.75,30008,9/28/2024,1,387.15,11885-03-PGRN-1024-633,10-05-2024
11885 - AMAN AUTOMOTIVES,11885,GHAZIABAD,11885-03-PLPO-0924-497,9/27/2024,SO Generated,STD,HHML Parts,35010AAL501S,"KIT, LOCKS & KEYS",2,799.74,30008,9/28/2024,2,727.24,11885-03-PGRN-1024-633,10-05-2024
11885 - AMAN AUTOMOTIVES,11885,GHAZIABAD,11885-03-PLPO-0924-497,9/27/2024,SO Generated,STD,HHML Parts,35160AAW001S,SWITCH UNIT START,5,250.45,30008,0-00-00,,,,0-00-00
11885 - AMAN AUTOMOTIVES,11885,GHAZIABAD,11885-03-PLPO-0924-497,9/27/2024,SO Generated,STD,HHML Parts,35200AAE11099S,SWITCH ASSEMBLY WINKER,5,1627.85,30008,9/28/2024,5,1480.3,11885-03-PGRN-1024-633,10-05-2024
11885 - AMAN AUTOMOTIVES,11885,GHAZIABAD,11885-03-PLPO-0924-497,9/27/2024,SO Generated,STD,HHML Parts,35330ACA001S,SWITCH COMPLETE FRONT LEVER,3,576,30008,0-00-00,,,,0-00-00
11885 - AMAN AUTOMOTIVES,11885,GHAZIABAD,11885-03-PLPO-0924-497,9/27/2024,SO Generated,STD,HHML Parts,35759AAC80099S,CONTACT ASSEMBLY CHANGE SWITCH,2,116.88,30008,9/28/2024,2,106.28,11885-03-PGRN-1024-633,10-05-2024
11885 - AMAN AUTOMOTIVES,11885,GHAZIABAD,11885-03-PLPO-0924-497,9/27/2024,SO Generated,STD,HHML Parts,35759AANB0099S,CONTACT ASSEMBLY CHANGE SWITCH,2,83.48,30008,9/28/2024,2,75.92,11885-03-PGRN-1024-633,10-05-2024
11885 - AMAN AUTOMOTIVES,11885,GHAZIABAD,11885-03-PLPO-0924-497,9/27/2024,SO Generated,STD,HHML Parts,38301AAE20099S,RELAY COMP WINKER,5,459.15,30008,0-00-00,,,,0-00-00
11885 - AMAN AUTOMOTIVES,11885,GHAZIABAD,11885-03-PLPO-0924-497,9/27/2024,SO Generated,STD,HHML Parts,52110ACK200S,SWING ARM COMP. REAR,2,1707.28,30008,9/28/2024,2,1540.3,11885-03-PGRN-1024-633,10-05-2024
11885 - AMAN AUTOMOTIVES,11885,GHAZIABAD,11885-03-PLPO-0924-497,9/27/2024,SO Generated,STD,HHML Parts,53175AAWD00S,LEVER R STRG HANDLE,5,418.6,30008,0-00-00,,,,0-00-00
11885 - AMAN AUTOMOTIVES,11885,GHAZIABAD,11885-03-PLPO-0924-497,9/27/2024,SO Generated,STD,HHML Parts,53178AAWD00S,LEVER L HANDLE,5,533.5,30008,0-00-00,,,,0-00-00
11885 - AMAN AUTOMOTIVES,11885,GHAZIABAD,11885-03-PLPO-0924-497,9/27/2024,SO Generated,STD,HHML Parts,53178AAWD10S,LEVER L HANDLE,5,533.5,30008,0-00-00,,,,0-00-00
11885 - AMAN AUTOMOTIVES,11885,GHAZIABAD,11885-03-PLPO-0924-497,9/27/2024,SO Generated,STD,HHML Parts,53179KTC900S,COVER L HANDLE LEVER,10,197,30008,9/28/2024,10,177.7,11885-03-PGRN-1024-633,10-05-2024
11885 - AMAN AUTOMOTIVES,11885,GHAZIABAD,11885-03-PLPO-0924-497,9/27/2024,SO Generated,STD,HHML Parts,53200AAE200S,STEM COMP STRG,2,1551.32,30008,9/28/2024,2,1399.6,11885-03-PGRN-1024-633,10-05-2024
11885 - AMAN AUTOMOTIVES,11885,GHAZIABAD,11885-03-PLPO-0924-497,9/27/2024,SO Generated,STD,HHML Parts,53200AAE300S,STEM COMP STRG,5,3775.7,30008,9/28/2024,5,3406.45,11885-03-PGRN-1024-633,10-05-2024
11885 - AMAN AUTOMOTIVES,11885,GHAZIABAD,11885-03-PLPO-0924-497,9/27/2024,SO Generated,STD,HHML Parts,53230ACK000S,BRIDGE COMP. FORK TOP,2,438.3,30008,0-00-00,,,,0-00-00
11885 - AMAN AUTOMOTIVES,11885,GHAZIABAD,11885-03-PLPO-0924-497,9/27/2024,SO Generated,STD,HHML Parts,53230KCC900S,BRIDGE COMP.FORK TOP,3,622.98,30008,0-00-00,,,,0-00-00
11885 - AMAN AUTOMOTIVES,11885,GHAZIABAD,11885-03-PLPO-0924-497,9/27/2024,SO Generated,STD,HHML Parts,61100KCC940ZAS,FENDER COMPLETE. FRONT (R-4C),2,1534.9,30008,9/28/2024,2,1384.8,11885-03-PGRN-1024-633,10-05-2024
11885 - AMAN AUTOMOTIVES,11885,GHAZIABAD,11885-03-PLPO-0924-497,9/27/2024,SO Generated,STD,HHML Parts,61100KST940ZAS,FENDER COMPLETE.FRONT NH-1,2,1411.78,30008,9/28/2024,2,1273.72,11885-03-PGRN-1024-633,10-05-2024
11885 - AMAN AUTOMOTIVES,11885,GHAZIABAD,11885-03-PLPO-0924-497,9/27/2024,SO Generated,STD,HHML Parts,61301AAC220RS,VISOR FR NH 1 BLK,1,570.46,30008,9/28/2024,1,514.67,11885-03-PGRN-1024-633,10-05-2024
11885 - AMAN AUTOMOTIVES,11885,GHAZIABAD,11885-03-PLPO-0924-497,9/27/2024,SO Generated,STD,HHML Parts,61301KWA830RS,FRONT VISOR (BLK),2,1099.88,30008,0-00-00,,,,0-00-00
11885 - AMAN AUTOMOTIVES,11885,GHAZIABAD,11885-03-PLPO-0924-497,9/27/2024,SO Generated,STD,HHML Parts,61312AAE330S,STAY METER MOUNTING,10,919.3,30008,0-00-00,,,,0-00-00
11885 - AMAN AUTOMOTIVES,11885,GHAZIABAD,11885-03-PLPO-0924-497,9/27/2024,SO Generated,STD,HHML Parts,61312AAEB00S,STAY METER MOUNTING,3,285.63,30008,0-00-00,,,,0-00-00
11885 - AMAN AUTOMOTIVES,11885,GHAZIABAD,11885-03-PLPO-0924-497,9/27/2024,SO Generated,STD,HHML Parts,61312ACK000S,STAY METER MTG,3,184.68,30008,9/28/2024,3,166.62,11885-03-PGRN-1024-633,10-05-2024
11885 - AMAN AUTOMOTIVES,11885,GHAZIABAD,11885-03-PLPO-0924-497,9/27/2024,SO Generated,STD,HHML Parts,61313KCC900S,STAY RIGHT HEADLIGHT,10,369.4,30008,9/28/2024,10,333.2,11885-03-PGRN-1024-633,10-05-2024
11885 - AMAN AUTOMOTIVES,11885,GHAZIABAD,11885-03-PLPO-0924-497,9/27/2024,SO Generated,STD,HHML Parts,61314AAE710S,STAY LEFT HEADLIGHT,10,697.7,30008,0-00-00,,,,0-00-00
11885 - AMAN AUTOMOTIVES,11885,GHAZIABAD,11885-03-PLPO-0924-497,9/27/2024,SO Generated,STD,HHML Parts,83410AAEB00SS,FRONT VISOR BLACK NH-1 (TYPE-1),7,6119.12,30008,9/28/2024,7,5520.69,11885-03-PGRN-1024-633,10-05-2024
11885 - AMAN AUTOMOTIVES,11885,GHAZIABAD,11885-03-PLPO-0924-497,9/27/2024,SO Generated,STD,HHML Parts,86838AAE300RS,MARK HERO FR VISOR BLACK NH 1 TYPE 1,10,509.2,30008,0-00-00,,,,0-00-00
11885 - AMAN AUTOMOTIVES,11885,GHAZIABAD,11885-03-PLPO-0924-497,9/27/2024,SO Generated,STD,HHML Parts,90505425000S,WASHER,20,167,30008,9/28/2024,20,151.8,11885-03-PGRN-1024-633,10-05-2024
11885 - AMAN AUTOMOTIVES,11885,GHAZIABAD,11885-03-PLPO-0924-497,9/27/2024,SO Generated,STD,HHML Parts,91001AAF400S,BRG. BALL RADIAL 56X22,10,1594.5,30008,0-00-00,,,,0-00-00
11885 - AMAN AUTOMOTIVES,11885,GHAZIABAD,11885-03-PLPO-0924-497,9/27/2024,SO Generated,STD,HHML Parts,9281110000S,BOLT'A'BRAKE STOPER,30,275.4,30008,0-00-00,,,,0-00-00
11885 - AMAN AUTOMOTIVES,11885,GHAZIABAD,11885-03-PLPO-0924-497,9/27/2024,SO Generated,STD,HHML Parts,961006001000S,BRG.BALL RADIAL6001,5,384,30008,9/28/2024,5,349.2,11885-03-PGRN-1024-633,10-05-2024
11885 - AMAN AUTOMOTIVES,11885,GHAZIABAD,11885-03-PLPO-0924-498,9/28/2024,SO Generated,STD,HHML Parts,17920KTP305S,CABLE THROT,1,238.03,11315,9/28/2024,1,238.03,11885-03-PGRN-0924-608,9/28/2024
11885 - AMAN AUTOMOTIVES,11885,GHAZIABAD,11885-03-PLPO-0924-498,9/28/2024,SO Generated,STD,HHML Parts,35330413003S,SWITCH COMPLETE FRONT LEVER,10,258.8,11315,0-00-00,,,,0-00-00
11885 - AMAN AUTOMOTIVES,11885,GHAZIABAD,11885-03-PLPO-0924-498,9/28/2024,SO Generated,STD,HHML Parts,37213ABS301S,GLASS ASSY,1,125.22,11315,0-00-00,,,,0-00-00
11885 - AMAN AUTOMOTIVES,11885,GHAZIABAD,11885-03-PLPO-0924-498,9/28/2024,SO Generated,STD,HHML Parts,38301AAE20099S,RELAY COMP WINKER,5,459.15,11315,0-00-00,,,,0-00-00
11885 - AMAN AUTOMOTIVES,11885,GHAZIABAD,11885-03-PLPO-0924-498,9/28/2024,SO Generated,STD,HHML Parts,53200AAE200S,STEM COMP STRG,1,775.66,11315,9/28/2024,1,775.66,11885-03-PGRN-0924-608,9/28/2024
11885 - AMAN AUTOMOTIVES,11885,GHAZIABAD,11885-03-PLPO-0924-498,9/28/2024,SO Generated,STD,HHML Parts,83410AAEB00SS,FRONT VISOR BLACK NH-1 (TYPE-1),1,874.16,11315,9/28/2024,1,874.16,11885-03-PGRN-0924-608,9/28/2024
11885 - AMAN AUTOMOTIVES,11885,GHAZIABAD,11885-03-PLPO-0924-498,9/28/2024,SO Generated,STD,HHML Parts,83600AAE100SS,L SIDE COVER,1,687.83,11315,9/28/2024,1,687.83,11885-03-PGRN-0924-608,9/28/2024
11885 - AMAN AUTOMOTIVES,11885,GHAZIABAD,11885-03-PLPO-0924-498,9/28/2024,SO Generated,STD,HHML Parts,9281110000S,BOLT'A'BRAKE STOPER,10,91.8,11315,9/28/2024,10,91.8,11885-03-PGRN-0924-608,9/28/2024
11885 - AMAN AUTOMOTIVES,11885,GHAZIABAD,11885-03-PLPO-0924-499,9/28/2024,SO Generated,VOR,HHML Parts,17910ABSB0099S,CABLE COMPLETE THROTTLE,1,168.26,30008,0-00-00,,,,0-00-00
11885 - AMAN AUTOMOTIVES,11885,GHAZIABAD,11885-03-PLPO-0924-499,9/28/2024,SO Generated,VOR,HHML Parts,33720ACD001S,LIGHT ASSY LICENSE,1,217.05,30008,9/29/2024,1,197.37,11885-03-PGRN-1024-629,10-05-2024
11885 - AMAN AUTOMOTIVES,11885,GHAZIABAD,11885-03-PLPO-0924-499,9/28/2024,SO Generated,VOR,HHML Parts,37100ACA001S,METER ASSEMBLY COMBINATION,1,7797.63,30008,9/29/2024,1,7035.05,11885-03-PGRN-1024-629,10-05-2024
11885 - AMAN AUTOMOTIVES,11885,GHAZIABAD,11885-03-PLPO-0924-499,9/28/2024,SO Generated,VOR,HHML Parts,38520ACA000S,SENSOR FRONT WHEEL SPEED,1,459.14,30008,10-04-2024,1,417.52,,0-00-00
11885 - AMAN AUTOMOTIVES,11885,GHAZIABAD,11885-03-PLPO-0924-499,9/28/2024,SO Generated,VOR,HHML Parts,50186ACA000S,STAY REAR FENDER,1,246.24,30008,10-04-2024,1,222.16,,0-00-00
11885 - AMAN AUTOMOTIVES,11885,GHAZIABAD,11885-03-PLPO-0924-499,9/28/2024,SO Generated,VOR,HHML Parts,6433AABS200TS,COVER L FLOOE SIDE SA N RED RD 021M,1,664.85,30008,9/29/2024,1,599.83,11885-03-PGRN-1024-629,10-05-2024
11885 - AMAN AUTOMOTIVES,11885,GHAZIABAD,11885-03-PLPO-0924-499,9/28/2024,SO Generated,VOR,HHML Parts,80120ACA000S,REAR FENDER C,1,110.81,30008,10-04-2024,1,99.97,,0-00-00
11885 - AMAN AUTOMOTIVES,11885,GHAZIABAD,11885-03-PLPO-0924-500,9/29/2024,SO Generated,STD,HHML Parts,53200AAE200S,STEM COMP STRG,1,775.66,11842,9/29/2024,1,775.66,11885-03-PGRN-0924-624,9/29/2024
11885 - AMAN AUTOMOTIVES,11885,GHAZIABAD,11885-03-PLPO-0924-501,9/29/2024,SO Generated,VOR,HHML Parts,35010AAFH00S,"KIT, LOCKS & KEYS",1,784.72,30008,9/30/2024,1,713.58,11885-03-PGRN-1024-635,10-05-2024
11885 - AMAN AUTOMOTIVES,11885,GHAZIABAD,11885-03-PLPO-0924-501,9/29/2024,SO Generated,VOR,HHML Parts,50648ABW900S,FOOT PEG RUBBER LH ASSY,1,55.1,30008,0-00-00,,,,0-00-00
11885 - AMAN AUTOMOTIVES,11885,GHAZIABAD,11885-03-PLPO-0924-501,9/29/2024,SO Generated,VOR,HHML Parts,5064AABW100S,FOOTPEG ASSY L,1,83.72,30008,9/30/2024,1,75.53,11885-03-PGRN-1024-635,10-05-2024
11885 - AMAN AUTOMOTIVES,11885,GHAZIABAD,11885-03-PLPO-0924-502,9/29/2024,SO Generated,VOR,HHML Parts,32100ACK410S,HARNESS WIRE,1,2087.01,30008,9/30/2024,1,1897.81,11885-03-PGRN-1024-625,10-04-2024
11885 - AMAN AUTOMOTIVES,11885,GHAZIABAD,11885-03-PLPO-0924-503,9/30/2024,SO Generated,VOR,HHML Parts,12100ABZ000S,CYLINDER COMP,1,2236.69,30008,10-03-2024,1,2017.95,,0-00-00
11885 - AMAN AUTOMOTIVES,11885,GHAZIABAD,11885-03-PLPO-0924-503,9/30/2024,SO Generated,VOR,HHML Parts,32100ACKB10S,WIRE HARNESS,1,2095.36,30008,10-03-2024,1,1905.4,,0-00-00
11885 - AMAN AUTOMOTIVES,11885,GHAZIABAD,11885-03-PLPO-0924-503,9/30/2024,SO Generated,VOR,HHML Parts,83510AAE100S,UTILITY BOX COMP,1,102.6,30008,10-03-2024,1,92.57,,0-00-00
11885 - AMAN AUTOMOTIVES,11885,GHAZIABAD,11885-03-PLPO-0924-503,9/30/2024,SO Generated,VOR,HHML Parts,83510AAE300S,UTILITY BOX COMP,1,91.93,30008,10-03-2024,1,82.94,,0-00-00
11885 - AMAN AUTOMOTIVES,11885,GHAZIABAD,11885-03-PLPO-0924-503,9/30/2024,SO Generated,VOR,HHML Parts,83700AAE110S,R UTILITY BOX COVER,1,59.1,30008,10-03-2024,1,53.32,,0-00-00
11885 - AMAN AUTOMOTIVES,11885,GHAZIABAD,11885-03-PLPO-0924-503,9/30/2024,SO Generated,VOR,HHML Parts,83800AAE110S,L UTILITY BOX COVER,1,33.65,30008,10-03-2024,1,30.36,,0-00-00
11885 - AMAN AUTOMOTIVES,11885,GHAZIABAD,11885-03-PLPO-0924-504,9/30/2024,SO Generated,STD,HHML Parts,06455ABG010S,"KIT, PAD FR",2,541.74,30008,9/30/2024,2,488.76,,0-00-00
11885 - AMAN AUTOMOTIVES,11885,GHAZIABAD,11885-03-PLPO-0924-504,9/30/2024,SO Generated,STD,HHML Parts,11191AAH00099S,GASKET CRANK CASE,5,271.3,30008,9/30/2024,5,246.7,,0-00-00
11885 - AMAN AUTOMOTIVES,11885,GHAZIABAD,11885-03-PLPO-0924-504,9/30/2024,SO Generated,STD,HHML Parts,11393KWK900S,GASKET R COVER,5,333.9,30008,9/30/2024,5,303.65,,0-00-00
11885 - AMAN AUTOMOTIVES,11885,GHAZIABAD,11885-03-PLPO-0924-504,9/30/2024,SO Generated,STD,HHML Parts,11395ABZ000S,GASKET L COVER,5,166.95,30008,9/30/2024,5,151.8,,0-00-00
11885 - AMAN AUTOMOTIVES,11885,GHAZIABAD,11885-03-PLPO-0924-504,9/30/2024,SO Generated,STD,HHML Parts,14401AAF40099S,CHAIN CAM,2,200.36,30008,9/30/2024,2,182.18,,0-00-00
11885 - AMAN AUTOMOTIVES,11885,GHAZIABAD,11885-03-PLPO-0924-504,9/30/2024,SO Generated,STD,HHML Parts,14520KPL840S,LIFTER ASSY.TENSIONER,3,913.56,30008,9/30/2024,3,824.22,,0-00-00
11885 - AMAN AUTOMOTIVES,11885,GHAZIABAD,11885-03-PLPO-0924-504,9/30/2024,SO Generated,STD,HHML Parts,15410AAF40099S,ELEMENT OIL FILTER,20,1302.2,30008,9/30/2024,20,1184.2,,0-00-00
11885 - AMAN AUTOMOTIVES,11885,GHAZIABAD,11885-03-PLPO-0924-504,9/30/2024,SO Generated,STD,HHML Parts,16424AAF400S,INJECTOR CAP,3,162.51,30008,9/30/2024,3,146.64,,0-00-00
11885 - AMAN AUTOMOTIVES,11885,GHAZIABAD,11885-03-PLPO-0924-504,9/30/2024,SO Generated,STD,HHML Parts,16450AAL901S,INJECTOR ASSY FUEL,3,3065.7,30008,9/30/2024,3,2765.88,,0-00-00
11885 - AMAN AUTOMOTIVES,11885,GHAZIABAD,11885-03-PLPO-0924-504,9/30/2024,SO Generated,STD,HHML Parts,17920KTP305S,CABLE THROT,2,476.06,30008,9/30/2024,2,429.5,,0-00-00
11885 - AMAN AUTOMOTIVES,11885,GHAZIABAD,11885-03-PLPO-0924-504,9/30/2024,SO Generated,STD,HHML Parts,21395AAW000S,GASKET MISSION CASE,5,208.7,30008,9/30/2024,5,189.8,,0-00-00
11885 - AMAN AUTOMOTIVES,11885,GHAZIABAD,11885-03-PLPO-0924-504,9/30/2024,SO Generated,STD,HHML Parts,22355KRM840S,PLATE CLUTCH PRESSURE,3,898.77,30008,9/30/2024,3,810.87,,0-00-00
11885 - AMAN AUTOMOTIVES,11885,GHAZIABAD,11885-03-PLPO-0924-504,9/30/2024,SO Generated,STD,HHML Parts,22870AAN410S,CABLE CLUTCH,5,484.25,30008,9/30/2024,5,436.9,,0-00-00
11885 - AMAN AUTOMOTIVES,11885,GHAZIABAD,11885-03-PLPO-0924-504,9/30/2024,SO Generated,STD,HHML Parts,22870ABZ000S,CABLE COMP CLUTCH,5,525.3,30008,9/30/2024,5,473.95,,0-00-00
11885 - AMAN AUTOMOTIVES,11885,GHAZIABAD,11885-03-PLPO-0924-504,9/30/2024,SO Generated,STD,HHML Parts,33400KCC710S,WINKER ASSY R FR,20,3673.2,30008,9/30/2024,20,3340.2,,0-00-00
11885 - AMAN AUTOMOTIVES,11885,GHAZIABAD,11885-03-PLPO-0924-504,9/30/2024,SO Generated,STD,HHML Parts,33402KCC710S,LENS WINKER R FR,5,166.95,30008,9/30/2024,5,151.8,,0-00-00
11885 - AMAN AUTOMOTIVES,11885,GHAZIABAD,11885-03-PLPO-0924-504,9/30/2024,SO Generated,STD,HHML Parts,33450KCC710S,WINKER ASSY L FR,20,3673.2,30008,9/30/2024,20,3340.2,,0-00-00
11885 - AMAN AUTOMOTIVES,11885,GHAZIABAD,11885-03-PLPO-0924-504,9/30/2024,SO Generated,STD,HHML Parts,3360BAAC80099S,WINKER ASSY R RR,1,146.09,30008,9/30/2024,1,132.85,,0-00-00
11885 - AMAN AUTOMOTIVES,11885,GHAZIABAD,11885-03-PLPO-0924-504,9/30/2024,SO Generated,STD,HHML Parts,3365BAAC201S,WINKER AASY. L RR(W/O BULB),3,480.84,30008,9/30/2024,3,437.25,,0-00-00
11885 - AMAN AUTOMOTIVES,11885,GHAZIABAD,11885-03-PLPO-0924-504,9/30/2024,SO Generated,STD,HHML Parts,3370BAAC80099S,UNIT TAIL LIGHT,2,970.04,30008,9/30/2024,2,882.1,,0-00-00
11885 - AMAN AUTOMOTIVES,11885,GHAZIABAD,11885-03-PLPO-0924-504,9/30/2024,SO Generated,STD,HHML Parts,34906447710S,BULB TAIL & STOP LIGHT,50,1043.5,30008,9/30/2024,50,949,,0-00-00
11885 - AMAN AUTOMOTIVES,11885,GHAZIABAD,11885-03-PLPO-0924-504,9/30/2024,SO Generated,STD,HHML Parts,35130ABH502S,MAGNET HOLDER,5,316,30008,9/30/2024,5,285.1,,0-00-00
11885 - AMAN AUTOMOTIVES,11885,GHAZIABAD,11885-03-PLPO-0924-504,9/30/2024,SO Generated,STD,HHML Parts,35140AAEB01S,SIDE STAND SENSOR,3,763.86,30008,9/30/2024,3,694.59,,0-00-00
11885 - AMAN AUTOMOTIVES,11885,GHAZIABAD,11885-03-PLPO-0924-504,9/30/2024,SO Generated,STD,HHML Parts,35200AAE11099S,SWITCH ASSEMBLY WINKER,3,976.71,30008,9/30/2024,3,888.18,,0-00-00
11885 - AMAN AUTOMOTIVES,11885,GHAZIABAD,11885-03-PLPO-0924-504,9/30/2024,SO Generated,STD,HHML Parts,35330413003S,SWITCH COMPLETE FRONT LEVER,10,258.8,30008,9/30/2024,10,235.3,,0-00-00
11885 - AMAN AUTOMOTIVES,11885,GHAZIABAD,11885-03-PLPO-0924-504,9/30/2024,SO Generated,STD,HHML Parts,35750001000S,CONTACT ASSEMBLY NEUTRAL,2,83.48,30008,9/30/2024,2,75.92,,0-00-00
11885 - AMAN AUTOMOTIVES,11885,GHAZIABAD,11885-03-PLPO-0924-504,9/30/2024,SO Generated,STD,HHML Parts,37113ABZ011S,GLASS ASSY,1,123.55,30008,9/30/2024,1,112.35,,0-00-00
11885 - AMAN AUTOMOTIVES,11885,GHAZIABAD,11885-03-PLPO-0924-504,9/30/2024,SO Generated,STD,HHML Parts,37750ACK001S,SENSOR ASSY. T-OIL,3,535.95,30008,9/30/2024,3,487.35,,0-00-00
11885 - AMAN AUTOMOTIVES,11885,GHAZIABAD,11885-03-PLPO-0924-504,9/30/2024,SO Generated,STD,HHML Parts,38301AAE20099S,RELAY COMP WINKER,10,918.3,30008,0-00-00,,,,0-00-00
11885 - AMAN AUTOMOTIVES,11885,GHAZIABAD,11885-03-PLPO-0924-504,9/30/2024,SO Generated,STD,HHML Parts,40543198900S,ADJUSTER R.CHAIN,10,131.3,30008,9/30/2024,10,118.5,,0-00-00
11885 - AMAN AUTOMOTIVES,11885,GHAZIABAD,11885-03-PLPO-0924-504,9/30/2024,SO Generated,STD,HHML Parts,40544198900S,ADJUSTER CHAIN L.,10,131.3,30008,0-00-00,,,,0-00-00
11885 - AMAN AUTOMOTIVES,11885,GHAZIABAD,11885-03-PLPO-0924-504,9/30/2024,SO Generated,STD,HHML Parts,41241ABZ000S,DAMPER REAR WHEEL,20,534.2,30008,0-00-00,,,,0-00-00
11885 - AMAN AUTOMOTIVES,11885,GHAZIABAD,11885-03-PLPO-0924-504,9/30/2024,SO Generated,STD,HHML Parts,42303KCC600S,SLEEVE.REAR WHEEL,5,233.75,30008,9/30/2024,5,212.55,,0-00-00
11885 - AMAN AUTOMOTIVES,11885,GHAZIABAD,11885-03-PLPO-0924-504,9/30/2024,SO Generated,STD,HHML Parts,44811KPL900S,GEAR SPEEDOMETER,5,100.2,30008,9/30/2024,5,91.1,,0-00-00
11885 - AMAN AUTOMOTIVES,11885,GHAZIABAD,11885-03-PLPO-0924-504,9/30/2024,SO Generated,STD,HHML Parts,44830KTP900S,CABLE COMP.SPDMT.,2,197,30008,9/30/2024,2,177.72,,0-00-00
11885 - AMAN AUTOMOTIVES,11885,GHAZIABAD,11885-03-PLPO-0924-504,9/30/2024,SO Generated,STD,HHML Parts,45456AAL100S,SPRING BRK CABLE END,10,25,30008,9/30/2024,10,22.8,,0-00-00
11885 - AMAN AUTOMOTIVES,11885,GHAZIABAD,11885-03-PLPO-0924-504,9/30/2024,SO Generated,STD,HHML Parts,77235AAGA00RS,CENTER REAR COWL NH-1,2,351.3,30008,9/30/2024,2,316.94,,0-00-00
11885 - AMAN AUTOMOTIVES,11885,GHAZIABAD,11885-03-PLPO-0924-504,9/30/2024,SO Generated,STD,HHML Parts,77300AAE300RS,R SIDE COWL BLACK NH 1 TYPE 1,5,2052,30008,9/30/2024,5,1851.35,,0-00-00
11885 - AMAN AUTOMOTIVES,11885,GHAZIABAD,11885-03-PLPO-0924-504,9/30/2024,SO Generated,STD,HHML Parts,77400AAE300RS,L SIDE COWL BLACK NH 1 TYPE 1,5,2052,30008,9/30/2024,5,1851.35,,0-00-00
11885 - AMAN AUTOMOTIVES,11885,GHAZIABAD,11885-03-PLPO-0924-504,9/30/2024,SO Generated,STD,HHML Parts,83407KCC902S,CUSHION FR.VISOR,50,459,30008,0-00-00,,,,0-00-00
11885 - AMAN AUTOMOTIVES,11885,GHAZIABAD,11885-03-PLPO-0924-504,9/30/2024,SO Generated,STD,HHML Parts,83410AAEB00SS,FRONT VISOR BLACK NH-1 (TYPE-1),2,1748.32,30008,9/30/2024,2,1577.34,,0-00-00
11885 - AMAN AUTOMOTIVES,11885,GHAZIABAD,11885-03-PLPO-0924-504,9/30/2024,SO Generated,STD,HHML Parts,86838AAE300RS,MARK HERO FR VISOR BLACK NH 1 TYPE 1,20,1018.4,30008,0-00-00,,,,0-00-00
11885 - AMAN AUTOMOTIVES,11885,GHAZIABAD,11885-03-PLPO-0924-504,9/30/2024,SO Generated,STD,HHML Parts,90107KAN900S,BOLT BODY COVER,10,58.4,30008,9/30/2024,10,53.1,,0-00-00
11885 - AMAN AUTOMOTIVES,11885,GHAZIABAD,11885-03-PLPO-0924-504,9/30/2024,SO Generated,STD,HHML Parts,90381KWA940S,SCREW SPECIAL 6X13,10,83.5,30008,0-00-00,,,,0-00-00
11885 - AMAN AUTOMOTIVES,11885,GHAZIABAD,11885-03-PLPO-0924-504,9/30/2024,SO Generated,STD,HHML Parts,90543MV9670S,RUBBER MOUNT,20,334,30008,9/30/2024,20,303.6,,0-00-00
11885 - AMAN AUTOMOTIVES,11885,GHAZIABAD,11885-03-PLPO-0924-504,9/30/2024,SO Generated,STD,HHML Parts,91002AAF400S,BRG. BALL RADIAL 56X22,5,797.25,30008,9/30/2024,5,724.95,,0-00-00
11885 - AMAN AUTOMOTIVES,11885,GHAZIABAD,11885-03-PLPO-0924-504,9/30/2024,SO Generated,STD,HHML Parts,91255169000RS,OIL SEAL 30X42X11,10,818.1,30008,9/30/2024,10,743.9,,0-00-00
11885 - AMAN AUTOMOTIVES,11885,GHAZIABAD,11885-03-PLPO-0924-504,9/30/2024,SO Generated,STD,HHML Parts,91255KPL901S,OIL SEAL 27X42X7,5,87.65,30008,0-00-00,,,,0-00-00
11885 - AMAN AUTOMOTIVES,11885,GHAZIABAD,11885-03-PLPO-0924-504,9/30/2024,SO Generated,STD,HHML Parts,91303719000S,O-RING 9,40,200.4,30008,9/30/2024,40,182,,0-00-00
11885 - AMAN AUTOMOTIVES,11885,GHAZIABAD,11885-03-PLPO-0924-504,9/30/2024,SO Generated,STD,HHML Parts,9281110000S,BOLT'A'BRAKE STOPER,10,91.8,30008,0-00-00,,,,0-00-00
11885 - AMAN AUTOMOTIVES,11885,GHAZIABAD,11885-03-PLPO-0924-504,9/30/2024,SO Generated,STD,HHML Parts,9501472302S,SPRING C SIDE STAND,20,384,30008,0-00-00,,,,0-00-00
11885 - AMAN AUTOMOTIVES,11885,GHAZIABAD,11885-03-PLPO-0924-504,9/30/2024,SO Generated,STD,HHML Parts,961406301010S,BRG.BALL RADIAL6301,5,417.4,30008,9/30/2024,5,379.55,,0-00-00
11885 - AMAN AUTOMOTIVES,11885,GHAZIABAD,11885-03-PLPO-0924-504,9/30/2024,SO Generated,STD,HHML Parts,98210HMC000S,MINI FUSE 10A,10,41.7,30008,9/30/2024,10,38,,0-00-00
11885 - AMAN AUTOMOTIVES,11885,GHAZIABAD,11885-03-PLPO-0924-504,9/30/2024,SO Generated,STD,HHML Parts,98215HMC000S,MINI FUSE 15A,10,41.7,30008,9/30/2024,10,38,,0-00-00
11885 - AMAN AUTOMOTIVES,11885,GHAZIABAD,11885-03-PLPO-0924-504,9/30/2024,SO Generated,STD,HHML Parts,K22222KTNA900S,KIT DISC CLUTCH FRICTION,5,6073.95,30008,9/30/2024,5,5479.95,,0-00-00
11885 - AMAN AUTOMOTIVES,11885,GHAZIABAD,11885-03-PLPO-0924-504,9/30/2024,SO Generated,STD,HHML Parts,K50506KCCA900LS,KIT STEP,20,3841.4,30008,9/30/2024,20,3465.6,,0-00-00
11885 - AMAN AUTOMOTIVES,11885,GHAZIABAD,11885-03-PLPO-0924-504,9/30/2024,SO Generated,STD,HHML Parts,K50506KCCA900RS,KIT STEP,20,3841.4,30008,9/30/2024,20,3465.6,,0-00-00
11885 - AMAN AUTOMOTIVES,11885,GHAZIABAD,11885-03-PLPO-0924-504,9/30/2024,SO Generated,STD,HHML Parts,K55912KTCE900S,OIL SEAL KIT (SUPER SPLENDOR),5,175.3,30008,9/30/2024,5,159.4,,0-00-00
